section_id,section_title,section_order,content_id,content_order,layout_type,content_title,body,image_url
6b1aad1e-9090-4245-98c2-b7941ae8f57a,ประวัติสาขาวิชาวิทยาการคอมพิวเตอร์,1,3abea441-cac3-42aa-afab-d2d9f67f5e5b,1,text,ประวัติความเป็นมา,สาขาวิชาวิทยาการคอมพิวเตอร์ ได้ดำเนินการเปิดสอนมาตั้งแต่ปีการศึกษา2536 เป็นสาขาวิชาแรกของคณะวิทยาศาสตร์ที่เริ่มจัดตั้งมาพร้อมกับคณะวิทยาศาสตร์ โดยมีประวัติความเป็นมาดังนี้,
6b1aad1e-9090-4245-98c2-b7941ae8f57a,ประวัติสาขาวิชาวิทยาการคอมพิวเตอร์,1,8303e63b-dda5-495b-bfce-ee68a90a21b5,2,image,,,
6b1aad1e-9090-4245-98c2-b7941ae8f57a,ประวัติสาขาวิชาวิทยาการคอมพิวเตอร์,1,ccf4ca2f-9b26-4771-a7d0-4708d105eecf,3,text,ปีการศึกษา 2536,หมวดวิชาวิทยาศาสตร์และคณิตศาสตร์ ภาควิชาศึกษาทั่วไป คณะธุรกิจการเกษตร ได้แยกตัวออกมาเพื่อจัดตั้งเป็นคณะวิทยาศาสตร์ โดยมีภาควิชาวิทยาการคอมพิวเตอร์เป็นภาควิชาหนึ่งที่สังกัดในคณะวิทยาศาสตร์ ในระยะเริ่มแรกได้บริหารจัดการโดย หัวหน้าภาควิชาคนแรก (รองศาสตราจารย์จรัส กาใหญ่) ต่อมาได้ขยายจำนวนรับคณาจารย์มากขึ้นตามลำดับ โดยมีภาระงานสอนรายวิชาคอมพิวเตอร์เบื้องต้น ซึ่งเป็นรายวิชาพื้นฐานสำหรับนักศึกษาในหลายสาขาวิชา นอกจากนั้นยังเปิดสอนรายวิชาการเขียนโปรแกรมภาษาเบสิค และรายวิชาโปรแกรมสำเร็จรูปเพื่อเป็นวิชาเลือกให้กับนักศึกษาที่สนใจเรียนรายวิชาทางด้านคอมพิวเตอร์เป็นวิชาเลือกเสรีอีกด้วย ขณะนั้นใช้เครื่องไมโครคอมพิวเตอร์รุ่น 386 จำนวน 30 เครื่อง เป็นอุปกรณ์ที่ใช้ในการเรียนการสอน โดยสำนักงานของภาควิชาวิทยาการคอมพิวเตอร์ตั้งอยู่ที่อาคารเรียนรวมทางวิทยาศาสตร์ (หลังเก่า) 2 ชั้น,
6b1aad1e-9090-4245-98c2-b7941ae8f57a,ประวัติสาขาวิชาวิทยาการคอมพิวเตอร์,1,8a89688f-756f-4968-80f1-ac79b04cd7a5,4,text,ปีการศึกษา 2538,ภาควิชาวิทยาการคอมพิวเตอร์ได้เปิดสอนหลักสูตรสาขาวิชาวิทยาการคอมพิวเตอร์ขึ้น เป็นสาขาวิชาแรกในคณะวิทยาศาสตร์ โดยมีนักศึกษาเข้าศึกษาเป็นรุ่นแรกจำนวน 38 คน พร้อมกับได้รับงบประมาณจัดซื้อเครื่องไมโครคอมพิวเตอร์คอมพิวเตอร์รุ่น486 เพิ่มอีกจำนวน 30 เครื่อง ต่อจากนั้นในแต่ละปีการศึกษาก็รับนักศึกษาเข้าใหม่อีกปีละประมาณ 50 คน,
6b1aad1e-9090-4245-98c2-b7941ae8f57a,ประวัติสาขาวิชาวิทยาการคอมพิวเตอร์,1,84770ea9-92a7-41c0-8c52-97e2470fe525,5,text,ปีการศึกษา 2543,สาขาวิชาวิทยาการคอมพิวเตอร์ มีจำนวนนักศึกษาทั้ง 4 ชั้นปีประมาณ 200 คน และมีนักศึกษาที่สำเร็จการศึกษาจบตามหลักสูตร ออกไปรับใช้ประเทศชาติแล้วจำนวน 2 รุ่น ประมาณ 65 คน ขณะนั้นภาควิชาวิทยาการคอมพิวเตอร์ได้ย้ายสำนักงานมาอยู่ที่อาคารเรียนรวมทางวิทยาศาสตร์ (หลังใหม่) ชั้นที่ 6 โดยมีห้องปฏิบัติการคอมพิวเตอร์เบื้องต้นสำหรับนักศึกษาสาขาวิชาอื่น ๆ เพิ่มอีกจำนวน 2 ห้องปฏิบัติการ โดยติดตั้งระบบ LAN ที่ใช้เครื่องไมโครคอมพิวเตอร์ Pentium III 500 MHz ใช้ระบบปฏิบัติการ WINDOWS 98 จำนวน 50 เครื่อง ห้องปฏิบัติการคอมพิวเตอร์สำหรับนักศึกษาสาขาวิชาวิทยาการคอมพิวเตอร์ จำนวน 2 ห้อง โดยติดตั้งระบบ LAN ที่ใช้เครื่องไมโครคอมพิวเตอร์ Pentium III 500 MHz ระบบปฏิบัติการ WINDOWS NT จำนวน 100 เครื่อง ห้องปฏิบัติการคอมพิวเตอร์ระบบ UNIX สำหรับงานวิจัยของคณาจารย์และงานสำหรับทำโครงงาน คอมพิวเตอร์ของนักศึกษาสาขาวิชาวิทยาการคอมพิวเตอร์ชั้นปีที่ 4 ประกอบด้วยไมโครคอมพิวเตอร์ SUN จำนวน 5 เครื่อง เครื่องไมโครคอมพิวเตอร์ Silicon Graphic จำนวน 2 เครื่อง และเครื่องไมโครคอมพิวเตอร์ Pentium III 500 MHz จำนวน 3 เครื่อง,
6b1aad1e-9090-4245-98c2-b7941ae8f57a,ประวัติสาขาวิชาวิทยาการคอมพิวเตอร์,1,475375af-0396-435b-ac46-e96b611a130b,6,text,ปีการศึกษา 2545,ภาควิชาวิทยาการคอมพิวเตอร์ เริ่มเปิดการเรียนการสอนหลักสูตรสาขาวิชาที่ 2 คือ หลักสูตรสาขาวิชาเทคโนโลยีสารสนเทศ สังกัดภาควิชาวิทยาการคอมพิวเตอร์ มีนักศึกษาภาคปกติ จำนวนประมาณ 55 คนและภาคสมทบ จำนวนประมาณ 90 คน ปีการศึกษา 2547 ภาควิชาวิทยาการคอมพิวเตอร์ ได้เพิ่มจำนวนห้องเรียนปฏิบัติการคอมพิวเตอร์ จำนวน 1 ห้องเรียน และห้องบรรยายคอมพิวเตอร์จำนวน 1 ห้องเรียน สำหรับใช้ในการเรียนการสอนของสาขาวิชาเทคโนโลยีสารสนเทศ โดยตั้งอยู่ที่อาคารเรียนรวมทางวิทยาศาสตร์ (หลังเก่า) 2 ชั้น และจัดซื้อเครื่องไมโครคอมพิวเตอร์ Intel รุ่น Pentium 4 ความเร็วขนาด 3.0 GHz จำนวน 20 เครื่อง,
6b1aad1e-9090-4245-98c2-b7941ae8f57a,ประวัติสาขาวิชาวิทยาการคอมพิวเตอร์,1,9faa1f56-349c-4dba-8f99-af34cd7bf711,7,text,ปีการศึกษา 2549,ภาควิชาวิทยาการคอมพิวเตอร์ รับอาจารย์มาเพิ่มจำนวน 2 คน และมีอาจารย์ที่ได้รับทุนการศึกษากลับมาปฏิบัติงานจำนวน 2 คน เพื่อรองรับรายวิชาของสาขาวิชาวิทยาการคอมพิวเตอร์และสาขาวิชาเทคโนโลยีสารสนเทศที่มีจำนวนรายวิชาเพิ่มมากขึ้น,
6b1aad1e-9090-4245-98c2-b7941ae8f57a,ประวัติสาขาวิชาวิทยาการคอมพิวเตอร์,1,71681cb4-5f80-403e-b1b8-c636039c6fe8,8,text,ปีการศึกษา 2550,ภาควิชาวิทยาการคอมพิวเตอร์ มีจำนวนนักศึกษาทั้ง 2 สาขาวิชา รวมทั้งหมด (ภาคปกติและภาคสมทบ) ประมาณ 433 คน คณาจารย์ 18 คน (รวมทั้งนักเรียนทุนโท-เอกและอาจารย์ ลาศึกษาต่อ),
6b1aad1e-9090-4245-98c2-b7941ae8f57a,ประวัติสาขาวิชาวิทยาการคอมพิวเตอร์,1,39419920-1b8d-4283-a4b3-01f16c4eb42d,9,text,ปีการศึกษา 2551,ภาควิชาวิทยาการคอมพิวเตอร์ ยกเลิกภาควิชาเปลี่ยนแปลงเป็น สาขาวิชาวิทยาการคอมพิวเตอร์ แยกตัวออกจากสาขาวิชาเทคโนโลยีสารสนเทศ,
6b1aad1e-9090-4245-98c2-b7941ae8f57a,ประวัติสาขาวิชาวิทยาการคอมพิวเตอร์,1,73527063-6f46-4063-bc49-977533c02e90,10,text,ปีการศึกษา 2554,สาขาวิชาวิทยาการคอมพิวเตอร์ รับสมัครพนักงานมหาวิทยาลัยตำแหน่งอาจารย์วุฒิการศึกษาระดับปริญญาโท จำนวน 1 อัตรา,
6b1aad1e-9090-4245-98c2-b7941ae8f57a,ประวัติสาขาวิชาวิทยาการคอมพิวเตอร์,1,71dc1114-de64-4c00-b202-5ded1f12e7a0,11,text,ปีการศึกษา 2555,สาขาวิชาวิทยาการคอมพิวเตอร์ มีห้องปฏิบัติการคอมพิวเตอร์ใหม่เพิ่มอีก จำนวน 1 ห้อง คือ ห้องปฏิบัติการคอมพิวเตอร์ 3203 ชั้น 2 อาคารจุฬาภรณ์ โดยได้จัดซื้อเครื่องไมโครคอมพิวเตอร์ Intel รุ่น Core i7 จำนวน 46 เครื่อง และมีห้องสำหรับวิจัยทางคอมพิวเตอร์ คือ ห้อง 3204 ชั้น 2 อาคารจุฬาภรณ์ และได้มีการบรรจุพนักงานมหาวิทยาลัยตำแหน่งอาจารย์ระดับปริญญาเอก จำนวน 1 คน สาขาวิชาได้มีโลโก้ของสาขาวิชาฯ โดยเป็นผลงานการออกแบบของนักศึกษาและทางสาขาวิชาฯได้ปรับปรุงสีให้เหมาะสมโดยใช้สีฟ้าเข้มเป็นสัญลักษณ์ของสาขาวิชาฯ สาขาวิชาวิทยาการคอมพิวเตอร์ มีจำนวนนักศึกษาที่กำลังศึกษา รวมทั้งหมดประมาณ 472 คน คณาจารย์ 14 คน (รวมทั้งนักเรียนทุนโท-เอกและอาจารย์ลาศึกษาต่อ),
704c298a-ddde-4404-bc7c-90fb32c25f65,ปรัชญา,2,5c474bd4-3798-4d9c-8397-6f60a2130836,1,text,ปรัชญาสาขาวิชาวิทยาการคอมพิวเตอร์,ปรัชญาการศึกษาของมหาวิทยาลัยแม่โจ้ จัดการศึกษาเพื่อเสริมสร้างปัญญาในรูปแบบการเรียนรู้จากการปฏิบัติที่บูรณาการกับการทํางานตามอมตะโอวาท งานหนักไม่เคยฆ่าคน มุ่งให้ผู้เรียน มีทักษะการเรียนรู้ตลอดชีวิต สามารถพัฒนาทักษะเดิม สร้างเสริมทักษะใหม่ มีวิธีคิดของการเป็นผู้ประกอบการ มีการใช้เทคโนโลยีดิจิทัลและการสื่อสาร มีความตระหนักต่อสังคมวัฒนธรรมและสิ่งแวดล้อม ยึดมั่นในความสัมพันธ์ระหว่างมหาวิทยาลัยกับชุมชน,
704c298a-ddde-4404-bc7c-90fb32c25f65,ปรัชญา,2,78107549-fac1-4d4d-aa3d-1c75d8afa12f,2,text,,ตามจุดยืนของมหาวิทยาลัยแม่โจ้ ที่ว่า มหาวิทยาลัยแห่งชีวิต ปรัชญาหลักสูตรฯ จัดการศึกษาเพื่อการพัฒนาเทคโนโลยี และส่งเสริมการสร้างนวัตกรรม เรียนรู้จากการปฏิบัติที่บูรณาการกับการทำงาน มุ่งให้ผู้เรียนมีความสามารถด้านวิชาการและวิชาชีพทางด้านวิทยาการคอมพิวเตอร์ มีทักษะการเรียนรู้ตลอดชีวิต มีวิธีคิดของการเป็นผู้ประกอบการ มีความตระหนักต่อสังคม วัฒนธรรมและสิ่งแวดล้อม ตามจุดยืนของมหาวิทยาลัยแม่โจ้,
15fa33ed-8609-4a79-b144-eed39e57f7e7,ความสำคัญ,3,bc49ed18-dc19-48de-a522-7ee22035d8ac,1,text,ความสำคัญสาขาวิชาวิทยาการคอมพิวเตอร์,หลักสูตรวิทยาศาสตรบัณฑิต สาขาวิชาวิทยาการคอมพิวเตอร์ ได้พัฒนาขึ้นเพื่อยกระดับกำลังคนให้เพิ่มขีดความสามารถด้านวิชาการและวิชาชีพในกลุ่มอุตสาหกรรมดิจิทัล ตอบสนองการเรียนรู้ในศตวรรษที่ 21 และกระแสการเปลี่ยนแปลงทางด้านเทคโนโลยีสารสนเทศ,
15fa33ed-8609-4a79-b144-eed39e57f7e7,ความสำคัญ,3,ec5af56b-482f-4651-b37a-d82ff4c939e4,2,text,,ซึ่งเป็นไปตามทิศทางการพัฒนาทางด้านเศรษฐกิจและสังคม โดยสร้างความเชี่ยวชาญและทักษะที่หลากหลายได้แก่ การพัฒนาระบบอย่างเต็มรูปแบบ (Full Stack Developer) วิทยาศาสตร์ข้อมูล (Data Scientist) การพัฒนาด้านปัญญาประดิษฐ์ (Artificial Intelligence Engineer) และการบริหารจัดการดูแลระบบเครือข่ายคอมพิวเตอร์ (System Administrator) อีกทั้งยังสามารถบูรณาการองค์ความรู้โดยเฉพาะอย่างยิ่งทางการเกษตร และวิทยาศาสตร์ประยุกต์,
0cfc4d41-e3e6-4aaa-85ac-a317782a7a5a,วัตถุประสงค์,4,fe5e1a49-7dca-442f-b97b-080c82c19a78,1,text,วัตถุประสงค์สาขาวิชาวิทยาการคอมพิวเตอร์,1) ผลิตบัณฑิตที่มีความรู้ความสามารถในวิชาการและวิชาชีพด้านวิทยาการคอมพิวเตอร์ ที่ทันต่อกระแสการเปลี่ยนแปลงและสอดคล้องกับทิศทางการพัฒนาเศรษฐกิจและสังคม ซึ่งสามารถทำงานร่วมกับผู้อื่นได้ดี บนพื้นฐานของคุณธรรม จริยธรรมและจรรยาบรรณทางอาชีพ,
0cfc4d41-e3e6-4aaa-85ac-a317782a7a5a,วัตถุประสงค์,4,bdd5079d-669d-4b5d-ace4-bdf125e7dd0d,2,text,,2) ผลิตบัณฑิตที่มีความสามารถในการคิด วิเคราะห์ปัญหาและเลือกวิธีการแก้ไขปัญหาเชิงระบบ (Systematic Thinking) ได้อย่างเหมาะสม,
0cfc4d41-e3e6-4aaa-85ac-a317782a7a5a,วัตถุประสงค์,4,88a53e50-4320-4125-b1df-d50416060a0b,3,text,,3) ผลิตบัณฑิตที่สามารถสร้างสรรค์ผลงานทางด้านวิทยาการคอมพิวเตอร์ ที่บูรณาการองค์ความรู้ในสาขาวิชาต่างๆ โดยเฉพาะอย่างยิ่งทางการเกษตร และวิทยาศาสตร์ประยุกต์,
cbd9642a-dfe9-4415-a4f4-ce6251fc0a07,ผลการเรียนรู้ PLO,5,2eb264db-ce0e-448f-905f-6bbe481b3942,1,text,ผลการเรียนรู้ PLO หลักสูตรสาขาวิชาวิทยาการคอมพิวเตอร์,,
cbd9642a-dfe9-4415-a4f4-ce6251fc0a07,ผลการเรียนรู้ PLO,5,e8b66792-069b-4d6e-a111-aec87b0368af,2,text,ผลลัพธ์การเรียนรู้ที่เฉพาะเจาะจง (Specific Learning Outcomes: SLO),PLO 1 : อธิบายหลักการ ทฤษฎีทางวิทยาการคอมพิวเตอร์ ได้อย่างถูกต้อง ทันสมัย และเรียนรู้เข้าใจองค์ความรู้ใหม่ที่สอดคล้องกับการเปลี่ยนแปลง,
cbd9642a-dfe9-4415-a4f4-ce6251fc0a07,ผลการเรียนรู้ PLO,5,fec79546-500f-42dd-818a-bf36aad0bdb0,3,text,,PLO 2 : คิด วิเคราะห์ปัญหาและเลือกวิธีการแก้ไขปัญหาเชิงระบบ (Systematic Thinking) ได้อย่างเหมาะสม,
cbd9642a-dfe9-4415-a4f4-ce6251fc0a07,ผลการเรียนรู้ PLO,5,428f1bb7-ed1d-4f60-8fb2-db81468fff5e,4,text,,PLO 3 : สามารถพัฒนาซอฟต์แวร์หรือสร้างสรรค์ผลงานวิชาการทางด้านวิทยาการคอมพิวเตอร์ หรือประยุกต์องค์ความรู้ไปบูรณาการร่วมกับศาสตร์อื่นได้,
cbd9642a-dfe9-4415-a4f4-ce6251fc0a07,ผลการเรียนรู้ PLO,5,b7a4f45e-9298-49dd-b73c-05763dcc598c,5,text,,PLO 4 : มีทักษะทางสังคม ทักษะการสื่อสาร ทำงานร่วมกับผู้อื่นได้อย่างเหมาะสมบนพื้นฐานของคุณธรรม จริยธรรมและจรรยาบรรณทางอาชีพ,
