exam,date_ce,time,course_code_full,course_code,title_th,section,seats,seat_seq_from,seat_seq_to,room,source_url
สอบปลายภาค 1/2569,2026-10-19,08:00 - 11:00,10300410-01,10300410,ความฉลาดรู้ด้านวิทยาศาสตร์สำหรับโลกสมัยใหม่,2,80,1,80,ศร204,https://edu.mju.ac.th/ExamSchedule/Document/1-69F.xlsx
สอบปลายภาค 1/2569,2026-10-19,08:00 - 11:00,10300410-01,10300410,ความฉลาดรู้ด้านวิทยาศาสตร์สำหรับโลกสมัยใหม่,3,67,1,67,ศร302,https://edu.mju.ac.th/ExamSchedule/Document/1-69F.xlsx
สอบปลายภาค 1/2569,2026-10-19,08:00 - 11:00,10300410-01,10300410,ความฉลาดรู้ด้านวิทยาศาสตร์สำหรับโลกสมัยใหม่,4,84,1,84,80-402,https://edu.mju.ac.th/ExamSchedule/Document/1-69F.xlsx
สอบปลายภาค 1/2569,2026-10-19,08:00 - 11:00,10305108-1,10305108,แคลคูลัสสำหรับวิทยาศาสตร์และเทคโนโลยี,1,60,1,60,วิทย์ 2507/1,https://edu.mju.ac.th/ExamSchedule/Document/1-69F.xlsx
สอบปลายภาค 1/2569,2026-10-19,08:00 - 11:00,10305108-1,10305108,แคลคูลัสสำหรับวิทยาศาสตร์และเทคโนโลยี,2,54,1,54,วิทย์ 2507/2,https://edu.mju.ac.th/ExamSchedule/Document/1-69F.xlsx
สอบปลายภาค 1/2569,2026-10-19,12:00 - 15:00,10700314-01,10700314,ภาษาอังกฤษสำหรับวิชาชีพเกษตร,1,58,1,58,80-402,https://edu.mju.ac.th/ExamSchedule/Document/1-69F.xlsx
สอบปลายภาค 1/2569,2026-10-19,12:00 - 15:00,10700314-01,10700314,ภาษาอังกฤษสำหรับวิชาชีพเกษตร,2,33,1,33,80-402,https://edu.mju.ac.th/ExamSchedule/Document/1-69F.xlsx
สอบปลายภาค 1/2569,2026-10-19,12:00 - 15:00,10700314-01,10700314,ภาษาอังกฤษสำหรับวิชาชีพเกษตร,2,28,34,61,80-501,https://edu.mju.ac.th/ExamSchedule/Document/1-69F.xlsx
สอบปลายภาค 1/2569,2026-10-19,12:00 - 15:00,10700314-01,10700314,ภาษาอังกฤษสำหรับวิชาชีพเกษตร,3,60,1,60,80-501,https://edu.mju.ac.th/ExamSchedule/Document/1-69F.xlsx
สอบปลายภาค 1/2569,2026-10-19,12:00 - 15:00,10700314-01,10700314,ภาษาอังกฤษสำหรับวิชาชีพเกษตร,4,58,1,58,80-303,https://edu.mju.ac.th/ExamSchedule/Document/1-69F.xlsx
สอบปลายภาค 1/2569,2026-10-19,12:00 - 15:00,10700314-01,10700314,ภาษาอังกฤษสำหรับวิชาชีพเกษตร,5,45,1,45,80-410,https://edu.mju.ac.th/ExamSchedule/Document/1-69F.xlsx
สอบปลายภาค 1/2569,2026-10-19,12:00 - 15:00,11400111-01,11400111,อาเซียนศึกษา,1,94,1,94,EC302,https://edu.mju.ac.th/ExamSchedule/Document/1-69F.xlsx
สอบปลายภาค 1/2569,2026-10-19,15:30 - 18:30,10700309-01,10700309,สนทนาภาษาอังกฤษ,1,45,1,45,ศร304,https://edu.mju.ac.th/ExamSchedule/Document/1-69F.xlsx
สอบปลายภาค 1/2569,2026-10-19,15:30 - 18:30,10700309-01,10700309,สนทนาภาษาอังกฤษ,2,45,1,45,ศร304,https://edu.mju.ac.th/ExamSchedule/Document/1-69F.xlsx
สอบปลายภาค 1/2569,2026-10-19,15:30 - 18:30,10700309-01,10700309,สนทนาภาษาอังกฤษ,3,45,1,45,ศร304,https://edu.mju.ac.th/ExamSchedule/Document/1-69F.xlsx
สอบปลายภาค 1/2569,2026-10-19,15:30 - 18:30,10700309-01,10700309,สนทนาภาษาอังกฤษ,4,45,1,45,80-301,https://edu.mju.ac.th/ExamSchedule/Document/1-69F.xlsx
สอบปลายภาค 1/2569,2026-10-19,15:30 - 18:30,10700309-01,10700309,สนทนาภาษาอังกฤษ,5,44,1,44,80-301,https://edu.mju.ac.th/ExamSchedule/Document/1-69F.xlsx
สอบปลายภาค 1/2569,2026-10-19,15:30 - 18:30,10700309-01,10700309,สนทนาภาษาอังกฤษ,6,34,1,34,80-301,https://edu.mju.ac.th/ExamSchedule/Document/1-69F.xlsx
สอบปลายภาค 1/2569,2026-10-19,15:30 - 18:30,10700309-01,10700309,สนทนาภาษาอังกฤษ,7,37,1,37,80-301,https://edu.mju.ac.th/ExamSchedule/Document/1-69F.xlsx
สอบปลายภาค 1/2569,2026-10-19,15:30 - 18:30,10700309-01,10700309,สนทนาภาษาอังกฤษ,7,7,38,44,ศร201_1,https://edu.mju.ac.th/ExamSchedule/Document/1-69F.xlsx
สอบปลายภาค 1/2569,2026-10-19,15:30 - 18:30,10700309-01,10700309,สนทนาภาษาอังกฤษ,8,45,1,45,ศร201_1,https://edu.mju.ac.th/ExamSchedule/Document/1-69F.xlsx
สอบปลายภาค 1/2569,2026-10-19,15:30 - 18:30,10700309-01,10700309,สนทนาภาษาอังกฤษ,9,45,1,45,ศร201_1,https://edu.mju.ac.th/ExamSchedule/Document/1-69F.xlsx
สอบปลายภาค 1/2569,2026-10-19,15:30 - 18:30,10700309-01,10700309,สนทนาภาษาอังกฤษ,10,23,1,23,ศร201_1,https://edu.mju.ac.th/ExamSchedule/Document/1-69F.xlsx
สอบปลายภาค 1/2569,2026-10-19,15:30 - 18:30,10700309-01,10700309,สนทนาภาษาอังกฤษ,10,22,24,45,ศร204,https://edu.mju.ac.th/ExamSchedule/Document/1-69F.xlsx
สอบปลายภาค 1/2569,2026-10-19,15:30 - 18:30,10700309-01,10700309,สนทนาภาษาอังกฤษ,11,49,1,49,ศร204,https://edu.mju.ac.th/ExamSchedule/Document/1-69F.xlsx
สอบปลายภาค 1/2569,2026-10-19,15:30 - 18:30,10700309-01,10700309,สนทนาภาษาอังกฤษ,12,31,1,31,ศร302,https://edu.mju.ac.th/ExamSchedule/Document/1-69F.xlsx
สอบปลายภาค 1/2569,2026-10-19,15:30 - 18:30,10700309-01,10700309,สนทนาภาษาอังกฤษ,13,31,1,31,ศร302,https://edu.mju.ac.th/ExamSchedule/Document/1-69F.xlsx
สอบปลายภาค 1/2569,2026-10-20,08:00 - 11:00,10300404-01,10300404,การตัดสินใจในชีวิตประจำวัน,1,62,1,62,80-301,https://edu.mju.ac.th/ExamSchedule/Document/1-69F.xlsx
สอบปลายภาค 1/2569,2026-10-20,08:00 - 11:00,10300404-01,10300404,การตัดสินใจในชีวิตประจำวัน,2,98,1,98,80-301,https://edu.mju.ac.th/ExamSchedule/Document/1-69F.xlsx
สอบปลายภาค 1/2569,2026-10-20,08:00 - 11:00,10300404-01,10300404,การตัดสินใจในชีวิตประจำวัน,3,88,1,88,ศร403,https://edu.mju.ac.th/ExamSchedule/Document/1-69F.xlsx
สอบปลายภาค 1/2569,2026-10-20,08:00 - 11:00,10300404-01,10300404,การตัดสินใจในชีวิตประจำวัน,4,32,1,32,ศร403,https://edu.mju.ac.th/ExamSchedule/Document/1-69F.xlsx
สอบปลายภาค 1/2569,2026-10-20,08:00 - 11:00,10300404-01,10300404,การตัดสินใจในชีวิตประจำวัน,4,49,33,81,ศร302,https://edu.mju.ac.th/ExamSchedule/Document/1-69F.xlsx
สอบปลายภาค 1/2569,2026-10-20,08:00 - 11:00,10300404-01,10300404,การตัดสินใจในชีวิตประจำวัน,5,24,1,24,ศร302,https://edu.mju.ac.th/ExamSchedule/Document/1-69F.xlsx
สอบปลายภาค 1/2569,2026-10-20,08:00 - 11:00,10300404-01,10300404,การตัดสินใจในชีวิตประจำวัน,6,119,1,119,ศร201_2,https://edu.mju.ac.th/ExamSchedule/Document/1-69F.xlsx
สอบปลายภาค 1/2569,2026-10-20,12:00 - 15:00,10301222-1,10301222,โครงสร้างข้อมูลและอัลกอริทึม,1,98,1,98,EC303,https://edu.mju.ac.th/ExamSchedule/Document/1-69F.xlsx
สอบปลายภาค 1/2569,2026-10-20,12:00 - 15:00,10700315-01,10700315,ภาษาอังกฤษเพื่อสังคมโลก,1,64,1,64,วิทย์ 2105,https://edu.mju.ac.th/ExamSchedule/Document/1-69F.xlsx
สอบปลายภาค 1/2569,2026-10-20,12:00 - 15:00,10700315-01,10700315,ภาษาอังกฤษเพื่อสังคมโลก,2,69,1,69,วิทย์ 2311,https://edu.mju.ac.th/ExamSchedule/Document/1-69F.xlsx
สอบปลายภาค 1/2569,2026-10-20,15:30 - 18:30,10700209-01,10700209,จิตวิทยาเพื่อการดำเนินชีวิตในสังคมสมัยใหม่,1,112,1,112,ศร201_2,https://edu.mju.ac.th/ExamSchedule/Document/1-69F.xlsx
สอบปลายภาค 1/2569,2026-10-20,15:30 - 18:30,10700209-01,10700209,จิตวิทยาเพื่อการดำเนินชีวิตในสังคมสมัยใหม่,3,43,1,43,ศร304,https://edu.mju.ac.th/ExamSchedule/Document/1-69F.xlsx
สอบปลายภาค 1/2569,2026-10-20,15:30 - 18:30,10700209-01,10700209,จิตวิทยาเพื่อการดำเนินชีวิตในสังคมสมัยใหม่,5,84,1,84,ศร304,https://edu.mju.ac.th/ExamSchedule/Document/1-69F.xlsx
สอบปลายภาค 1/2569,2026-10-20,15:30 - 18:30,10700209-01,10700209,จิตวิทยาเพื่อการดำเนินชีวิตในสังคมสมัยใหม่,6,118,1,118,ศร201_1,https://edu.mju.ac.th/ExamSchedule/Document/1-69F.xlsx
สอบปลายภาค 1/2569,2026-10-20,15:30 - 18:30,10700209-01,10700209,จิตวิทยาเพื่อการดำเนินชีวิตในสังคมสมัยใหม่,7,80,1,80,ศร401,https://edu.mju.ac.th/ExamSchedule/Document/1-69F.xlsx
สอบปลายภาค 1/2569,2026-10-20,15:30 - 18:30,10700209-01,10700209,จิตวิทยาเพื่อการดำเนินชีวิตในสังคมสมัยใหม่,7,40,81,120,ศร402,https://edu.mju.ac.th/ExamSchedule/Document/1-69F.xlsx
สอบปลายภาค 1/2569,2026-10-21,08:00 - 11:00,10700308-01,10700308,ภาษาอังกฤษในชีวิตประจำวัน,1,63,1,63,80-301,https://edu.mju.ac.th/ExamSchedule/Document/1-69F.xlsx
สอบปลายภาค 1/2569,2026-10-21,08:00 - 11:00,10700308-01,10700308,ภาษาอังกฤษในชีวิตประจำวัน,2,60,1,60,80-301,https://edu.mju.ac.th/ExamSchedule/Document/1-69F.xlsx
สอบปลายภาค 1/2569,2026-10-21,08:00 - 11:00,10700308-01,10700308,ภาษาอังกฤษในชีวิตประจำวัน,3,37,1,37,80-301,https://edu.mju.ac.th/ExamSchedule/Document/1-69F.xlsx
สอบปลายภาค 1/2569,2026-10-21,08:00 - 11:00,10700308-01,10700308,ภาษาอังกฤษในชีวิตประจำวัน,3,23,38,60,80-401,https://edu.mju.ac.th/ExamSchedule/Document/1-69F.xlsx
สอบปลายภาค 1/2569,2026-10-21,08:00 - 11:00,10700308-01,10700308,ภาษาอังกฤษในชีวิตประจำวัน,4,65,1,65,ศร304,https://edu.mju.ac.th/ExamSchedule/Document/1-69F.xlsx
สอบปลายภาค 1/2569,2026-10-21,08:00 - 11:00,10700308-01,10700308,ภาษาอังกฤษในชีวิตประจำวัน,5,60,1,60,ศร304,https://edu.mju.ac.th/ExamSchedule/Document/1-69F.xlsx
สอบปลายภาค 1/2569,2026-10-21,08:00 - 11:00,10700308-01,10700308,ภาษาอังกฤษในชีวิตประจำวัน,8,15,1,15,ศร304,https://edu.mju.ac.th/ExamSchedule/Document/1-69F.xlsx
สอบปลายภาค 1/2569,2026-10-21,08:00 - 11:00,10700308-01,10700308,ภาษาอังกฤษในชีวิตประจำวัน,8,41,16,56,80-410,https://edu.mju.ac.th/ExamSchedule/Document/1-69F.xlsx
สอบปลายภาค 1/2569,2026-10-21,08:00 - 11:00,10700308-01,10700308,ภาษาอังกฤษในชีวิตประจำวัน,9,60,1,60,ศร403,https://edu.mju.ac.th/ExamSchedule/Document/1-69F.xlsx
สอบปลายภาค 1/2569,2026-10-21,08:00 - 11:00,10700308-01,10700308,ภาษาอังกฤษในชีวิตประจำวัน,10,58,1,58,ศร403,https://edu.mju.ac.th/ExamSchedule/Document/1-69F.xlsx
สอบปลายภาค 1/2569,2026-10-21,08:00 - 11:00,10700308-01,10700308,ภาษาอังกฤษในชีวิตประจำวัน,11,65,1,65,ศร201_1,https://edu.mju.ac.th/ExamSchedule/Document/1-69F.xlsx
สอบปลายภาค 1/2569,2026-10-21,08:00 - 11:00,10700308-01,10700308,ภาษาอังกฤษในชีวิตประจำวัน,12,55,1,55,ศร201_1,https://edu.mju.ac.th/ExamSchedule/Document/1-69F.xlsx
สอบปลายภาค 1/2569,2026-10-21,08:00 - 11:00,10700308-01,10700308,ภาษาอังกฤษในชีวิตประจำวัน,12,5,56,60,ศร201_2,https://edu.mju.ac.th/ExamSchedule/Document/1-69F.xlsx
สอบปลายภาค 1/2569,2026-10-21,08:00 - 11:00,10700308-01,10700308,ภาษาอังกฤษในชีวิตประจำวัน,13,60,1,60,ศร201_2,https://edu.mju.ac.th/ExamSchedule/Document/1-69F.xlsx
สอบปลายภาค 1/2569,2026-10-21,08:00 - 11:00,10700308-01,10700308,ภาษาอังกฤษในชีวิตประจำวัน,14,55,1,55,ศร201_2,https://edu.mju.ac.th/ExamSchedule/Document/1-69F.xlsx
สอบปลายภาค 1/2569,2026-10-21,08:00 - 11:00,10700308-01,10700308,ภาษาอังกฤษในชีวิตประจำวัน,14,5,56,60,ศร204,https://edu.mju.ac.th/ExamSchedule/Document/1-69F.xlsx
สอบปลายภาค 1/2569,2026-10-21,08:00 - 11:00,10700308-01,10700308,ภาษาอังกฤษในชีวิตประจำวัน,15,60,1,60,ศร204,https://edu.mju.ac.th/ExamSchedule/Document/1-69F.xlsx
สอบปลายภาค 1/2569,2026-10-21,08:00 - 11:00,10700308-01,10700308,ภาษาอังกฤษในชีวิตประจำวัน,16,15,1,15,ศร204,https://edu.mju.ac.th/ExamSchedule/Document/1-69F.xlsx
สอบปลายภาค 1/2569,2026-10-21,08:00 - 11:00,10700308-01,10700308,ภาษาอังกฤษในชีวิตประจำวัน,16,45,16,60,ศร302,https://edu.mju.ac.th/ExamSchedule/Document/1-69F.xlsx
สอบปลายภาค 1/2569,2026-10-21,08:00 - 11:00,10700308-01,10700308,ภาษาอังกฤษในชีวิตประจำวัน,17,35,1,35,ศร302,https://edu.mju.ac.th/ExamSchedule/Document/1-69F.xlsx
สอบปลายภาค 1/2569,2026-10-21,08:00 - 11:00,10700308-01,10700308,ภาษาอังกฤษในชีวิตประจำวัน,17,25,36,60,ศร306,https://edu.mju.ac.th/ExamSchedule/Document/1-69F.xlsx
สอบปลายภาค 1/2569,2026-10-21,08:00 - 11:00,10700308-01,10700308,ภาษาอังกฤษในชีวิตประจำวัน,18,55,1,55,ศร306,https://edu.mju.ac.th/ExamSchedule/Document/1-69F.xlsx
สอบปลายภาค 1/2569,2026-10-21,08:00 - 11:00,10700308-01,10700308,ภาษาอังกฤษในชีวิตประจำวัน,18,5,56,60,ศร401,https://edu.mju.ac.th/ExamSchedule/Document/1-69F.xlsx
สอบปลายภาค 1/2569,2026-10-21,08:00 - 11:00,10700308-01,10700308,ภาษาอังกฤษในชีวิตประจำวัน,19,60,1,60,ศร401,https://edu.mju.ac.th/ExamSchedule/Document/1-69F.xlsx
สอบปลายภาค 1/2569,2026-10-21,08:00 - 11:00,10700308-01,10700308,ภาษาอังกฤษในชีวิตประจำวัน,20,15,1,15,ศร401,https://edu.mju.ac.th/ExamSchedule/Document/1-69F.xlsx
สอบปลายภาค 1/2569,2026-10-21,08:00 - 11:00,10700308-01,10700308,ภาษาอังกฤษในชีวิตประจำวัน,20,34,16,49,ศร402,https://edu.mju.ac.th/ExamSchedule/Document/1-69F.xlsx
สอบปลายภาค 1/2569,2026-10-21,08:00 - 11:00,10700308-01,10700308,ภาษาอังกฤษในชีวิตประจำวัน,21,60,1,60,สังคม 106,https://edu.mju.ac.th/ExamSchedule/Document/1-69F.xlsx
สอบปลายภาค 1/2569,2026-10-21,08:00 - 11:00,10700308-01,10700308,ภาษาอังกฤษในชีวิตประจำวัน,22,60,1,60,80-305 (สำรอง),https://edu.mju.ac.th/ExamSchedule/Document/1-69F.xlsx
สอบปลายภาค 1/2569,2026-10-21,08:00 - 11:00,10700308-01,10700308,ภาษาอังกฤษในชีวิตประจำวัน,23,60,1,60,80-406,https://edu.mju.ac.th/ExamSchedule/Document/1-69F.xlsx
สอบปลายภาค 1/2569,2026-10-21,08:00 - 11:00,10700308-01,10700308,ภาษาอังกฤษในชีวิตประจำวัน,24,60,1,60,80-402,https://edu.mju.ac.th/ExamSchedule/Document/1-69F.xlsx
สอบปลายภาค 1/2569,2026-10-21,08:00 - 11:00,10700308-01,10700308,ภาษาอังกฤษในชีวิตประจำวัน,25,31,1,31,80-402,https://edu.mju.ac.th/ExamSchedule/Document/1-69F.xlsx
สอบปลายภาค 1/2569,2026-10-21,08:00 - 11:00,10700308-01,10700308,ภาษาอังกฤษในชีวิตประจำวัน,25,28,32,59,80-501,https://edu.mju.ac.th/ExamSchedule/Document/1-69F.xlsx
สอบปลายภาค 1/2569,2026-10-21,08:00 - 11:00,10700308-01,10700308,ภาษาอังกฤษในชีวิตประจำวัน,26,61,1,61,80-501,https://edu.mju.ac.th/ExamSchedule/Document/1-69F.xlsx
สอบปลายภาค 1/2569,2026-10-21,08:00 - 11:00,10700308-01,10700308,ภาษาอังกฤษในชีวิตประจำวัน,27,60,1,60,80-502,https://edu.mju.ac.th/ExamSchedule/Document/1-69F.xlsx
สอบปลายภาค 1/2569,2026-10-21,08:00 - 11:00,10700308-01,10700308,ภาษาอังกฤษในชีวิตประจำวัน,28,31,1,31,80-502,https://edu.mju.ac.th/ExamSchedule/Document/1-69F.xlsx
สอบปลายภาค 1/2569,2026-10-21,08:00 - 11:00,10700308-01,10700308,ภาษาอังกฤษในชีวิตประจำวัน,28,29,32,60,80-503,https://edu.mju.ac.th/ExamSchedule/Document/1-69F.xlsx
สอบปลายภาค 1/2569,2026-10-21,08:00 - 11:00,10700308-01,10700308,ภาษาอังกฤษในชีวิตประจำวัน,29,29,1,29,80-503,https://edu.mju.ac.th/ExamSchedule/Document/1-69F.xlsx
สอบปลายภาค 1/2569,2026-10-21,08:00 - 11:00,10700308-01,10700308,ภาษาอังกฤษในชีวิตประจำวัน,29,31,30,60,80-504,https://edu.mju.ac.th/ExamSchedule/Document/1-69F.xlsx
สอบปลายภาค 1/2569,2026-10-21,08:00 - 11:00,10700308-01,10700308,ภาษาอังกฤษในชีวิตประจำวัน,30,27,1,27,80-504,https://edu.mju.ac.th/ExamSchedule/Document/1-69F.xlsx
สอบปลายภาค 1/2569,2026-10-21,08:00 - 11:00,10700308-01,10700308,ภาษาอังกฤษในชีวิตประจำวัน,30,33,28,60,80-403,https://edu.mju.ac.th/ExamSchedule/Document/1-69F.xlsx
สอบปลายภาค 1/2569,2026-10-21,08:00 - 11:00,10700308-01,10700308,ภาษาอังกฤษในชีวิตประจำวัน,31,25,1,25,80-403,https://edu.mju.ac.th/ExamSchedule/Document/1-69F.xlsx
สอบปลายภาค 1/2569,2026-10-21,08:00 - 11:00,10700308-01,10700308,ภาษาอังกฤษในชีวิตประจำวัน,31,35,26,60,80-404,https://edu.mju.ac.th/ExamSchedule/Document/1-69F.xlsx
สอบปลายภาค 1/2569,2026-10-21,08:00 - 11:00,10700308-01,10700308,ภาษาอังกฤษในชีวิตประจำวัน,32,23,1,23,80-404,https://edu.mju.ac.th/ExamSchedule/Document/1-69F.xlsx
สอบปลายภาค 1/2569,2026-10-21,08:00 - 11:00,10700308-01,10700308,ภาษาอังกฤษในชีวิตประจำวัน,32,37,24,60,80-303,https://edu.mju.ac.th/ExamSchedule/Document/1-69F.xlsx
สอบปลายภาค 1/2569,2026-10-21,08:00 - 11:00,10700308-01,10700308,ภาษาอังกฤษในชีวิตประจำวัน,33,21,1,21,80-303,https://edu.mju.ac.th/ExamSchedule/Document/1-69F.xlsx
สอบปลายภาค 1/2569,2026-10-21,08:00 - 11:00,10700308-01,10700308,ภาษาอังกฤษในชีวิตประจำวัน,33,44,22,65,80-507,https://edu.mju.ac.th/ExamSchedule/Document/1-69F.xlsx
สอบปลายภาค 1/2569,2026-10-21,08:00 - 11:00,10700308-01,10700308,ภาษาอังกฤษในชีวิตประจำวัน,34,60,1,60,วิทย์ 2507/1,https://edu.mju.ac.th/ExamSchedule/Document/1-69F.xlsx
สอบปลายภาค 1/2569,2026-10-21,08:00 - 11:00,10700308-01,10700308,ภาษาอังกฤษในชีวิตประจำวัน,35,60,1,60,วิทย์ 2507/2,https://edu.mju.ac.th/ExamSchedule/Document/1-69F.xlsx
สอบปลายภาค 1/2569,2026-10-21,08:00 - 11:00,10700308-01,10700308,ภาษาอังกฤษในชีวิตประจำวัน,36,56,1,56,BA 301,https://edu.mju.ac.th/ExamSchedule/Document/1-69F.xlsx
สอบปลายภาค 1/2569,2026-10-21,08:00 - 11:00,10700308-01,10700308,ภาษาอังกฤษในชีวิตประจำวัน,37,60,1,60,วิทย์ 2105,https://edu.mju.ac.th/ExamSchedule/Document/1-69F.xlsx
สอบปลายภาค 1/2569,2026-10-21,08:00 - 11:00,10700308-01,10700308,ภาษาอังกฤษในชีวิตประจำวัน,38,10,1,10,วิทย์ 2105,https://edu.mju.ac.th/ExamSchedule/Document/1-69F.xlsx
สอบปลายภาค 1/2569,2026-10-21,08:00 - 11:00,10700308-01,10700308,ภาษาอังกฤษในชีวิตประจำวัน,38,50,11,60,วิทย์ 2311,https://edu.mju.ac.th/ExamSchedule/Document/1-69F.xlsx
สอบปลายภาค 1/2569,2026-10-21,08:00 - 11:00,10700308-01,10700308,ภาษาอังกฤษในชีวิตประจำวัน,39,20,1,20,วิทย์ 2311,https://edu.mju.ac.th/ExamSchedule/Document/1-69F.xlsx
สอบปลายภาค 1/2569,2026-10-21,08:00 - 11:00,10700308-01,10700308,ภาษาอังกฤษในชีวิตประจำวัน,39,40,21,60,BA 305,https://edu.mju.ac.th/ExamSchedule/Document/1-69F.xlsx
สอบปลายภาค 1/2569,2026-10-21,08:00 - 11:00,10700308-01,10700308,ภาษาอังกฤษในชีวิตประจำวัน,40,18,1,18,BA 305,https://edu.mju.ac.th/ExamSchedule/Document/1-69F.xlsx
สอบปลายภาค 1/2569,2026-10-21,08:00 - 11:00,10700308-01,10700308,ภาษาอังกฤษในชีวิตประจำวัน,40,30,19,48,BA 501,https://edu.mju.ac.th/ExamSchedule/Document/1-69F.xlsx
สอบปลายภาค 1/2569,2026-10-21,08:00 - 11:00,10700308-01,10700308,ภาษาอังกฤษในชีวิตประจำวัน,41,28,1,28,BA 501,https://edu.mju.ac.th/ExamSchedule/Document/1-69F.xlsx
สอบปลายภาค 1/2569,2026-10-21,08:00 - 11:00,10700308-01,10700308,ภาษาอังกฤษในชีวิตประจำวัน,41,32,29,60,BA 503,https://edu.mju.ac.th/ExamSchedule/Document/1-69F.xlsx
สอบปลายภาค 1/2569,2026-10-21,08:00 - 11:00,10700308-01,10700308,ภาษาอังกฤษในชีวิตประจำวัน,42,26,1,26,BA 503,https://edu.mju.ac.th/ExamSchedule/Document/1-69F.xlsx
สอบปลายภาค 1/2569,2026-10-21,08:00 - 11:00,10700308-01,10700308,ภาษาอังกฤษในชีวิตประจำวัน,42,34,27,60,ศกฬ เรียน1,https://edu.mju.ac.th/ExamSchedule/Document/1-69F.xlsx
สอบปลายภาค 1/2569,2026-10-21,08:00 - 11:00,10700308-01,10700308,ภาษาอังกฤษในชีวิตประจำวัน,43,16,1,16,ศกฬ เรียน1,https://edu.mju.ac.th/ExamSchedule/Document/1-69F.xlsx
สอบปลายภาค 1/2569,2026-10-21,08:00 - 11:00,10700308-01,10700308,ภาษาอังกฤษในชีวิตประจำวัน,43,49,17,65,ศกฬ เรียน2,https://edu.mju.ac.th/ExamSchedule/Document/1-69F.xlsx
สอบปลายภาค 1/2569,2026-10-21,08:00 - 11:00,10700308-01,10700308,ภาษาอังกฤษในชีวิตประจำวัน,44,57,1,57,ศกฬรับรอง2,https://edu.mju.ac.th/ExamSchedule/Document/1-69F.xlsx
สอบปลายภาค 1/2569,2026-10-21,08:00 - 11:00,10700308-01,10700308,ภาษาอังกฤษในชีวิตประจำวัน,45,60,1,60,EC303,https://edu.mju.ac.th/ExamSchedule/Document/1-69F.xlsx
สอบปลายภาค 1/2569,2026-10-21,08:00 - 11:00,10700308-01,10700308,ภาษาอังกฤษในชีวิตประจำวัน,46,30,1,30,EC303,https://edu.mju.ac.th/ExamSchedule/Document/1-69F.xlsx
สอบปลายภาค 1/2569,2026-10-21,08:00 - 11:00,10700308-01,10700308,ภาษาอังกฤษในชีวิตประจำวัน,46,30,31,60,EC402,https://edu.mju.ac.th/ExamSchedule/Document/1-69F.xlsx
สอบปลายภาค 1/2569,2026-10-21,12:00 - 15:00,10300409-01,10300409,คณิตศาสตร์เพื่อชีวิตสมัยใหม่,1,80,1,80,ศร403,https://edu.mju.ac.th/ExamSchedule/Document/1-69F.xlsx
สอบปลายภาค 1/2569,2026-10-21,12:00 - 15:00,10300409-01,10300409,คณิตศาสตร์เพื่อชีวิตสมัยใหม่,2,32,1,32,ศร403,https://edu.mju.ac.th/ExamSchedule/Document/1-69F.xlsx
สอบปลายภาค 1/2569,2026-10-21,15:30 - 18:30,10200505-01,10200505,การตลาดบนสมาร์ทโฟน,1,100,1,100,สิงห์พลิน,https://edu.mju.ac.th/ExamSchedule/Document/1-69F.xlsx
สอบปลายภาค 1/2569,2026-10-21,15:30 - 18:30,10200505-01,10200505,การตลาดบนสมาร์ทโฟน,1,50,101,150,BA 301,https://edu.mju.ac.th/ExamSchedule/Document/1-69F.xlsx
สอบปลายภาค 1/2569,2026-10-21,15:30 - 18:30,10200505-01,10200505,การตลาดบนสมาร์ทโฟน,1,49,151,199,BA 305,https://edu.mju.ac.th/ExamSchedule/Document/1-69F.xlsx
สอบปลายภาค 1/2569,2026-10-22,08:00 - 11:00,10301111-1,10301111,การเขียนโปรแกรมเบื้องต้น,1,85,1,85,80-501,https://edu.mju.ac.th/ExamSchedule/Document/1-69F.xlsx
สอบปลายภาค 1/2569,2026-10-22,08:00 - 11:00,10700211-01,10700211,การพัฒนาบุคลิกภาพความเป็นผู้ประกอบการที่ยั่งยืน,1,78,1,78,80-201,https://edu.mju.ac.th/ExamSchedule/Document/1-69F.xlsx
สอบปลายภาค 1/2569,2026-10-22,08:00 - 11:00,10700211-01,10700211,การพัฒนาบุคลิกภาพความเป็นผู้ประกอบการที่ยั่งยืน,2,49,1,49,80-201,https://edu.mju.ac.th/ExamSchedule/Document/1-69F.xlsx
สอบปลายภาค 1/2569,2026-10-22,12:00 - 15:00,10700307-01,10700307,ทักษะภาษาอังกฤษสำหรับศตวรรษที่ 21,1,65,1,65,ศร304,https://edu.mju.ac.th/ExamSchedule/Document/1-69F.xlsx
สอบปลายภาค 1/2569,2026-10-22,12:00 - 15:00,10700307-01,10700307,ทักษะภาษาอังกฤษสำหรับศตวรรษที่ 21,2,65,1,65,ศร304,https://edu.mju.ac.th/ExamSchedule/Document/1-69F.xlsx
สอบปลายภาค 1/2569,2026-10-22,12:00 - 15:00,10700307-01,10700307,ทักษะภาษาอังกฤษสำหรับศตวรรษที่ 21,3,10,1,10,ศร304,https://edu.mju.ac.th/ExamSchedule/Document/1-69F.xlsx
สอบปลายภาค 1/2569,2026-10-22,12:00 - 15:00,10700307-01,10700307,ทักษะภาษาอังกฤษสำหรับศตวรรษที่ 21,3,50,11,60,ศร201_2,https://edu.mju.ac.th/ExamSchedule/Document/1-69F.xlsx
สอบปลายภาค 1/2569,2026-10-22,12:00 - 15:00,10700307-01,10700307,ทักษะภาษาอังกฤษสำหรับศตวรรษที่ 21,4,65,1,65,ศร201_2,https://edu.mju.ac.th/ExamSchedule/Document/1-69F.xlsx
สอบปลายภาค 1/2569,2026-10-22,12:00 - 15:00,10700307-01,10700307,ทักษะภาษาอังกฤษสำหรับศตวรรษที่ 21,5,65,1,65,ศร201_1,https://edu.mju.ac.th/ExamSchedule/Document/1-69F.xlsx
สอบปลายภาค 1/2569,2026-10-22,12:00 - 15:00,10700307-01,10700307,ทักษะภาษาอังกฤษสำหรับศตวรรษที่ 21,6,55,1,55,ศร201_1,https://edu.mju.ac.th/ExamSchedule/Document/1-69F.xlsx
สอบปลายภาค 1/2569,2026-10-22,12:00 - 15:00,10700307-01,10700307,ทักษะภาษาอังกฤษสำหรับศตวรรษที่ 21,6,8,56,63,ศร204,https://edu.mju.ac.th/ExamSchedule/Document/1-69F.xlsx
สอบปลายภาค 1/2569,2026-10-22,12:00 - 15:00,10700307-01,10700307,ทักษะภาษาอังกฤษสำหรับศตวรรษที่ 21,7,60,1,60,ศร204,https://edu.mju.ac.th/ExamSchedule/Document/1-69F.xlsx
สอบปลายภาค 1/2569,2026-10-22,12:00 - 15:00,10700307-01,10700307,ทักษะภาษาอังกฤษสำหรับศตวรรษที่ 21,8,12,1,12,ศร204,https://edu.mju.ac.th/ExamSchedule/Document/1-69F.xlsx
สอบปลายภาค 1/2569,2026-10-22,12:00 - 15:00,10700307-01,10700307,ทักษะภาษาอังกฤษสำหรับศตวรรษที่ 21,8,49,13,61,ศร302,https://edu.mju.ac.th/ExamSchedule/Document/1-69F.xlsx
สอบปลายภาค 1/2569,2026-10-22,12:00 - 15:00,10700307-01,10700307,ทักษะภาษาอังกฤษสำหรับศตวรรษที่ 21,9,31,1,31,ศร302,https://edu.mju.ac.th/ExamSchedule/Document/1-69F.xlsx
สอบปลายภาค 1/2569,2026-10-22,12:00 - 15:00,10700307-01,10700307,ทักษะภาษาอังกฤษสำหรับศตวรรษที่ 21,9,34,32,65,ศร303,https://edu.mju.ac.th/ExamSchedule/Document/1-69F.xlsx
สอบปลายภาค 1/2569,2026-10-22,12:00 - 15:00,10700307-01,10700307,ทักษะภาษาอังกฤษสำหรับศตวรรษที่ 21,10,65,1,65,ศร306,https://edu.mju.ac.th/ExamSchedule/Document/1-69F.xlsx
สอบปลายภาค 1/2569,2026-10-22,12:00 - 15:00,10700307-01,10700307,ทักษะภาษาอังกฤษสำหรับศตวรรษที่ 21,11,15,1,15,ศร306,https://edu.mju.ac.th/ExamSchedule/Document/1-69F.xlsx
สอบปลายภาค 1/2569,2026-10-22,12:00 - 15:00,10700307-01,10700307,ทักษะภาษาอังกฤษสำหรับศตวรรษที่ 21,11,45,16,60,ศร401,https://edu.mju.ac.th/ExamSchedule/Document/1-69F.xlsx
สอบปลายภาค 1/2569,2026-10-22,12:00 - 15:00,10700307-01,10700307,ทักษะภาษาอังกฤษสำหรับศตวรรษที่ 21,12,35,1,35,ศร401,https://edu.mju.ac.th/ExamSchedule/Document/1-69F.xlsx
สอบปลายภาค 1/2569,2026-10-22,12:00 - 15:00,10700307-01,10700307,ทักษะภาษาอังกฤษสำหรับศตวรรษที่ 21,12,25,36,60,ศร403,https://edu.mju.ac.th/ExamSchedule/Document/1-69F.xlsx
สอบปลายภาค 1/2569,2026-10-22,12:00 - 15:00,10700307-01,10700307,ทักษะภาษาอังกฤษสำหรับศตวรรษที่ 21,13,60,1,60,ศร403,https://edu.mju.ac.th/ExamSchedule/Document/1-69F.xlsx
สอบปลายภาค 1/2569,2026-10-22,12:00 - 15:00,10700307-01,10700307,ทักษะภาษาอังกฤษสำหรับศตวรรษที่ 21,14,35,1,35,ศร403,https://edu.mju.ac.th/ExamSchedule/Document/1-69F.xlsx
สอบปลายภาค 1/2569,2026-10-22,12:00 - 15:00,10700307-01,10700307,ทักษะภาษาอังกฤษสำหรับศตวรรษที่ 21,14,25,36,60,80-301,https://edu.mju.ac.th/ExamSchedule/Document/1-69F.xlsx
สอบปลายภาค 1/2569,2026-10-22,12:00 - 15:00,10700307-01,10700307,ทักษะภาษาอังกฤษสำหรับศตวรรษที่ 21,15,61,1,61,80-301,https://edu.mju.ac.th/ExamSchedule/Document/1-69F.xlsx
สอบปลายภาค 1/2569,2026-10-22,12:00 - 15:00,10700307-01,10700307,ทักษะภาษาอังกฤษสำหรับศตวรรษที่ 21,16,61,1,61,80-301,https://edu.mju.ac.th/ExamSchedule/Document/1-69F.xlsx
สอบปลายภาค 1/2569,2026-10-22,12:00 - 15:00,10700307-01,10700307,ทักษะภาษาอังกฤษสำหรับศตวรรษที่ 21,17,13,1,13,80-301,https://edu.mju.ac.th/ExamSchedule/Document/1-69F.xlsx
สอบปลายภาค 1/2569,2026-10-22,12:00 - 15:00,10700307-01,10700307,ทักษะภาษาอังกฤษสำหรับศตวรรษที่ 21,17,48,14,61,80-501,https://edu.mju.ac.th/ExamSchedule/Document/1-69F.xlsx
สอบปลายภาค 1/2569,2026-10-22,12:00 - 15:00,10700307-01,10700307,ทักษะภาษาอังกฤษสำหรับศตวรรษที่ 21,18,43,1,43,80-501,https://edu.mju.ac.th/ExamSchedule/Document/1-69F.xlsx
สอบปลายภาค 1/2569,2026-10-22,12:00 - 15:00,10700307-01,10700307,ทักษะภาษาอังกฤษสำหรับศตวรรษที่ 21,18,19,44,62,80-502,https://edu.mju.ac.th/ExamSchedule/Document/1-69F.xlsx
สอบปลายภาค 1/2569,2026-10-22,12:00 - 15:00,10700307-01,10700307,ทักษะภาษาอังกฤษสำหรับศตวรรษที่ 21,19,65,1,65,80-502,https://edu.mju.ac.th/ExamSchedule/Document/1-69F.xlsx
สอบปลายภาค 1/2569,2026-10-22,12:00 - 15:00,10700307-01,10700307,ทักษะภาษาอังกฤษสำหรับศตวรรษที่ 21,20,65,1,65,80-401,https://edu.mju.ac.th/ExamSchedule/Document/1-69F.xlsx
สอบปลายภาค 1/2569,2026-10-22,12:00 - 15:00,10700307-01,10700307,ทักษะภาษาอังกฤษสำหรับศตวรรษที่ 21,21,26,1,26,80-401,https://edu.mju.ac.th/ExamSchedule/Document/1-69F.xlsx
สอบปลายภาค 1/2569,2026-10-22,12:00 - 15:00,10700307-01,10700307,ทักษะภาษาอังกฤษสำหรับศตวรรษที่ 21,21,34,27,60,ศร305,https://edu.mju.ac.th/ExamSchedule/Document/1-69F.xlsx
สอบปลายภาค 1/2569,2026-10-22,12:00 - 15:00,10700307-01,10700307,ทักษะภาษาอังกฤษสำหรับศตวรรษที่ 21,22,65,1,65,80-402,https://edu.mju.ac.th/ExamSchedule/Document/1-69F.xlsx
สอบปลายภาค 1/2569,2026-10-22,12:00 - 15:00,10700307-01,10700307,ทักษะภาษาอังกฤษสำหรับศตวรรษที่ 21,23,26,1,26,80-402,https://edu.mju.ac.th/ExamSchedule/Document/1-69F.xlsx
สอบปลายภาค 1/2569,2026-10-22,12:00 - 15:00,10700307-01,10700307,ทักษะภาษาอังกฤษสำหรับศตวรรษที่ 21,23,34,27,60,ศร402,https://edu.mju.ac.th/ExamSchedule/Document/1-69F.xlsx
สอบปลายภาค 1/2569,2026-10-22,12:00 - 15:00,10700307-01,10700307,ทักษะภาษาอังกฤษสำหรับศตวรรษที่ 21,24,60,1,60,สังคม 106,https://edu.mju.ac.th/ExamSchedule/Document/1-69F.xlsx
สอบปลายภาค 1/2569,2026-10-22,12:00 - 15:00,10700307-01,10700307,ทักษะภาษาอังกฤษสำหรับศตวรรษที่ 21,25,62,1,62,EC302,https://edu.mju.ac.th/ExamSchedule/Document/1-69F.xlsx
สอบปลายภาค 1/2569,2026-10-22,12:00 - 15:00,10700307-01,10700307,ทักษะภาษาอังกฤษสำหรับศตวรรษที่ 21,26,38,1,38,EC302,https://edu.mju.ac.th/ExamSchedule/Document/1-69F.xlsx
สอบปลายภาค 1/2569,2026-10-22,12:00 - 15:00,10700307-01,10700307,ทักษะภาษาอังกฤษสำหรับศตวรรษที่ 21,26,23,39,61,EC303,https://edu.mju.ac.th/ExamSchedule/Document/1-69F.xlsx
สอบปลายภาค 1/2569,2026-10-22,12:00 - 15:00,10700307-01,10700307,ทักษะภาษาอังกฤษสำหรับศตวรรษที่ 21,27,60,1,60,EC303,https://edu.mju.ac.th/ExamSchedule/Document/1-69F.xlsx
สอบปลายภาค 1/2569,2026-10-22,12:00 - 15:00,10700307-01,10700307,ทักษะภาษาอังกฤษสำหรับศตวรรษที่ 21,28,48,1,48,EC402,https://edu.mju.ac.th/ExamSchedule/Document/1-69F.xlsx
สอบปลายภาค 1/2569,2026-10-22,12:00 - 15:00,10700307-01,10700307,ทักษะภาษาอังกฤษสำหรับศตวรรษที่ 21,29,48,1,48,EC403,https://edu.mju.ac.th/ExamSchedule/Document/1-69F.xlsx
สอบปลายภาค 1/2569,2026-10-22,12:00 - 15:00,10700307-01,10700307,ทักษะภาษาอังกฤษสำหรับศตวรรษที่ 21,30,61,1,61,วิทย์ 2105,https://edu.mju.ac.th/ExamSchedule/Document/1-69F.xlsx
สอบปลายภาค 1/2569,2026-10-22,12:00 - 15:00,10700307-01,10700307,ทักษะภาษาอังกฤษสำหรับศตวรรษที่ 21,31,61,1,61,วิทย์ 2311,https://edu.mju.ac.th/ExamSchedule/Document/1-69F.xlsx
สอบปลายภาค 1/2569,2026-10-22,12:00 - 15:00,10700307-01,10700307,ทักษะภาษาอังกฤษสำหรับศตวรรษที่ 21,32,62,1,62,สิงห์พลิน,https://edu.mju.ac.th/ExamSchedule/Document/1-69F.xlsx
สอบปลายภาค 1/2569,2026-10-22,12:00 - 15:00,10700307-01,10700307,ทักษะภาษาอังกฤษสำหรับศตวรรษที่ 21,33,60,1,60,80-305 (สำรอง),https://edu.mju.ac.th/ExamSchedule/Document/1-69F.xlsx
สอบปลายภาค 1/2569,2026-10-22,15:30 - 18:30,10301223-1,10301223,ฐานข้อมูลโครงสร้างเชิงสัมพันธ์,1,100,1,100,สิงห์พลิน,https://edu.mju.ac.th/ExamSchedule/Document/1-69F.xlsx
สอบปลายภาค 1/2569,2026-10-26,08:00 - 11:00,10400407-01,10400407,ทักษะดิจิทัลในศตวรรษที่ 21,1,160,1,160,80-301,https://edu.mju.ac.th/ExamSchedule/Document/1-69F.xlsx
สอบปลายภาค 1/2569,2026-10-26,08:00 - 11:00,10400407-01,10400407,ทักษะดิจิทัลในศตวรรษที่ 21,1,100,161,260,EC302,https://edu.mju.ac.th/ExamSchedule/Document/1-69F.xlsx
สอบปลายภาค 1/2569,2026-10-26,08:00 - 11:00,10400407-01,10400407,ทักษะดิจิทัลในศตวรรษที่ 21,1,100,261,360,EC303,https://edu.mju.ac.th/ExamSchedule/Document/1-69F.xlsx
สอบปลายภาค 1/2569,2026-10-26,08:00 - 11:00,10400407-01,10400407,ทักษะดิจิทัลในศตวรรษที่ 21,1,100,361,460,สิงห์พลิน,https://edu.mju.ac.th/ExamSchedule/Document/1-69F.xlsx
สอบปลายภาค 1/2569,2026-10-26,08:00 - 11:00,10400407-01,10400407,ทักษะดิจิทัลในศตวรรษที่ 21,1,90,461,550,80-401,https://edu.mju.ac.th/ExamSchedule/Document/1-69F.xlsx
สอบปลายภาค 1/2569,2026-10-26,08:00 - 11:00,10400407-01,10400407,ทักษะดิจิทัลในศตวรรษที่ 21,2,90,1,90,80-402,https://edu.mju.ac.th/ExamSchedule/Document/1-69F.xlsx
สอบปลายภาค 1/2569,2026-10-26,08:00 - 11:00,10400407-01,10400407,ทักษะดิจิทัลในศตวรรษที่ 21,2,90,181,270,80-502,https://edu.mju.ac.th/ExamSchedule/Document/1-69F.xlsx
สอบปลายภาค 1/2569,2026-10-26,08:00 - 11:00,10400407-01,10400407,ทักษะดิจิทัลในศตวรรษที่ 21,2,80,271,350,ศร306,https://edu.mju.ac.th/ExamSchedule/Document/1-69F.xlsx
สอบปลายภาค 1/2569,2026-10-26,08:00 - 11:00,10400407-01,10400407,ทักษะดิจิทัลในศตวรรษที่ 21,2,80,351,430,ศร204,https://edu.mju.ac.th/ExamSchedule/Document/1-69F.xlsx
สอบปลายภาค 1/2569,2026-10-26,08:00 - 11:00,10400407-01,10400407,ทักษะดิจิทัลในศตวรรษที่ 21,2,80,431,510,ศร302,https://edu.mju.ac.th/ExamSchedule/Document/1-69F.xlsx
สอบปลายภาค 1/2569,2026-10-26,08:00 - 11:00,10400407-01,10400407,ทักษะดิจิทัลในศตวรรษที่ 21,2,70,511,580,ศร401,https://edu.mju.ac.th/ExamSchedule/Document/1-69F.xlsx
สอบปลายภาค 1/2569,2026-10-26,08:00 - 11:00,10400407-01,10400407,ทักษะดิจิทัลในศตวรรษที่ 21,2,90,91,180,80-501,https://edu.mju.ac.th/ExamSchedule/Document/1-69F.xlsx
สอบปลายภาค 1/2569,2026-10-26,08:00 - 11:00,10700202-01,10700202,สุขภาพสำหรับคนรุ่นใหม่,1,60,1,60,ศร201_1,https://edu.mju.ac.th/ExamSchedule/Document/1-69F.xlsx
สอบปลายภาค 1/2569,2026-10-26,08:00 - 11:00,10700202-01,10700202,สุขภาพสำหรับคนรุ่นใหม่,2,60,1,60,ศร201_1,https://edu.mju.ac.th/ExamSchedule/Document/1-69F.xlsx
สอบปลายภาค 1/2569,2026-10-26,08:00 - 11:00,10700202-01,10700202,สุขภาพสำหรับคนรุ่นใหม่,3,60,1,60,ศร201_2,https://edu.mju.ac.th/ExamSchedule/Document/1-69F.xlsx
สอบปลายภาค 1/2569,2026-10-26,08:00 - 11:00,10700202-01,10700202,สุขภาพสำหรับคนรุ่นใหม่,4,60,1,60,ศร201_2,https://edu.mju.ac.th/ExamSchedule/Document/1-69F.xlsx
สอบปลายภาค 1/2569,2026-10-26,08:00 - 11:00,10700202-01,10700202,สุขภาพสำหรับคนรุ่นใหม่,5,59,1,59,ศร403,https://edu.mju.ac.th/ExamSchedule/Document/1-69F.xlsx
สอบปลายภาค 1/2569,2026-10-26,08:00 - 11:00,10700202-01,10700202,สุขภาพสำหรับคนรุ่นใหม่,6,59,1,59,ศร403,https://edu.mju.ac.th/ExamSchedule/Document/1-69F.xlsx
สอบปลายภาค 1/2569,2026-10-26,08:00 - 11:00,10700202-01,10700202,สุขภาพสำหรับคนรุ่นใหม่,7,60,1,60,ศร304,https://edu.mju.ac.th/ExamSchedule/Document/1-69F.xlsx
สอบปลายภาค 1/2569,2026-10-26,08:00 - 11:00,10700202-01,10700202,สุขภาพสำหรับคนรุ่นใหม่,8,59,1,59,ศร304,https://edu.mju.ac.th/ExamSchedule/Document/1-69F.xlsx
สอบปลายภาค 1/2569,2026-10-26,08:00 - 11:00,10700202-01,10700202,สุขภาพสำหรับคนรุ่นใหม่,9,21,1,21,ศร304,https://edu.mju.ac.th/ExamSchedule/Document/1-69F.xlsx
สอบปลายภาค 1/2569,2026-10-26,08:00 - 11:00,10700202-01,10700202,สุขภาพสำหรับคนรุ่นใหม่,9,40,22,61,ศร305,https://edu.mju.ac.th/ExamSchedule/Document/1-69F.xlsx
สอบปลายภาค 1/2569,2026-10-26,08:00 - 11:00,10700202-01,10700202,สุขภาพสำหรับคนรุ่นใหม่,10,61,1,61,80-201,https://edu.mju.ac.th/ExamSchedule/Document/1-69F.xlsx
สอบปลายภาค 1/2569,2026-10-26,08:00 - 11:00,10700202-01,10700202,สุขภาพสำหรับคนรุ่นใหม่,11,59,1,59,80-201,https://edu.mju.ac.th/ExamSchedule/Document/1-69F.xlsx
สอบปลายภาค 1/2569,2026-10-26,08:00 - 11:00,10700202-01,10700202,สุขภาพสำหรับคนรุ่นใหม่,12,60,1,60,สังคม 106,https://edu.mju.ac.th/ExamSchedule/Document/1-69F.xlsx
สอบปลายภาค 1/2569,2026-10-26,15:30 - 18:30,10700105-01,10700105,มนุษย์ สังคม เทคโนโลยีและสิ่งแวดล้อม,1,118,1,118,ศร201_1,https://edu.mju.ac.th/ExamSchedule/Document/1-69F.xlsx
สอบปลายภาค 1/2569,2026-10-26,15:30 - 18:30,10700105-01,10700105,มนุษย์ สังคม เทคโนโลยีและสิ่งแวดล้อม,2,57,1,57,สังคม 106,https://edu.mju.ac.th/ExamSchedule/Document/1-69F.xlsx
สอบปลายภาค 1/2569,2026-10-26,15:30 - 18:30,10700311-01,10700311,ภาษาอังกฤษเพื่อการสมัครงาน,1,48,1,48,สิงห์พลิน,https://edu.mju.ac.th/ExamSchedule/Document/1-69F.xlsx
สอบปลายภาค 1/2569,2026-10-26,15:30 - 18:30,10700311-01,10700311,ภาษาอังกฤษเพื่อการสมัครงาน,2,48,1,48,สิงห์พลิน,https://edu.mju.ac.th/ExamSchedule/Document/1-69F.xlsx
สอบปลายภาค 1/2569,2026-10-26,15:30 - 18:30,10700311-01,10700311,ภาษาอังกฤษเพื่อการสมัครงาน,3,46,1,46,ศร304,https://edu.mju.ac.th/ExamSchedule/Document/1-69F.xlsx
สอบปลายภาค 1/2569,2026-10-26,15:30 - 18:30,10700311-01,10700311,ภาษาอังกฤษเพื่อการสมัครงาน,4,39,1,39,ศร304,https://edu.mju.ac.th/ExamSchedule/Document/1-69F.xlsx
สอบปลายภาค 1/2569,2026-10-26,15:30 - 18:30,10700311-01,10700311,ภาษาอังกฤษเพื่อการสมัครงาน,5,48,1,48,ศร304,https://edu.mju.ac.th/ExamSchedule/Document/1-69F.xlsx
สอบปลายภาค 1/2569,2026-10-26,15:30 - 18:30,10700311-01,10700311,ภาษาอังกฤษเพื่อการสมัครงาน,6,48,1,48,80-303,https://edu.mju.ac.th/ExamSchedule/Document/1-69F.xlsx
สอบปลายภาค 1/2569,2026-10-26,15:30 - 18:30,11400110-01,11400110,เศรษฐกิจพอเพียงและการพัฒนาที่ยั่งยืน,3,104,1,104,ศร403,https://edu.mju.ac.th/ExamSchedule/Document/1-69F.xlsx
สอบปลายภาค 1/2569,2026-10-27,08:00 - 11:00,10301211-1,10301211,คณิตศาสตร์สำหรับวิทยาการคอมพิวเตอร์,1,96,1,96,สิงห์พลิน,https://edu.mju.ac.th/ExamSchedule/Document/1-69F.xlsx
สอบปลายภาค 1/2569,2026-10-27,08:00 - 11:00,10700103-01,10700103,ประวัติศาสตร์และพัฒนาการของล้านนา,1,113,1,113,80-301,https://edu.mju.ac.th/ExamSchedule/Document/1-69F.xlsx
สอบปลายภาค 1/2569,2026-10-27,08:00 - 11:00,10700103-01,10700103,ประวัติศาสตร์และพัฒนาการของล้านนา,2,47,1,47,80-301,https://edu.mju.ac.th/ExamSchedule/Document/1-69F.xlsx
สอบปลายภาค 1/2569,2026-10-27,08:00 - 11:00,10700103-01,10700103,ประวัติศาสตร์และพัฒนาการของล้านนา,2,45,48,92,80-410,https://edu.mju.ac.th/ExamSchedule/Document/1-69F.xlsx
สอบปลายภาค 1/2569,2026-10-27,12:00 - 15:00,10700102-01,10700102,อารยธรรมและโลกสมัยใหม่,1,109,1,109,80-301,https://edu.mju.ac.th/ExamSchedule/Document/1-69F.xlsx
สอบปลายภาค 1/2569,2026-10-27,12:00 - 15:00,10700102-01,10700102,อารยธรรมและโลกสมัยใหม่,2,51,1,51,80-301,https://edu.mju.ac.th/ExamSchedule/Document/1-69F.xlsx
สอบปลายภาค 1/2569,2026-10-27,12:00 - 15:00,10700102-01,10700102,อารยธรรมและโลกสมัยใหม่,2,66,52,117,ศร403,https://edu.mju.ac.th/ExamSchedule/Document/1-69F.xlsx
สอบปลายภาค 1/2569,2026-10-27,12:00 - 15:00,10700102-01,10700102,อารยธรรมและโลกสมัยใหม่,3,54,1,54,ศร403,https://edu.mju.ac.th/ExamSchedule/Document/1-69F.xlsx
สอบปลายภาค 1/2569,2026-10-27,12:00 - 15:00,10700102-01,10700102,อารยธรรมและโลกสมัยใหม่,3,38,55,92,ศร402,https://edu.mju.ac.th/ExamSchedule/Document/1-69F.xlsx
สอบปลายภาค 1/2569,2026-10-27,12:00 - 15:00,10700102-01,10700102,อารยธรรมและโลกสมัยใหม่,4,135,1,135,ศร304,https://edu.mju.ac.th/ExamSchedule/Document/1-69F.xlsx
สอบปลายภาค 1/2569,2026-10-27,12:00 - 15:00,10700102-01,10700102,อารยธรรมและโลกสมัยใหม่,5,120,1,120,ศร201_1,https://edu.mju.ac.th/ExamSchedule/Document/1-69F.xlsx
สอบปลายภาค 1/2569,2026-10-27,12:00 - 15:00,10700102-01,10700102,อารยธรรมและโลกสมัยใหม่,6,120,1,120,ศร201_2,https://edu.mju.ac.th/ExamSchedule/Document/1-69F.xlsx
สอบปลายภาค 1/2569,2026-10-27,12:00 - 15:00,10700102-01,10700102,อารยธรรมและโลกสมัยใหม่,7,91,1,91,80-401,https://edu.mju.ac.th/ExamSchedule/Document/1-69F.xlsx
สอบปลายภาค 1/2569,2026-10-27,12:00 - 15:00,10700102-01,10700102,อารยธรรมและโลกสมัยใหม่,7,41,92,132,80-410,https://edu.mju.ac.th/ExamSchedule/Document/1-69F.xlsx
สอบปลายภาค 1/2569,2026-10-27,12:00 - 15:00,10700102-01,10700102,อารยธรรมและโลกสมัยใหม่,8,91,1,91,80-402,https://edu.mju.ac.th/ExamSchedule/Document/1-69F.xlsx
สอบปลายภาค 1/2569,2026-10-27,12:00 - 15:00,10700102-01,10700102,อารยธรรมและโลกสมัยใหม่,8,26,92,117,80-501,https://edu.mju.ac.th/ExamSchedule/Document/1-69F.xlsx
สอบปลายภาค 1/2569,2026-10-27,12:00 - 15:00,10700102-01,10700102,อารยธรรมและโลกสมัยใหม่,9,65,1,65,80-501,https://edu.mju.ac.th/ExamSchedule/Document/1-69F.xlsx
สอบปลายภาค 1/2569,2026-10-27,12:00 - 15:00,10700102-01,10700102,อารยธรรมและโลกสมัยใหม่,9,36,66,101,80-507,https://edu.mju.ac.th/ExamSchedule/Document/1-69F.xlsx
สอบปลายภาค 1/2569,2026-10-27,15:30 - 18:30,10700318-01,10700318,ภาษาอังกฤษสำหรับการท่องเที่ยวสมัยใหม่,1,55,1,55,80-303,https://edu.mju.ac.th/ExamSchedule/Document/1-69F.xlsx
สอบปลายภาค 1/2569,2026-10-27,15:30 - 18:30,10700318-01,10700318,ภาษาอังกฤษสำหรับการท่องเที่ยวสมัยใหม่,2,57,1,57,80-304,https://edu.mju.ac.th/ExamSchedule/Document/1-69F.xlsx
สอบปลายภาค 1/2569,2026-10-27,15:30 - 18:30,10700318-01,10700318,ภาษาอังกฤษสำหรับการท่องเที่ยวสมัยใหม่,3,52,1,52,80-403,https://edu.mju.ac.th/ExamSchedule/Document/1-69F.xlsx
สอบปลายภาค 1/2569,2026-10-28,08:00 - 11:00,10700319-01,10700319,ภาษาอังกฤษสำหรับผู้ประกอบการและการค้าระหว่างประเทศ,1,55,1,55,BA 301,https://edu.mju.ac.th/ExamSchedule/Document/1-69F.xlsx
สอบปลายภาค 1/2569,2026-10-28,08:00 - 11:00,10700319-01,10700319,ภาษาอังกฤษสำหรับผู้ประกอบการและการค้าระหว่างประเทศ,2,53,1,53,BA 305,https://edu.mju.ac.th/ExamSchedule/Document/1-69F.xlsx
สอบปลายภาค 1/2569,2026-10-28,08:00 - 11:00,10700319-01,10700319,ภาษาอังกฤษสำหรับผู้ประกอบการและการค้าระหว่างประเทศ,3,52,1,52,BA 501,https://edu.mju.ac.th/ExamSchedule/Document/1-69F.xlsx
สอบปลายภาค 1/2569,2026-10-28,08:00 - 11:00,10700319-01,10700319,ภาษาอังกฤษสำหรับผู้ประกอบการและการค้าระหว่างประเทศ,4,56,1,56,BA 503,https://edu.mju.ac.th/ExamSchedule/Document/1-69F.xlsx
สอบปลายภาค 1/2569,2026-10-28,12:00 - 15:00,10700310-01,10700310,ภาษาอังกฤษเบื้องต้นสำหรับธุรกิจและสตาร์ทอัพ,1,44,1,44,ศร201_1,https://edu.mju.ac.th/ExamSchedule/Document/1-69F.xlsx
สอบปลายภาค 1/2569,2026-10-28,12:00 - 15:00,10700310-01,10700310,ภาษาอังกฤษเบื้องต้นสำหรับธุรกิจและสตาร์ทอัพ,2,60,1,60,ศร201_1,https://edu.mju.ac.th/ExamSchedule/Document/1-69F.xlsx
สอบปลายภาค 1/2569,2026-10-28,12:00 - 15:00,10700310-01,10700310,ภาษาอังกฤษเบื้องต้นสำหรับธุรกิจและสตาร์ทอัพ,3,16,1,16,ศร201_1,https://edu.mju.ac.th/ExamSchedule/Document/1-69F.xlsx
สอบปลายภาค 1/2569,2026-10-28,12:00 - 15:00,10700310-01,10700310,ภาษาอังกฤษเบื้องต้นสำหรับธุรกิจและสตาร์ทอัพ,3,44,17,60,80-410,https://edu.mju.ac.th/ExamSchedule/Document/1-69F.xlsx
สอบปลายภาค 1/2569,2026-10-28,12:00 - 15:00,10700310-01,10700310,ภาษาอังกฤษเบื้องต้นสำหรับธุรกิจและสตาร์ทอัพ,4,60,1,60,ศร201_2,https://edu.mju.ac.th/ExamSchedule/Document/1-69F.xlsx
สอบปลายภาค 1/2569,2026-10-28,12:00 - 15:00,10700310-01,10700310,ภาษาอังกฤษเบื้องต้นสำหรับธุรกิจและสตาร์ทอัพ,5,60,1,60,ศร201_2,https://edu.mju.ac.th/ExamSchedule/Document/1-69F.xlsx
สอบปลายภาค 1/2569,2026-10-28,12:00 - 15:00,10700310-01,10700310,ภาษาอังกฤษเบื้องต้นสำหรับธุรกิจและสตาร์ทอัพ,6,60,1,60,ศร403,https://edu.mju.ac.th/ExamSchedule/Document/1-69F.xlsx
สอบปลายภาค 1/2569,2026-10-28,12:00 - 15:00,10700310-01,10700310,ภาษาอังกฤษเบื้องต้นสำหรับธุรกิจและสตาร์ทอัพ,7,55,1,55,ศร403,https://edu.mju.ac.th/ExamSchedule/Document/1-69F.xlsx
สอบปลายภาค 1/2569,2026-10-28,12:00 - 15:00,10700310-01,10700310,ภาษาอังกฤษเบื้องต้นสำหรับธุรกิจและสตาร์ทอัพ,8,60,1,60,ศร304,https://edu.mju.ac.th/ExamSchedule/Document/1-69F.xlsx
สอบปลายภาค 1/2569,2026-10-28,12:00 - 15:00,10700310-01,10700310,ภาษาอังกฤษเบื้องต้นสำหรับธุรกิจและสตาร์ทอัพ,9,64,1,64,ศร304,https://edu.mju.ac.th/ExamSchedule/Document/1-69F.xlsx
สอบปลายภาค 1/2569,2026-10-28,12:00 - 15:00,10700310-01,10700310,ภาษาอังกฤษเบื้องต้นสำหรับธุรกิจและสตาร์ทอัพ,10,16,1,16,ศร304,https://edu.mju.ac.th/ExamSchedule/Document/1-69F.xlsx
สอบปลายภาค 1/2569,2026-10-28,12:00 - 15:00,10700310-01,10700310,ภาษาอังกฤษเบื้องต้นสำหรับธุรกิจและสตาร์ทอัพ,10,46,17,62,80-301,https://edu.mju.ac.th/ExamSchedule/Document/1-69F.xlsx
สอบปลายภาค 1/2569,2026-10-28,12:00 - 15:00,10700310-01,10700310,ภาษาอังกฤษเบื้องต้นสำหรับธุรกิจและสตาร์ทอัพ,11,60,1,60,80-301,https://edu.mju.ac.th/ExamSchedule/Document/1-69F.xlsx
สอบปลายภาค 1/2569,2026-10-28,12:00 - 15:00,10700310-01,10700310,ภาษาอังกฤษเบื้องต้นสำหรับธุรกิจและสตาร์ทอัพ,12,54,1,54,80-301,https://edu.mju.ac.th/ExamSchedule/Document/1-69F.xlsx
สอบปลายภาค 1/2569,2026-10-28,12:00 - 15:00,10700310-01,10700310,ภาษาอังกฤษเบื้องต้นสำหรับธุรกิจและสตาร์ทอัพ,12,6,55,60,สิงห์พลิน,https://edu.mju.ac.th/ExamSchedule/Document/1-69F.xlsx
สอบปลายภาค 1/2569,2026-10-28,12:00 - 15:00,10700310-01,10700310,ภาษาอังกฤษเบื้องต้นสำหรับธุรกิจและสตาร์ทอัพ,13,30,1,30,สิงห์พลิน,https://edu.mju.ac.th/ExamSchedule/Document/1-69F.xlsx
สอบปลายภาค 1/2569,2026-10-28,12:00 - 15:00,10700310-01,10700310,ภาษาอังกฤษเบื้องต้นสำหรับธุรกิจและสตาร์ทอัพ,14,63,1,63,สิงห์พลิน,https://edu.mju.ac.th/ExamSchedule/Document/1-69F.xlsx
สอบปลายภาค 1/2569,2026-10-28,12:00 - 15:00,10700310-01,10700310,ภาษาอังกฤษเบื้องต้นสำหรับธุรกิจและสตาร์ทอัพ,15,60,1,60,สังคม 106,https://edu.mju.ac.th/ExamSchedule/Document/1-69F.xlsx
สอบปลายภาค 1/2569,2026-10-28,12:00 - 15:00,10700310-01,10700310,ภาษาอังกฤษเบื้องต้นสำหรับธุรกิจและสตาร์ทอัพ,16,60,1,60,80-201,https://edu.mju.ac.th/ExamSchedule/Document/1-69F.xlsx
สอบปลายภาค 1/2569,2026-10-28,12:00 - 15:00,10700310-01,10700310,ภาษาอังกฤษเบื้องต้นสำหรับธุรกิจและสตาร์ทอัพ,18,60,1,60,80-201,https://edu.mju.ac.th/ExamSchedule/Document/1-69F.xlsx
สอบปลายภาค 1/2569,2026-10-28,12:00 - 15:00,10700310-01,10700310,ภาษาอังกฤษเบื้องต้นสำหรับธุรกิจและสตาร์ทอัพ,19,10,1,10,80-201,https://edu.mju.ac.th/ExamSchedule/Document/1-69F.xlsx
สอบปลายภาค 1/2569,2026-10-28,12:00 - 15:00,10700310-01,10700310,ภาษาอังกฤษเบื้องต้นสำหรับธุรกิจและสตาร์ทอัพ,19,50,11,60,80-401,https://edu.mju.ac.th/ExamSchedule/Document/1-69F.xlsx
สอบปลายภาค 1/2569,2026-10-28,12:00 - 15:00,10700310-01,10700310,ภาษาอังกฤษเบื้องต้นสำหรับธุรกิจและสตาร์ทอัพ,20,40,1,40,80-401,https://edu.mju.ac.th/ExamSchedule/Document/1-69F.xlsx
สอบปลายภาค 1/2569,2026-10-28,12:00 - 15:00,10700310-01,10700310,ภาษาอังกฤษเบื้องต้นสำหรับธุรกิจและสตาร์ทอัพ,20,18,41,58,ศร204,https://edu.mju.ac.th/ExamSchedule/Document/1-69F.xlsx
สอบปลายภาค 1/2569,2026-10-28,12:00 - 15:00,10700310-01,10700310,ภาษาอังกฤษเบื้องต้นสำหรับธุรกิจและสตาร์ทอัพ,21,60,1,60,ศร204,https://edu.mju.ac.th/ExamSchedule/Document/1-69F.xlsx
สอบปลายภาค 1/2569,2026-10-28,12:00 - 15:00,10700310-01,10700310,ภาษาอังกฤษเบื้องต้นสำหรับธุรกิจและสตาร์ทอัพ,22,60,1,60,80-305 (สำรอง),https://edu.mju.ac.th/ExamSchedule/Document/1-69F.xlsx
สอบปลายภาค 1/2569,2026-10-28,12:00 - 15:00,10700310-01,10700310,ภาษาอังกฤษเบื้องต้นสำหรับธุรกิจและสตาร์ทอัพ,23,60,1,60,วิทย์ 2507/1,https://edu.mju.ac.th/ExamSchedule/Document/1-69F.xlsx
สอบปลายภาค 1/2569,2026-10-28,12:00 - 15:00,10700310-01,10700310,ภาษาอังกฤษเบื้องต้นสำหรับธุรกิจและสตาร์ทอัพ,24,60,1,60,วิทย์ 2507/2,https://edu.mju.ac.th/ExamSchedule/Document/1-69F.xlsx
สอบปลายภาค 1/2569,2026-10-28,12:00 - 15:00,10700310-01,10700310,ภาษาอังกฤษเบื้องต้นสำหรับธุรกิจและสตาร์ทอัพ,25,54,1,54,BA 301,https://edu.mju.ac.th/ExamSchedule/Document/1-69F.xlsx
สอบปลายภาค 1/2569,2026-10-28,15:30 - 18:30,10301112-1,10301112,เทคโนโลยีสารสนเทศและการสื่อสาร,1,86,1,86,80-401,https://edu.mju.ac.th/ExamSchedule/Document/1-69F.xlsx
สอบปลายภาค 1/2569,2026-10-28,15:30 - 18:30,10500501-01,10500501,เศรษฐศาสตร์เพื่อชีวิตประจำวันและการประกอบการ,1,79,1,79,ศร204,https://edu.mju.ac.th/ExamSchedule/Document/1-69F.xlsx
สอบปลายภาค 1/2569,2026-10-29,08:00 - 11:00,10700106-01,10700106,สังคมและวัฒนธรรมไทย,1,78,1,78,ศร304,https://edu.mju.ac.th/ExamSchedule/Document/1-69F.xlsx
สอบปลายภาค 1/2569,2026-10-29,08:00 - 11:00,10700106-01,10700106,สังคมและวัฒนธรรมไทย,2,62,1,62,ศร304,https://edu.mju.ac.th/ExamSchedule/Document/1-69F.xlsx
สอบปลายภาค 1/2569,2026-10-29,08:00 - 11:00,10700106-01,10700106,สังคมและวัฒนธรรมไทย,2,51,63,113,ศร403,https://edu.mju.ac.th/ExamSchedule/Document/1-69F.xlsx
สอบปลายภาค 1/2569,2026-10-29,08:00 - 11:00,10700106-01,10700106,สังคมและวัฒนธรรมไทย,3,69,1,69,ศร403,https://edu.mju.ac.th/ExamSchedule/Document/1-69F.xlsx
สอบปลายภาค 1/2569,2026-10-29,08:00 - 11:00,10700106-01,10700106,สังคมและวัฒนธรรมไทย,3,51,70,120,ศร201_2,https://edu.mju.ac.th/ExamSchedule/Document/1-69F.xlsx
สอบปลายภาค 1/2569,2026-10-29,08:00 - 11:00,10700106-01,10700106,สังคมและวัฒนธรรมไทย,4,69,1,69,ศร201_2,https://edu.mju.ac.th/ExamSchedule/Document/1-69F.xlsx
สอบปลายภาค 1/2569,2026-10-29,08:00 - 11:00,10700106-01,10700106,สังคมและวัฒนธรรมไทย,4,51,70,120,ศร201_1,https://edu.mju.ac.th/ExamSchedule/Document/1-69F.xlsx
สอบปลายภาค 1/2569,2026-10-29,08:00 - 11:00,10700106-01,10700106,สังคมและวัฒนธรรมไทย,5,69,1,69,ศร201_1,https://edu.mju.ac.th/ExamSchedule/Document/1-69F.xlsx
สอบปลายภาค 1/2569,2026-10-29,08:00 - 11:00,10700106-01,10700106,สังคมและวัฒนธรรมไทย,5,36,70,105,ศร305,https://edu.mju.ac.th/ExamSchedule/Document/1-69F.xlsx
สอบปลายภาค 1/2569,2026-10-29,08:00 - 11:00,10700106-01,10700106,สังคมและวัฒนธรรมไทย,6,70,1,70,ศร204,https://edu.mju.ac.th/ExamSchedule/Document/1-69F.xlsx
สอบปลายภาค 1/2569,2026-10-29,12:00 - 15:00,10700320-01,10700320,ภาษาอังกฤษเพื่อการศึกษาต่อและการประกอบอาชีพ,1,60,1,60,ศร201_1,https://edu.mju.ac.th/ExamSchedule/Document/1-69F.xlsx
สอบปลายภาค 1/2569,2026-10-29,12:00 - 15:00,10700320-01,10700320,ภาษาอังกฤษเพื่อการศึกษาต่อและการประกอบอาชีพ,2,58,1,58,ศร201_1,https://edu.mju.ac.th/ExamSchedule/Document/1-69F.xlsx
สอบปลายภาค 1/2569,2026-10-29,12:00 - 15:00,10700401-01,10700401,การรู้สารสนเทศ,1,79,1,79,80-301,https://edu.mju.ac.th/ExamSchedule/Document/1-69F.xlsx
สอบปลายภาค 1/2569,2026-10-29,12:00 - 15:00,10700401-01,10700401,การรู้สารสนเทศ,2,81,1,81,80-301,https://edu.mju.ac.th/ExamSchedule/Document/1-69F.xlsx
สอบปลายภาค 1/2569,2026-10-29,12:00 - 15:00,10700401-01,10700401,การรู้สารสนเทศ,3,62,1,62,ศร304,https://edu.mju.ac.th/ExamSchedule/Document/1-69F.xlsx
สอบปลายภาค 1/2569,2026-10-29,12:00 - 15:00,10700401-01,10700401,การรู้สารสนเทศ,4,63,1,63,ศร304,https://edu.mju.ac.th/ExamSchedule/Document/1-69F.xlsx
สอบปลายภาค 1/2569,2026-10-29,12:00 - 15:00,10700401-01,10700401,การรู้สารสนเทศ,5,15,1,15,ศร304,https://edu.mju.ac.th/ExamSchedule/Document/1-69F.xlsx
สอบปลายภาค 1/2569,2026-10-29,12:00 - 15:00,10700401-01,10700401,การรู้สารสนเทศ,5,30,16,45,80-201,https://edu.mju.ac.th/ExamSchedule/Document/1-69F.xlsx
สอบปลายภาค 1/2569,2026-10-29,12:00 - 15:00,10700401-01,10700401,การรู้สารสนเทศ,6,97,1,97,80-201,https://edu.mju.ac.th/ExamSchedule/Document/1-69F.xlsx
สอบปลายภาค 1/2569,2026-10-29,12:00 - 15:00,10700401-01,10700401,การรู้สารสนเทศ,7,80,1,80,ศร204,https://edu.mju.ac.th/ExamSchedule/Document/1-69F.xlsx
สอบปลายภาค 1/2569,2026-10-29,12:00 - 15:00,10700401-01,10700401,การรู้สารสนเทศ,8,47,1,47,80-408,https://edu.mju.ac.th/ExamSchedule/Document/1-69F.xlsx
สอบปลายภาค 1/2569,2026-10-29,12:00 - 15:00,10700401-01,10700401,การรู้สารสนเทศ,8,46,48,93,80-409,https://edu.mju.ac.th/ExamSchedule/Document/1-69F.xlsx
สอบปลายภาค 1/2569,2026-10-29,15:30 - 18:30,10700109-01,10700109,จิตอาสาเพื่อพัฒนาสังคม,1,51,1,51,EC402,https://edu.mju.ac.th/ExamSchedule/Document/1-69F.xlsx
สอบปลายภาค 1/2569,2026-10-29,15:30 - 18:30,10700109-01,10700109,จิตอาสาเพื่อพัฒนาสังคม,2,51,1,51,EC403,https://edu.mju.ac.th/ExamSchedule/Document/1-69F.xlsx
สอบปลายภาค 1/2569,2026-10-29,15:30 - 18:30,10700312-01,10700312,ภาษาอังกฤษเชิงวิชาการ,1,60,1,60,ศร201_1,https://edu.mju.ac.th/ExamSchedule/Document/1-69F.xlsx
สอบปลายภาค 1/2569,2026-10-29,15:30 - 18:30,10700312-01,10700312,ภาษาอังกฤษเชิงวิชาการ,2,58,1,58,ศร201_1,https://edu.mju.ac.th/ExamSchedule/Document/1-69F.xlsx
สอบปลายภาค 1/2569,2026-10-29,15:30 - 18:30,10700312-01,10700312,ภาษาอังกฤษเชิงวิชาการ,3,58,1,58,ศร201_2,https://edu.mju.ac.th/ExamSchedule/Document/1-69F.xlsx
สอบปลายภาค 1/2569,2026-10-29,15:30 - 18:30,10700312-01,10700312,ภาษาอังกฤษเชิงวิชาการ,4,54,1,54,ศร201_2,https://edu.mju.ac.th/ExamSchedule/Document/1-69F.xlsx
สอบปลายภาค 1/2569,2026-10-30,08:00 - 11:00,10700104-01,10700104,ผู้สูงอายุและสังคมผู้สูงวัย,1,112,1,112,ศร201_1,https://edu.mju.ac.th/ExamSchedule/Document/1-69F.xlsx
สอบปลายภาค 1/2569,2026-10-30,12:00 - 15:00,10700101-01,10700101,สังคมโลกสมัยใหม่ในชีวิตประจำวัน,1,120,1,120,ศร201_1,https://edu.mju.ac.th/ExamSchedule/Document/1-69F.xlsx
สอบปลายภาค 1/2569,2026-10-30,12:00 - 15:00,10700101-01,10700101,สังคมโลกสมัยใหม่ในชีวิตประจำวัน,2,120,1,120,ศร201_2,https://edu.mju.ac.th/ExamSchedule/Document/1-69F.xlsx
สอบปลายภาค 1/2569,2026-10-30,12:00 - 15:00,10700101-01,10700101,สังคมโลกสมัยใหม่ในชีวิตประจำวัน,3,120,1,120,ศร403,https://edu.mju.ac.th/ExamSchedule/Document/1-69F.xlsx
สอบปลายภาค 1/2569,2026-10-30,12:00 - 15:00,10700101-01,10700101,สังคมโลกสมัยใหม่ในชีวิตประจำวัน,4,117,1,117,ศร304,https://edu.mju.ac.th/ExamSchedule/Document/1-69F.xlsx
สอบปลายภาค 1/2569,2026-10-30,12:00 - 15:00,10700101-01,10700101,สังคมโลกสมัยใหม่ในชีวิตประจำวัน,5,23,1,23,ศร304,https://edu.mju.ac.th/ExamSchedule/Document/1-69F.xlsx
สอบปลายภาค 1/2569,2026-10-30,12:00 - 15:00,10700101-01,10700101,สังคมโลกสมัยใหม่ในชีวิตประจำวัน,5,96,24,119,สิงห์พลิน,https://edu.mju.ac.th/ExamSchedule/Document/1-69F.xlsx
สอบปลายภาค 1/2569,2026-10-30,12:00 - 15:00,10700101-01,10700101,สังคมโลกสมัยใหม่ในชีวิตประจำวัน,6,120,1,120,80-301,https://edu.mju.ac.th/ExamSchedule/Document/1-69F.xlsx
สอบปลายภาค 1/2569,2026-10-30,12:00 - 15:00,10700101-01,10700101,สังคมโลกสมัยใหม่ในชีวิตประจำวัน,7,40,1,40,80-301,https://edu.mju.ac.th/ExamSchedule/Document/1-69F.xlsx
สอบปลายภาค 1/2569,2026-10-30,12:00 - 15:00,10700101-01,10700101,สังคมโลกสมัยใหม่ในชีวิตประจำวัน,7,79,41,119,ศร204,https://edu.mju.ac.th/ExamSchedule/Document/1-69F.xlsx
สอบปลายภาค 1/2569,2026-10-30,12:00 - 15:00,10700101-01,10700101,สังคมโลกสมัยใหม่ในชีวิตประจำวัน,8,119,1,119,80-201,https://edu.mju.ac.th/ExamSchedule/Document/1-69F.xlsx
สอบปลายภาค 1/2569,2026-10-30,12:00 - 15:00,10700101-01,10700101,สังคมโลกสมัยใหม่ในชีวิตประจำวัน,9,13,1,13,80-201,https://edu.mju.ac.th/ExamSchedule/Document/1-69F.xlsx
สอบปลายภาค 1/2569,2026-10-30,12:00 - 15:00,10700101-01,10700101,สังคมโลกสมัยใหม่ในชีวิตประจำวัน,9,74,14,87,ศร302,https://edu.mju.ac.th/ExamSchedule/Document/1-69F.xlsx
สอบปลายภาค 1/2569,2026-10-30,12:00 - 15:00,10700101-01,10700101,สังคมโลกสมัยใหม่ในชีวิตประจำวัน,10,63,1,63,ศร306,https://edu.mju.ac.th/ExamSchedule/Document/1-69F.xlsx
สอบปลายภาค 1/2569,2026-10-30,15:30 - 18:30,10200504-01,10200504,การเป็นผู้ประกอบการ,1,160,1,160,80-301,https://edu.mju.ac.th/ExamSchedule/Document/1-69F.xlsx
สอบปลายภาค 1/2569,2026-10-30,15:30 - 18:30,10200504-01,10200504,การเป็นผู้ประกอบการ,1,78,161,238,ศร201_1,https://edu.mju.ac.th/ExamSchedule/Document/1-69F.xlsx
สอบปลายภาค 1/2569,2026-10-30,15:30 - 18:30,10200504-01,10200504,การเป็นผู้ประกอบการ,2,42,1,42,ศร201_1,https://edu.mju.ac.th/ExamSchedule/Document/1-69F.xlsx
สอบปลายภาค 1/2569,2026-10-30,15:30 - 18:30,10200504-01,10200504,การเป็นผู้ประกอบการ,2,110,163,272,ศร403,https://edu.mju.ac.th/ExamSchedule/Document/1-69F.xlsx
สอบปลายภาค 1/2569,2026-10-30,15:30 - 18:30,10200504-01,10200504,การเป็นผู้ประกอบการ,2,120,43,162,ศร201_2,https://edu.mju.ac.th/ExamSchedule/Document/1-69F.xlsx
สอบปลายภาค 1/2569,2026-10-30,15:30 - 18:30,10200504-01,10200504,การเป็นผู้ประกอบการ,3,140,1,140,ศร304,https://edu.mju.ac.th/ExamSchedule/Document/1-69F.xlsx
สอบปลายภาค 1/2569,2026-10-30,15:30 - 18:30,10200504-01,10200504,การเป็นผู้ประกอบการ,3,49,141,189,80-201,https://edu.mju.ac.th/ExamSchedule/Document/1-69F.xlsx
สอบปลายภาค 1/2569,2026-10-30,15:30 - 18:30,10200504-01,10200504,การเป็นผู้ประกอบการ,4,83,1,83,80-201,https://edu.mju.ac.th/ExamSchedule/Document/1-69F.xlsx
สอบปลายภาค 1/2569,2026-10-30,15:30 - 18:30,10200504-01,10200504,การเป็นผู้ประกอบการ,4,85,174,258,80-501,https://edu.mju.ac.th/ExamSchedule/Document/1-69F.xlsx
สอบปลายภาค 1/2569,2026-10-30,15:30 - 18:30,10200504-01,10200504,การเป็นผู้ประกอบการ,4,90,84,173,80-402,https://edu.mju.ac.th/ExamSchedule/Document/1-69F.xlsx
สอบปลายภาค 1/2569,2026-10-30,15:30 - 18:30,10700203-01,10700203,ศาสตร์และศิลป์แห่งปัญญาชน,1,85,1,85,80-401,https://edu.mju.ac.th/ExamSchedule/Document/1-69F.xlsx
