acadyear_be,level,semester,event,start_date,end_date,start_weekday_th,end_weekday_th,note,source_url
2569,ปริญญาตรี,ภาคการศึกษาที่ 1,วันลงทะเบียนรายวิชา นักศึกษารหัส 69 ผ่านระบบอินเทอร์เน็ต,2026-06-19,,ศุกร์,,,https://edu.mju.ac.th/fileDownload/891.pdf
2569,ปริญญาตรี,ภาคการศึกษาที่ 1,วันลงทะเบียนรายวิชา นักศึกษารหัส 68 ผ่านระบบอินเทอร์เน็ต,2026-06-22,,จันทร์,,,https://edu.mju.ac.th/fileDownload/891.pdf
2569,ปริญญาตรี,ภาคการศึกษาที่ 1,วันลงทะเบียนรายวิชา นักศึกษารหัส 67 ลงไป ผ่านระบบอินเทอร์เน็ต,2026-06-23,,อังคาร,,,https://edu.mju.ac.th/fileDownload/891.pdf
2569,ปริญญาตรี,ภาคการศึกษาที่ 1,วันเปิดภาคการศึกษาและวันเข้าชั้นเรียน,2026-06-29,,จันทร์,,,https://edu.mju.ac.th/fileDownload/891.pdf
2569,ปริญญาตรี,ภาคการศึกษาที่ 1,วันเพิ่ม เปลี่ยนหรือถอนรายวิชาผ่านระบบอินเทอร์เน็ต,2026-06-29,2026-07-01,จันทร์,พุธ,,https://edu.mju.ac.th/fileDownload/891.pdf
2569,ปริญญาตรี,ภาคการศึกษาที่ 1,วันสุดท้ายการขอเปลี่ยนการประเมินผลรายวิชาผู้ร่วมฟัง อักษร V และอักษร S/U,2026-06-29,2026-07-01,จันทร์,พุธ,,https://edu.mju.ac.th/fileDownload/891.pdf
2569,ปริญญาตรี,ภาคการศึกษาที่ 1,วันสุดท้ายของการยื่นคำร้องขอเทียบโอนรายวิชา/หน่วยกิต,2026-07-01,,พุธ,,,https://edu.mju.ac.th/fileDownload/891.pdf
2569,ปริญญาตรี,ภาคการศึกษาที่ 1,วันชำระเงินค่าธรรมเนียมการศึกษาผ่านธนาคาร,2026-07-06,2026-07-12,จันทร์,อาทิตย์,,https://edu.mju.ac.th/fileDownload/891.pdf
2569,ปริญญาตรี,ภาคการศึกษาที่ 1,วันไหว้ครู,2026-07-23,,พฤหัสบดี,,,https://edu.mju.ac.th/fileDownload/891.pdf
2569,ปริญญาตรี,ภาคการศึกษาที่ 1,ยื่นขอสำเร็จการศึกษาผ่านระบบออนไลน์,2026-07-20,2026-10-18,จันทร์,อาทิตย์,,https://edu.mju.ac.th/fileDownload/891.pdf
2569,ปริญญาตรี,ภาคการศึกษาที่ 1,วันสุดท้ายของการติดต่อกับมหาวิทยาลัย (รักษาสภาพการเป็นนักศึกษา) กรณีไม่ได้ลงทะเบียน เพราะได้รับอนุมัติให้ลาพักการศึกษา/สั่งพักการศึกษา หรือไม่มีรายวิชาที่ต้องลงทะเบียน,2026-07-31,,ศุกร์,,,https://edu.mju.ac.th/fileDownload/891.pdf
2569,ปริญญาตรี,ภาคการศึกษาที่ 1,วันสุดท้ายของการเปลี่ยนอักษร I,2026-07-31,,ศุกร์,,,https://edu.mju.ac.th/fileDownload/891.pdf
2569,ปริญญาตรี,ภาคการศึกษาที่ 1,วันสอบกลางภาค (งดการเรียนการสอนทั้งภาคปกติและภาคสมทบ),2026-08-24,2026-08-30,จันทร์,อาทิตย์,,https://edu.mju.ac.th/fileDownload/891.pdf
2569,ปริญญาตรี,ภาคการศึกษาที่ 1,วันสุดท้ายของการบอกเลิกรายวิชา โดยได้รับอักษร W,2026-09-15,,อังคาร,,,https://edu.mju.ac.th/fileDownload/891.pdf
2569,ปริญญาตรี,ภาคการศึกษาที่ 1,วันสุดท้ายของการเรียนการสอน,2026-10-18,,อาทิตย์,,,https://edu.mju.ac.th/fileDownload/891.pdf
2569,ปริญญาตรี,ภาคการศึกษาที่ 1,วันสอบปลายภาค (งดการเรียนการสอนทั้งภาคปกติและภาคสมทบ),2026-10-19,2026-11-01,จันทร์,อาทิตย์,,https://edu.mju.ac.th/fileDownload/891.pdf
2569,ปริญญาตรี,ภาคการศึกษาที่ 1,วันปิดภาคการศึกษา,2026-11-02,,จันทร์,,,https://edu.mju.ac.th/fileDownload/891.pdf
2569,ปริญญาตรี,ภาคการศึกษาที่ 1,วันสุดท้ายส่งคะแนนผลการสอบปลายภาค ผ่านระบบอินเทอร์เน็ต,2026-11-09,,จันทร์,,,https://edu.mju.ac.th/fileDownload/891.pdf
2569,ปริญญาตรี,ภาคการศึกษาที่ 1,วันประกาศผลการศึกษา,2026-11-10,,อังคาร,,,https://edu.mju.ac.th/fileDownload/891.pdf
2569,ปริญญาตรี,ภาคการศึกษาที่ 2,วันลงทะเบียนรายวิชา นักศึกษารหัส 69 ผ่านระบบอินเทอร์เน็ต,2026-11-11,,พุธ,,,https://edu.mju.ac.th/fileDownload/891.pdf
2569,ปริญญาตรี,ภาคการศึกษาที่ 2,วันลงทะเบียนรายวิชา นักศึกษารหัส 68 ผ่านระบบอินเทอร์เน็ต,2026-11-12,,พฤหัสบดี,,,https://edu.mju.ac.th/fileDownload/891.pdf
2569,ปริญญาตรี,ภาคการศึกษาที่ 2,วันลงทะเบียนรายวิชา นักศึกษารหัส 67 ลงไป ผ่านระบบอินเทอร์เน็ต,2026-11-13,,ศุกร์,,,https://edu.mju.ac.th/fileDownload/891.pdf
2569,ปริญญาตรี,ภาคการศึกษาที่ 2,วันเปิดภาคการศึกษาและวันเข้าชั้นเรียน,2026-11-16,,จันทร์,,,https://edu.mju.ac.th/fileDownload/891.pdf
2569,ปริญญาตรี,ภาคการศึกษาที่ 2,วันเพิ่ม เปลี่ยนหรือถอนรายวิชาผ่านระบบอินเทอร์เน็ต,2026-11-16,2026-11-18,จันทร์,พุธ,,https://edu.mju.ac.th/fileDownload/891.pdf
2569,ปริญญาตรี,ภาคการศึกษาที่ 2,วันสุดท้ายการขอเปลี่ยนการประเมินผลรายวิชาผู้ร่วมฟัง อักษร V และอักษร S/U,2026-11-16,2026-11-18,จันทร์,พุธ,,https://edu.mju.ac.th/fileDownload/891.pdf
2569,ปริญญาตรี,ภาคการศึกษาที่ 2,วันชำระเงินค่าธรรมเนียมการศึกษาผ่านธนาคาร,2026-11-23,2026-11-29,จันทร์,อาทิตย์,,https://edu.mju.ac.th/fileDownload/891.pdf
2569,ปริญญาตรี,ภาคการศึกษาที่ 2,ยื่นขอสำเร็จการศึกษาผ่านระบบออนไลน์,2026-12-08,2027-03-07,อังคาร,อาทิตย์,,https://edu.mju.ac.th/fileDownload/891.pdf
2569,ปริญญาตรี,ภาคการศึกษาที่ 2,วันสุดท้ายของการติดต่อกับมหาวิทยาลัย (รักษาสภาพการเป็นนักศึกษา) กรณีไม่ได้ลงทะเบียนเพราะได้รับอนุมัติให้ลาพักการศึกษา/สั่งพักการศึกษา หรือไม่มีรายวิชาที่ต้องลงทะเบียน,2026-12-15,,อังคาร,,,https://edu.mju.ac.th/fileDownload/891.pdf
2569,ปริญญาตรี,ภาคการศึกษาที่ 2,วันสุดท้ายของการเปลี่ยนอักษร I,2026-12-15,,อังคาร,,,https://edu.mju.ac.th/fileDownload/891.pdf
2569,ปริญญาตรี,ภาคการศึกษาที่ 2,วันสอบกลางภาค (งดการเรียนการสอนทั้งภาคปกติและภาคสมทบ),2027-01-11,2027-01-17,จันทร์,อาทิตย์,,https://edu.mju.ac.th/fileDownload/891.pdf
2569,ปริญญาตรี,ภาคการศึกษาที่ 2,วันสุดท้ายของการบอกเลิกรายวิชา โดยได้รับอักษร W,2027-02-09,,อังคาร,,,https://edu.mju.ac.th/fileDownload/891.pdf
2569,ปริญญาตรี,ภาคการศึกษาที่ 2,วันสุดท้ายของการเรียนการสอน,2027-03-07,,อาทิตย์,,,https://edu.mju.ac.th/fileDownload/891.pdf
2569,ปริญญาตรี,ภาคการศึกษาที่ 2,วันสอบปลายภาค (งดการเรียนการสอนทั้งภาคปกติและภาคสมทบ),2027-03-08,2027-03-21,จันทร์,อาทิตย์,,https://edu.mju.ac.th/fileDownload/891.pdf
2569,ปริญญาตรี,ภาคการศึกษาที่ 2,วันปิดภาคการศึกษา,2027-03-22,,จันทร์,,,https://edu.mju.ac.th/fileDownload/891.pdf
2569,ปริญญาตรี,ภาคการศึกษาที่ 2,วันสุดท้ายส่งคะแนนผลการสอบปลายภาค ผ่านระบบอินเทอร์เน็ต,2027-03-29,,จันทร์,,,https://edu.mju.ac.th/fileDownload/891.pdf
2569,ปริญญาตรี,ภาคการศึกษาที่ 2,วันประกาศผลการศึกษา,2027-03-30,,อังคาร,,,https://edu.mju.ac.th/fileDownload/891.pdf
2569,ปริญญาตรี,ภาคฤดูร้อน,วันประกาศตารางเรียนและตารางสอน,2027-04-07,,พุธ,,,https://edu.mju.ac.th/fileDownload/891.pdf
2569,ปริญญาตรี,ภาคฤดูร้อน,วันลงทะเบียนรายวิชา นักศึกษาทุกชั้นปี,2027-04-16,,ศุกร์,,,https://edu.mju.ac.th/fileDownload/891.pdf
2569,ปริญญาตรี,ภาคฤดูร้อน,วันเปิดภาคการศึกษาและวันเข้าชั้นเรียน,2027-04-19,,จันทร์,,,https://edu.mju.ac.th/fileDownload/891.pdf
2569,ปริญญาตรี,ภาคฤดูร้อน,วันเพิ่ม เปลี่ยนหรือถอนรายวิชาผ่านระบบอินเทอร์เน็ต,2027-04-19,2027-04-21,จันทร์,พุธ,,https://edu.mju.ac.th/fileDownload/891.pdf
2569,ปริญญาตรี,ภาคฤดูร้อน,วันสุดท้ายการขอเปลี่ยนการประเมินผลรายวิชาผู้ร่วมฟัง อักษร V และอักษร S/U,2027-04-19,2027-04-21,จันทร์,พุธ,,https://edu.mju.ac.th/fileDownload/891.pdf
2569,ปริญญาตรี,ภาคฤดูร้อน,วันชำระเงินค่าธรรมเนียมการศึกษาผ่านธนาคาร,2027-04-26,2027-05-02,จันทร์,อาทิตย์,,https://edu.mju.ac.th/fileDownload/891.pdf
2569,ปริญญาตรี,ภาคฤดูร้อน,ยื่นขอสำเร็จการศึกษาผ่านระบบออนไลน์,2027-05-10,2027-06-06,จันทร์,อาทิตย์,,https://edu.mju.ac.th/fileDownload/891.pdf
2569,ปริญญาตรี,ภาคฤดูร้อน,วันสุดท้ายของการเรียนการสอน,2027-06-10,,อาทิตย์,,วันในสัปดาห์ตามต้นฉบับไม่ตรงกับวันที่ (ต้นฉบับอาจพิมพ์ผิด),https://edu.mju.ac.th/fileDownload/891.pdf
2569,ปริญญาตรี,ภาคฤดูร้อน,วันสอบปลายภาค (งดการเรียนการสอนทั้งภาคปกติและภาคสมทบ),2027-06-07,2027-06-13,จันทร์,อาทิตย์,,https://edu.mju.ac.th/fileDownload/891.pdf
2569,ปริญญาตรี,ภาคฤดูร้อน,วันปิดภาคการศึกษา,2027-06-14,,จันทร์,,,https://edu.mju.ac.th/fileDownload/891.pdf
2569,ปริญญาตรี,ภาคฤดูร้อน,วันสุดท้ายส่งคะแนนผลการสอบปลายภาค ผ่านระบบอินเทอร์เน็ต,2027-06-21,,จันทร์,,,https://edu.mju.ac.th/fileDownload/891.pdf
2569,ปริญญาตรี,ภาคฤดูร้อน,วันประกาศผลการศึกษา,2027-06-22,,อังคาร,,,https://edu.mju.ac.th/fileDownload/891.pdf
