path,url,final_url,title,requires_login,text_length,text
/,https://gates.csmju.com/,https://gates.csmju.com/,Home | CSMJU,False,2803,"สาขาวิชาวิทยาการคอมพิวเตอร์
สาขาวิชาวิทยาการคอมพิวเตอร์
คณะวิทยาศาสตร์ · มหาวิทยาลัยแม่โจ้

CSMJU หลักสูตรระดับปริญญาตรีของเรามุ่งเสริมสร้างทักษะให้นักศึกษา
พร้อมรับมือกับโลกดิจิทัลในยุคปัจจุบัน

สมัครเรียน
หลักสูตร
ทุนการศึกษา
ปฏิทินกิจกรรม
ประชาสัมพันธ์ TCAS70 รอบ1.1
ประชาสัมพันธ์ TCAS70 รอบ
ชมสิ่งอำนวยความสะดวก
คลิกเพื่อดูรูปภาพขยายใหญ่
📷
ประชาสัมพันธ์ TCAS70 รอบ1.1
ดูรูปใหญ่
2 / 2

สไลด์โชว์

2 รูปภาพ

อนาคตในโลกคอมพิวเตอร์ของคุณ

เรียนรู้และเชี่ยวชาญทักษะที่สำคัญด้านวิทยาการคอมพิวเตอร์ผ่านหลักสูตรที่เข้มข้น

หลักสูตรวิทยาศาสตรบัณฑิต

หลักสูตรที่ได้รับการรับรองมาตรฐาน ผสานฐานความรู้ทางทฤษฎีเข้ากับทักษะการปฏิบัติเพื่อตอบโจทย์ตลาดงานยุคใหม่

การพัฒนาเว็บและซอฟต์แวร์

เชี่ยวชาญการพัฒนาซอฟต์แวร์แบบ Full-stack เรียนรู้การสร้างและขยายระบบซอฟต์แวร์ตั้งแต่หน้าบ้านจนถึงหลังบ้าน

ปัญญาประดิษฐ์และวิทยาการข้อมูล

ปลดล็อกศักยภาพของข้อมูล ศึกษาอัลกอริทึมและโครงข่ายประสาทเทียมเพื่อขับเคลื่อนการเรียนรู้ของเครื่องและการวิเคราะห์ข้อมูล

อินเทอร์เน็ตในทุกสิ่ง (IoT)

เชื่อมโยงโลกกายภาพกับโลกดิจิทัล ออกแบบระบบอัจฉริยะด้วยเซนเซอร์และการประมวลผลแบบ Real-time

ความมุ่งมั่นและเป้าหมายของเรา

หลักสูตรวิทยาการคอมพิวเตอร์ของเราผสานองค์ความรู้ทางวิชาการและการปฏิบัติจริง เพื่อส่งเสริมให้นักศึกษาก้าวสู่ความสำเร็จในยุคดิจิทัล

3

องค์ความรู้แห่งศาสตร์วิทยาการคอมพิวเตอร์

7

โมดูลการเรียนรู้เชิงแนวคิดและปฎิบัติจริง

59+

รายวิชาที่เปิดสอนโดยเลือกเรียนตามความสนใจ

1,999+

นักศึกษาที่สำเร็จการศึกษาแล้วทั้งสิ้น

ข่าวสารล่าสุด

LATEST UPDATES

ดูทั้งหมด
25 สิงหาคม 2569
โครงการพัฒนาสมรรถนะด้าน (AI) ให้กับบุคลากร มหาวิทยาลัยแม่โจ้ หัวข้อ “การจัดทำเอกสารประกอบการสอนและตำราให้เข้าถึงผู้เรียนยุคใหม่”
25 สิงหาคม 2569
ขอแสดงความยินดี กับบุคลากรหลักสูตรสาขาวิชาฯ ที่ได้รับรางวัลนักวิจัยดีเด่นคณะวิทยาศาสตร์ ม. แม่โจ้ เนื่องในงานมหากรรมวิทยาศาสตร์และเทคโนโลยี 2569

ขอแสดงความยินดี กับ ผศ.ดร. ปวีณ เขื่อนแก้ว ผศ.ดร.สมนึก สินธุปวน และ ผศ.ภานุวัฒน์ เมฆะ ที่ได้รับร…

โครงการ
19 สิงหาคม 2569
บริษัท S3 Invent เข้ามาพูดคุยเพื่อสร้างความร่วมมือกับสาขาวิชา
กิจกรรม
19 สิงหาคม 2569
ขอเชิญชวนนักเรียนเข้าร่วมโครงการพัฒนาทักษะด้านเทคโนโลยีและนวัตกรรมแบบ AR (Augmented Reality) ระดับเบื้องต้นเพื่อเตรียมตัวเข้าสู่จักรวาลนฤมิต (Metaverse) สำหรับนักเรียน
โครงการ
19 สิงหาคม 2569
โครงการพัฒนาทักษะด้านเทคโนโลยีและนวัตกรรมแบบ AR (Augmented Reality) ระดับเบื้องต้นเพื่อเตรียมตัวเข้าสู่จักรวาลนฤมิต (Metaverse) สำหรับนักเรียน
โครงการ
19 สิงหาคม 2569
ตัวแทนบริษัทไอเน็ต แมเนจด์เซอร์วิสเซส จำกัด เข้ามาหารือร่วมกับคณาจารย์สาขาวิชาวิทยาการคอมพิวเตอร์
โครงการ
19 สิงหาคม 2569
สาขาวิชาวิทยาการคอมพิวเตอร์และชมรมคอมพิวเตอร์ จัดโครงการอบรมเชิงปฏิบัติการค่ายยุวชนคอมพิวเตอร์ ครั้งที่ 21
กิจกรรม
19 สิงหาคม 2569
บุคลากรและนักศึกษาหลักสูตรสาขาวิชาวิทยาการคอมพิวเตอร์ ร่วมทำกิจกรรม Big Cleaning day

ขอแสดงความยินดี กับบุคลากรหลักสูตรสาขาวิชาฯ ที่ได้รับรางวัลนักวิจัยดีเด่นคณะวิทยาศาสตร์ ม. แม่โจ้ เนื่องในงานมหากรรมวิทยาศาสตร์และเทคโนโลยี 2569"
/programs,https://gates.csmju.com/programs,https://gates.csmju.com/programs,Programs | CSMJU,False,568,"หลักสูตรการศึกษา

ภาพรวมหลักสูตรระดับปริญญาตรีของสาขาวิชาวิทยาการคอมพิวเตอร์ มุ่งเน้นการสร้างองค์ความรู้และทักษะแห่งอนาคต

หลักสูตรการศึกษาที่เปิดสอน
หลักสูตรการศึกษา CSMJU
ปีปรับปรุงหลักสูตร: ทั้งหมด
หลักสูตรวิทยาศาสตรบัณฑิต สาขาวิชาวิทยาการคอมพิวเตอร์ (พ.ศ. 2565)

Bachelor of Science Program in Computer Science (2565)

หน่วยกิต
120 หน่วยกิต
ระยะเวลาเรียน
4 ปี
ดูรายละเอียดหลักสูตร
หลักสูตรวิทยาศาสตรบัณฑิต สาขาวิชาวิทยาการคอมพิวเตอร์ (พ.ศ. 2570)

Bachelor of Science Program in Computer Science (2570)

หน่วยกิต
120 หน่วยกิต
ระยะเวลาเรียน
4 ปี
ดูรายละเอียดหลักสูตร"
/newsroom,https://gates.csmju.com/newsroom,https://gates.csmju.com/newsroom,Newsroom | CSMJU,False,4938,"ข่าวสารและบทความล่าสุด
LATEST NEWS AND ARTICLES
25 สิงหาคม 2569
โครงการพัฒนาสมรรถนะด้าน (AI) ให้กับบุคลากร มหาวิทยาลัยแม่โจ้ หัวข้อ “การจัดทำเอกสารประกอบการสอนและตำราให้เข้าถึงผู้เรียนยุคใหม่”

ขอเชิญสายวิชาการเข้าร่วมโครงการพัฒนาสมรรถนะด้าน (AI) ให้กับบุคลากร มหาวิทยาลัยแม่โจ้ หัวข้อ “การจัดทำเอกสารประกอบการสอนและตำราให้เข้าถึงผู้เรียนยุคใหม่”

อ่านข่าวเด่นนี้
ทั้งหมด
โครงงาน
กิจกรรม
โครงการ
วิชาการ
ประกาศ
ทั่วไป
ค้นหาข่าวสาร...
25 สิงหาคม 2569
ขอแสดงความยินดี กับบุคลากรหลักสูตรสาขาวิชาฯ ที่ได้รับรางวัลนักวิจัยดีเด่นคณะวิทยาศาสตร์ ม. แม่โจ้ เนื่องในงานมหากรรมวิทยาศาสตร์และเทคโนโลยี 2569

ขอแสดงความยินดี กับ ผศ.ดร. ปวีณ เขื่อนแก้ว ผศ.ดร.สมนึก สินธุปวน และ ผศ.ภานุวัฒน์ เมฆะ ที่ได้รับรางวัลนักวิจัยดีเด่นคณะวิทยาศาสตร์ ม. แม่โจ้ เนื่องในงานมหกรรมวิทยาศาสตร์และเทคโนโลยี 2569 เมื่อวันที่ 18 สิงหาคม 2569

อ่านเพิ่มเติม
โครงการ
19 สิงหาคม 2569
บริษัท S3 Invent เข้ามาพูดคุยเพื่อสร้างความร่วมมือกับสาขาวิชา

รายละเอียดข่าว : วันศุกรที่ 21 ต.ค. 2565 สาขาวิชาวิทยาการคอมพิวเตอร์ คณะวิทยาศาสตร์ มหาวิทยาลัยแม่โจ้ ขอขอบคุณบริษัท S3 Invent ที่ทำงานด้าน Digital/Data Science Consulting กับ Solution Provider และบริษัท TrueEye.AI ทำ AI ทางด้านการแพทย์ (http://www.trueeye.ai) ที่เข้ามาร่วมพูดคุย เพื่อสร้างความร่วมมือทางด้านวิชาการ วิจัย รวมถึงการฝึกงานและสหกิจศึกษาของนักศึกษาต่อไป

อ่านเพิ่มเติม
กิจกรรม
19 สิงหาคม 2569
ขอเชิญชวนนักเรียนเข้าร่วมโครงการพัฒนาทักษะด้านเทคโนโลยีและนวัตกรรมแบบ AR (Augmented Reality) ระดับเบื้องต้นเพื่อเตรียมตัวเข้าสู่จักรวาลนฤมิต (Metaverse) สำหรับนักเรียน

รายละเอียดข่าว : ขอเชิญชวนนักเรียนเข้าร่วมโครงการพัฒนาทักษะด้านเทคโนโลยีและนวัตกรรมแบบ AR (Augmented Reality) ระดับเบื้องต้นเพื่อเตรียมตัวเข้าสู่จักรวาลนฤมิต (Metaverse) สำหรับนักเรียน
ในวันที่ 18 พฤศจิกายน 2565 ณ ห้องปฏิบัติการคอมพิวเตอร์ ชั้น 6 อาคาร 60 ปี แม่โจ้ สาขาวิชาวิทยาการคอมพิวเตอร์ คณะวิทยาศาสตร์ มหาวิทยาลัยแม่โจ้ (แบบออนไซต์และแบบออนไลน์)
https://docs.google.com/.../1FAIpQLSeq29scrtS.../viewform
แบบออนไซต์ (On-site)
- สำหรับนักเรียนที่มีความประสงค์อบรมแบบออนไซต์ ต้องเป็นนักเรียนระดับมัธยศึกษาตอนปลายเท่านั้น ถึงสามารถลงทะเบียนการอบรมแบบออนไซต์ได้ จำกัดจำนวนจากโรงเรียน ละไม่เกิน 5 คน โดยจำกัดจำนวนผู้อบรมทั้งหมดไม่เกิน 44 คนแรก โดยไม่ค่าใช้จ่ายใดๆ แต่ผู้เข้าร่วมอบรมจะต้องเดินทางมาอบรมเอง ณ ห้องปฏิบัติการคอมพิวเตอร์ ชั้น 6 อาคาร 60 ปี แม่โจ้ สาขาวิชาวิทยาการคอมพิวเตอร์ คณะวิทยาศาสตร์ มหาวิทยาลัยแม่โจ้
(สำหรับผู้ที่ผ่านการอบรมแบบออนไซต์ จะได้รับใบประกาศนียบัตรและโควต้าเพื่อศึกษาต่อของสาขาวิชาฯ)
แบบออนไลน์ (On-line)
 - สำหรับนักเรียนผู้สนใจทุกระดับชั้น (ประถมศึกษาหรือมัธยมศึกษา ทั้งตอนต้นและตอนปลาย) ที่มีความประสงค์จะอบรมแบบออนไลน์ หรือผู้ที่ลงทะเบียนอบรมแบบออนไซต์ไม่ทัน 44 คนแรก จะเป็นการอบรมแบบออนไลน์
(สำหรับผู้ที่ผ่านการอบรมแบบออนไลน์ จะได้รับใบประกาศนียบัตรอิเล็กทรอนิกส์)
*** หมายเหตุ สำหรับท่านที่ต้องการสอบถามข้อมูลเพิ่มเติมสามารถ เข้าร่วมโอเพนแชท 'โครงการพัฒนาทักษะด้านเทคโนโลยีและนวัตกรรม AR' โปรดแตะลิงก์ด้านล่างนี้ https://line.me/ti/g2/zFIzJvoJxhpIw82OV8Uz3ZylYH-dr0nSr_xT1A?utm_source=invitation&utm_medium=link_copy&utm_campaign=default&fbclid=IwAR2xMeDsTfO3wHRp6lC6SZyWOtpWKmrNf7ADU2PxbOid4xqachFN1cLxSuI

อ่านเพิ่มเติม
โครงการ
19 สิงหาคม 2569
โครงการพัฒนาทักษะด้านเทคโนโลยีและนวัตกรรมแบบ AR (Augmented Reality) ระดับเบื้องต้นเพื่อเตรียมตัวเข้าสู่จักรวาลนฤมิต (Metaverse) สำหรับนักเรียน

รายละเอียดข่าว : โครงการพัฒนาทักษะด้านเทคโนโลยีและนวัตกรรมแบบ AR (Augmented Reality) ระดับเบื้องต้นเพื่อเตรียมตัวเข้าสู่จักรวาลนฤมิต (Metaverse) สำหรับนักเรียน จัดเมื่อวันที่ 18 พ.ย.65 ณ ห้องปฏิบัติการคอมพิวเตอร์ชั้น6 โดยมีนักเรียนระดับ ม.ปลาย เข้าร่วมอบรมทั้งรูปแบบออนไซต์และออนไลน์ รวมทั้งหมด 81 คน รวม 21 โรงเรียน โดยมีวัตถุประสงค์เพื่อส่งเสริมนักเรียนให้มีทักษะความรู้ด้านการใช้โปรแกรม Spark AR Studio และโปรแกรมอื่น ๆ ที่เกี่ยวข้องได้อย่างมีประสิทธิภาพ เสริมสร้างนักเรียนให้เกิดความคิดริเริ่มสร้างสรรค์เกิดทักษะออกแบบและพัฒนาสื่อเชิงโต้ตอบโดยใช้เทคโนโลยี AR ระดับเบื้องต้นได้ นักเรียนสามารถนำความรู้ที่ได้ไปสร้างสรรค์ผลงานหรือนวัตกรรมด้าน AR ระดับเบื้องต้นได้ นอกจากนั้นยังมีการประชาสัมพันธ์รับนักศึกษาใหม่เข้าศึกษาต่อในมหาวิทยาลัย ปีการศึกษา2566 รูปเพิ่มเติมได้ที่ : https://photos.app.goo.gl/bxszzM13LED9SyrC8

อ่านเพิ่มเติม
โครงการ
19 สิงหาคม 2569
ตัวแทนบริษัทไอเน็ต แมเนจด์เซอร์วิสเซส จำกัด เข้ามาหารือร่วมกับคณาจารย์สาขาวิชาวิทยาการคอมพิวเตอร์

รายละเอียดข่าว : วันที่ 7 ธันวาคม 2565 เวลา 13.00 น. ตัวแทนบริษัทไอเน็ต แมเนจด์เซอร์วิสเซส จำกัด เข้ามาหารือร่วมกับคณาจารย์สาขาวิชาวิทยาการคอมพิวเตอร์ เพื่อจัดอบรมเนื้อหาและเทคโนโลยีใหม่ๆ ทางด้านระบบเครือข่ายและการพัฒนาโปรแกรมด้านเครือข่าย เสริมความรู้ให้แก่นักศึกษาชั้นปีที่3-4
ในรายวิชา คพ 433 เครือข่ายคอมพิวเตอร์ คพ434 การเขียนโปรแกรมเครือข่าย และ คพ 492 สัมมนา ที่เปิดสอนภาคเรียนที่ 2 ปีการศึกษา 2565

อ่านเพิ่มเติม
ก่อนหน้า
1
2
ถัดไป
ปฏิทินกิจกรรม
กิจกรรมและกำหนดการ
ปฏิทินรายเดือน
รายการกิจกรรม
ผังเวลากิจกรรม
กันยายน 2569

มีทั้งหมด 0 กำหนดการกิจกรรม

วันนี้
อา.
จ.
อ.
พ.
พฤ.
ศ.
ส.
1
2
3
4
5
6
7
8
9
10
11
12
13
14
15
16
17
18
19
20
21
22
23
24
25
26
27
28
29
30
กิจกรรมประจำวันที่ 26 กันยายน 2569
0 กิจกรรม
ไม่มีกิจกรรมในวันนี้"
/abouts,https://gates.csmju.com/abouts,https://gates.csmju.com/abouts,About | CSMJU,False,5248,"เกี่ยวกับเรา

ABOUT US

ประวัติความเป็นมา
สาขาวิชาวิทยาการคอมพิวเตอร์
CSMJU BACKGROUND & HISTORY

สาขาวิชาวิทยาการคอมพิวเตอร์ คณะวิทยาศาสตร์ มหาวิทยาลัยแม่โจ้ มุ่งมั่นพัฒนาศักยภาพบัณฑิตด้านเทคโนโลยีซอฟต์แวร์ ปัญญาประดิษฐ์ และนวัตกรรมเพื่อสังคมอย่างต่อเนื่องยาวนานกว่า 30 ปี

Software Engineering
•
Artificial Intelligence
•
Cloud & Data Analytics

30+

ปีแห่งการก่อตั้ง

ผลิตบัณฑิตคุณภาพสูง

20+

อาจารย์ผู้เชี่ยวชาญ

คณาจารย์ทรงคุณวุฒิ

1,000+

ศิษย์เก่าในสายงาน IT

กระจายบริษัทชั้นนำ

100%

โอกาสในการทำงาน

เน้นการปฏิบัติงานจริง

MILESTONES & JOURNEY

เส้นทางความสำเร็จของสาขาวิชา
1995
ก่อตั้งสาขาวิชา

เริ่มต้นเปิดสอนหลักสูตรวิทยาการคอมพิวเตอร์ ผลิตบุคลากรสายไอทีรองรับการเติบโตยุคดิจิทัลในภาคเหนือและระดับประเทศ

2010
ยกระดับหลักสูตร

พัฒนาวิชาเรียน Software Engineering, Web & Mobile Application และโครงสร้างพื้นฐานระบบเครือข่ายความเร็วสูง

PRESENT
ศูนย์ความเป็นเลิศ AI

มุ่งเน้นการเรียนรู้ Artificial Intelligence, Data Science, Cloud Computing และความร่วมมือกับองค์กรภาคอุตสาหกรรม

ประวัติสาขาวิชาวิทยาการคอมพิวเตอร์
ประวัติความเป็นมา
สาขาวิชาวิทยาการคอมพิวเตอร์ ได้ดำเนินการเปิดสอนมาตั้งแต่ปีการศึกษา2536 เป็นสาขาวิชาแรกของคณะวิทยาศาสตร์ที่เริ่มจัดตั้งมาพร้อมกับคณะวิทยาศาสตร์ โดยมีประวัติความเป็นมาดังนี้
ปีการศึกษา 2536
หมวดวิชาวิทยาศาสตร์และคณิตศาสตร์ ภาควิชาศึกษาทั่วไป คณะธุรกิจการเกษตร ได้แยกตัวออกมาเพื่อจัดตั้งเป็นคณะวิทยาศาสตร์ โดยมีภาควิชาวิทยาการคอมพิวเตอร์เป็นภาควิชาหนึ่งที่สังกัดในคณะวิทยาศาสตร์ ในระยะเริ่มแรกได้บริหารจัดการโดย หัวหน้าภาควิชาคนแรก (รองศาสตราจารย์จรัส กาใหญ่) ต่อมาได้ขยายจำนวนรับคณาจารย์มากขึ้นตามลำดับ โดยมีภาระงานสอนรายวิชาคอมพิวเตอร์เบื้องต้น ซึ่งเป็นรายวิชาพื้นฐานสำหรับนักศึกษาในหลายสาขาวิชา นอกจากนั้นยังเปิดสอนรายวิชาการเขียนโปรแกรมภาษาเบสิค และรายวิชาโปรแกรมสำเร็จรูปเพื่อเป็นวิชาเลือกให้กับนักศึกษาที่สนใจเรียนรายวิชาทางด้านคอมพิวเตอร์เป็นวิชาเลือกเสรีอีกด้วย ขณะนั้นใช้เครื่องไมโครคอมพิวเตอร์รุ่น 386 จำนวน 30 เครื่อง เป็นอุปกรณ์ที่ใช้ในการเรียนการสอน โดยสำนักงานของภาควิชาวิทยาการคอมพิวเตอร์ตั้งอยู่ที่อาคารเรียนรวมทางวิทยาศาสตร์ (หลังเก่า) 2 ชั้น
ปีการศึกษา 2538
ภาควิชาวิทยาการคอมพิวเตอร์ได้เปิดสอนหลักสูตรสาขาวิชาวิทยาการคอมพิวเตอร์ขึ้น เป็นสาขาวิชาแรกในคณะวิทยาศาสตร์ โดยมีนักศึกษาเข้าศึกษาเป็นรุ่นแรกจำนวน 38 คน พร้อมกับได้รับงบประมาณจัดซื้อเครื่องไมโครคอมพิวเตอร์คอมพิวเตอร์รุ่น486 เพิ่มอีกจำนวน 30 เครื่อง ต่อจากนั้นในแต่ละปีการศึกษาก็รับนักศึกษาเข้าใหม่อีกปีละประมาณ 50 คน
ปีการศึกษา 2543
สาขาวิชาวิทยาการคอมพิวเตอร์ มีจำนวนนักศึกษาทั้ง 4 ชั้นปีประมาณ 200 คน และมีนักศึกษาที่สำเร็จการศึกษาจบตามหลักสูตร ออกไปรับใช้ประเทศชาติแล้วจำนวน 2 รุ่น ประมาณ 65 คน ขณะนั้นภาควิชาวิทยาการคอมพิวเตอร์ได้ย้ายสำนักงานมาอยู่ที่อาคารเรียนรวมทางวิทยาศาสตร์ (หลังใหม่) ชั้นที่ 6 โดยมีห้องปฏิบัติการคอมพิวเตอร์เบื้องต้นสำหรับนักศึกษาสาขาวิชาอื่น ๆ เพิ่มอีกจำนวน 2 ห้องปฏิบัติการ โดยติดตั้งระบบ LAN ที่ใช้เครื่องไมโครคอมพิวเตอร์ Pentium III 500 MHz ใช้ระบบปฏิบัติการ WINDOWS 98 จำนวน 50 เครื่อง ห้องปฏิบัติการคอมพิวเตอร์สำหรับนักศึกษาสาขาวิชาวิทยาการคอมพิวเตอร์ จำนวน 2 ห้อง โดยติดตั้งระบบ LAN ที่ใช้เครื่องไมโครคอมพิวเตอร์ Pentium III 500 MHz ระบบปฏิบัติการ WINDOWS NT จำนวน 100 เครื่อง ห้องปฏิบัติการคอมพิวเตอร์ระบบ UNIX สำหรับงานวิจัยของคณาจารย์และงานสำหรับทำโครงงาน คอมพิวเตอร์ของนักศึกษาสาขาวิชาวิทยาการคอมพิวเตอร์ชั้นปีที่ 4 ประกอบด้วยไมโครคอมพิวเตอร์ SUN จำนวน 5 เครื่อง เครื่องไมโครคอมพิวเตอร์ Silicon Graphic จำนวน 2 เครื่อง และเครื่องไมโครคอมพิวเตอร์ Pentium III 500 MHz จำนวน 3 เครื่อง
ปีการศึกษา 2545
ภาควิชาวิทยาการคอมพิวเตอร์ เริ่มเปิดการเรียนการสอนหลักสูตรสาขาวิชาที่ 2 คือ หลักสูตรสาขาวิชาเทคโนโลยีสารสนเทศ สังกัดภาควิชาวิทยาการคอมพิวเตอร์ มีนักศึกษาภาคปกติ จำนวนประมาณ 55 คนและภาคสมทบ จำนวนประมาณ 90 คน ปีการศึกษา 2547 ภาควิชาวิทยาการคอมพิวเตอร์ ได้เพิ่มจำนวนห้องเรียนปฏิบัติการคอมพิวเตอร์ จำนวน 1 ห้องเรียน และห้องบรรยายคอมพิวเตอร์จำนวน 1 ห้องเรียน สำหรับใช้ในการเรียนการสอนของสาขาวิชาเทคโนโลยีสารสนเทศ โดยตั้งอยู่ที่อาคารเรียนรวมทางวิทยาศาสตร์ (หลังเก่า) 2 ชั้น และจัดซื้อเครื่องไมโครคอมพิวเตอร์ Intel รุ่น Pentium 4 ความเร็วขนาด 3.0 GHz จำนวน 20 เครื่อง
ปีการศึกษา 2549
ภาควิชาวิทยาการคอมพิวเตอร์ รับอาจารย์มาเพิ่มจำนวน 2 คน และมีอาจารย์ที่ได้รับทุนการศึกษากลับมาปฏิบัติงานจำนวน 2 คน เพื่อรองรับรายวิชาของสาขาวิชาวิทยาการคอมพิวเตอร์และสาขาวิชาเทคโนโลยีสารสนเทศที่มีจำนวนรายวิชาเพิ่มมากขึ้น
ปีการศึกษา 2550
ภาควิชาวิทยาการคอมพิวเตอร์ มีจำนวนนักศึกษาทั้ง 2 สาขาวิชา รวมทั้งหมด (ภาคปกติและภาคสมทบ) ประมาณ 433 คน คณาจารย์ 18 คน (รวมทั้งนักเรียนทุนโท-เอกและอาจารย์ ลาศึกษาต่อ)
ปีการศึกษา 2551
ภาควิชาวิทยาการคอมพิวเตอร์ ยกเลิกภาควิชาเปลี่ยนแปลงเป็น สาขาวิชาวิทยาการคอมพิวเตอร์ แยกตัวออกจากสาขาวิชาเทคโนโลยีสารสนเทศ
ปีการศึกษา 2554
สาขาวิชาวิทยาการคอมพิวเตอร์ รับสมัครพนักงานมหาวิทยาลัยตำแหน่งอาจารย์วุฒิการศึกษาระดับปริญญาโท จำนวน 1 อัตรา
ปีการศึกษา 2555
สาขาวิชาวิทยาการคอมพิวเตอร์ มีห้องปฏิบัติการคอมพิวเตอร์ใหม่เพิ่มอีก จำนวน 1 ห้อง คือ ห้องปฏิบัติการคอมพิวเตอร์ 3203 ชั้น 2 อาคารจุฬาภรณ์ โดยได้จัดซื้อเครื่องไมโครคอมพิวเตอร์ Intel รุ่น Core i7 จำนวน 46 เครื่อง และมีห้องสำหรับวิจัยทางคอมพิวเตอร์ คือ ห้อง 3204 ชั้น 2 อาคารจุฬาภรณ์ และได้มีการบรรจุพนักงานมหาวิทยาลัยตำแหน่งอาจารย์ระดับปริญญาเอก จำนวน 1 คน สาขาวิชาได้มีโลโก้ของสาขาวิชาฯ โดยเป็นผลงานการออกแบบของนักศึกษาและทางสาขาวิชาฯได้ปรับปรุงสีให้เหมาะสมโดยใช้สีฟ้าเข้มเป็นสัญลักษณ์ของสาขาวิชาฯ สาขาวิชาวิทยาการคอมพิวเตอร์ มีจำนวนนักศึกษาที่กำลังศึกษา รวมทั้งหมดประมาณ 472 คน คณาจารย์ 14 คน (รวมทั้งนักเรียนทุนโท-เอกและอาจารย์ลาศึกษาต่อ)"
/alumnis,https://gates.csmju.com/alumnis,https://gates.csmju.com/alumnis,Alumni | CSMJU,False,71,"ทำเนียบศิษย์เก่า

ข้อมูลและทำเนียบศิษย์เก่า สาขาวิชาวิทยาการคอมพิวเตอร์"
/facilities,https://gates.csmju.com/facilities,https://gates.csmju.com/facilities,Facilities | CSMJU,False,1039,"อาคารและห้องเรียน

อาคารเรียนในปัจจุบันมีอยู่ด้วยกัน 2 อาคารเรียน ได้แก่ อาคารแม่โจ้ 60 ปี และอาคารจุฬาภรณ์ คณะวิทยาศาสตร์ มหาวิทยาลัยแม่โจ้ แบ่งห้องเรียนออกเป็น 2 รูปแบบได้แก่ ห้องบรรยายคอมพิวเตอร์ และปฏิบัติการคอมพิวเตอร์ โดยมีห้องสำนักงานตั้งอยู่ที่ ชั้น 6 อาคารแม่โจ้ 60 ปี

ตึก 60 ปี คณะวิทยาศาสตร์
อาคารจุฬาภรณ์ คณะวิทยาศาสตร์
อาคารเสาวรัจ นิตยวรรธนะ
ตึก 60 ปี คณะวิทยาศาสตร์

Modern learning facilities for Computer Science students.

ห้องปฏิบัติการคอมพิวเตอร์
ห้องปฏิบัติการคอมพิวเตอร์ 1 (Lab 1)
ชั้น 6
35 ที่นั่ง
ห้องปฏิบัติการ
ห้องปฏิบัติการคอมพิวเตอร์ 2 (Lab 2)
ชั้น 6
54 ที่นั่ง
ห้องปฏิบัติการ
ห้องปฏิบัติการคอมพิวเตอร์ 4 (Lab 4)
ชั้น 6
60 ที่นั่ง
ห้องปฏิบัติการ
ห้องปฏิบัติการคอมพิวเตอร์ 5 (Labcom 5)
ชั้น 6
50 ที่นั่ง
ห้องปฏิบัติการ
ปฏิบัติการเครือข่ายคอมพิวเตอร์ (Lab Network)
ชั้น 6
70 ที่นั่ง
ห้องปฏิบัติการ
ห้องปฏิบัติการคอมพิวเตอร์ 3 (Lab 3)
ชั้น 6
60 ที่นั่ง
ห้องปฏิบัติการ
ห้องบรรยายคอมพิวเตอร์
ห้องบรรยายคอมพิวเตอร์ 8 (Lect 8)
ชั้น 2
70 ที่นั่ง
ห้องบรรยาย
ห้องบรรยายคอมพิวเตอร์ 6 (Lect 6)
ชั้น 2
60 ที่นั่ง
ห้องบรรยาย"
/mis,https://gates.csmju.com/mis,https://gates.csmju.com/auth/login?redirectTo=%2Fmis,เข้าสู่ระบบ,True,145,"กลับสู่หน้าหลัก
เข้าสู่ระบบ
เข้าสู่ระบบด้วยบัญชีองค์กร หรือ Maejo SSO
เข้าสู่ระบบด้วย MJU SSO
หรือเข้าสู่ระบบด้วยอีเมล
อีเมล
รหัสผ่าน
เข้าสู่ระบบ"
/mis/repair-request,https://gates.csmju.com/mis/repair-request,https://gates.csmju.com/auth/login?redirectTo=%2Fmis%2Frepair-request,เข้าสู่ระบบ,True,145,"กลับสู่หน้าหลัก
เข้าสู่ระบบ
เข้าสู่ระบบด้วยบัญชีองค์กร หรือ Maejo SSO
เข้าสู่ระบบด้วย MJU SSO
หรือเข้าสู่ระบบด้วยอีเมล
อีเมล
รหัสผ่าน
เข้าสู่ระบบ"
/mis/equipment-borrow,https://gates.csmju.com/mis/equipment-borrow,https://gates.csmju.com/auth/login?redirectTo=%2Fmis%2Fequipment-borrow,เข้าสู่ระบบ,True,145,"กลับสู่หน้าหลัก
เข้าสู่ระบบ
เข้าสู่ระบบด้วยบัญชีองค์กร หรือ Maejo SSO
เข้าสู่ระบบด้วย MJU SSO
หรือเข้าสู่ระบบด้วยอีเมล
อีเมล
รหัสผ่าน
เข้าสู่ระบบ"
/mis/course-pending,https://gates.csmju.com/mis/course-pending,https://gates.csmju.com/auth/login?redirectTo=%2Fmis%2Fcourse-pending,เข้าสู่ระบบ,True,145,"กลับสู่หน้าหลัก
เข้าสู่ระบบ
เข้าสู่ระบบด้วยบัญชีองค์กร หรือ Maejo SSO
เข้าสู่ระบบด้วย MJU SSO
หรือเข้าสู่ระบบด้วยอีเมล
อีเมล
รหัสผ่าน
เข้าสู่ระบบ"
/programs/30274689-46d6-4552-89eb-f99f418f3c5f,https://gates.csmju.com/programs/30274689-46d6-4552-89eb-f99f418f3c5f,https://gates.csmju.com/programs/30274689-46d6-4552-89eb-f99f418f3c5f,Bachelor of Science Program in Computer Science | CSMJU,False,829,"หลักสูตรวิทยาศาสตรบัณฑิต สาขาวิชาวิทยาการคอมพิวเตอร์ (พ.ศ. 2565)

Bachelor of Science Program in Computer Science

ข้อมูลทั่วไป
ปรัชญา & วัตถุประสงค์
ผลการเรียนรู้ (PLO)
โครงสร้างหลักสูตร
แผนการศึกษา

ระยะเวลาศึกษา

4 ปี

หน่วยกิตรวม

120 หน่วยกิต

วุฒิการศึกษา

วท.บ. (วิทยาการคอมพิวเตอร์)

ข้อมูลประจำหลักสูตร
หลักสูตรปัจจุบัน
เปิดการเรียนการสอน
รหัสหลักสูตร
25490131103057
ปีปรับปรุงหลักสูตร
พ.ศ. 2565
ชื่อหลักสูตรภาษาไทย
หลักสูตรวิทยาศาสตรบัณฑิต สาขาวิชาวิทยาการคอมพิวเตอร์
ชื่อหลักสูตรภาษาอังกฤษ
Bachelor of Science Program in Computer Science
ชื่อปริญญาบัตร

ชื่อปริญญาภาษาไทย

วิทยาศาสตรบัณฑิต (วิทยาการคอมพิวเตอร์)

วท.บ. (วิทยาการคอมพิวเตอร์)

ชื่อปริญญาภาษาอังกฤษ

Bachelor of Science (Computer Science)

B.Sc. (Computer Science)
เกณฑ์การสำเร็จการศึกษา
หน่วยกิตขั้นต่ำที่ต้องเรียน
120 หน่วยกิต
ระยะเวลาการศึกษาปกติ
4 ปี"
/programs/d7b54fbf-46cd-4982-984e-36ca370d884e,https://gates.csmju.com/programs/d7b54fbf-46cd-4982-984e-36ca370d884e,https://gates.csmju.com/programs/d7b54fbf-46cd-4982-984e-36ca370d884e,Bachelor of Science Program in Computer Science | CSMJU,False,829,"หลักสูตรวิทยาศาสตรบัณฑิต สาขาวิชาวิทยาการคอมพิวเตอร์ (พ.ศ. 2570)

Bachelor of Science Program in Computer Science

ข้อมูลทั่วไป
ปรัชญา & วัตถุประสงค์
ผลการเรียนรู้ (PLO)
โครงสร้างหลักสูตร
แผนการศึกษา

ระยะเวลาศึกษา

4 ปี

หน่วยกิตรวม

120 หน่วยกิต

วุฒิการศึกษา

วท.บ. (วิทยาการคอมพิวเตอร์)

ข้อมูลประจำหลักสูตร
หลักสูตรปัจจุบัน
เปิดการเรียนการสอน
รหัสหลักสูตร
25700131103057
ปีปรับปรุงหลักสูตร
พ.ศ. 2570
ชื่อหลักสูตรภาษาไทย
หลักสูตรวิทยาศาสตรบัณฑิต สาขาวิชาวิทยาการคอมพิวเตอร์
ชื่อหลักสูตรภาษาอังกฤษ
Bachelor of Science Program in Computer Science
ชื่อปริญญาบัตร

ชื่อปริญญาภาษาไทย

วิทยาศาสตรบัณฑิต (วิทยาการคอมพิวเตอร์)

วท.บ. (วิทยาการคอมพิวเตอร์)

ชื่อปริญญาภาษาอังกฤษ

Bachelor of Science (Computer Science)

B.Sc. (Computer Science)
เกณฑ์การสำเร็จการศึกษา
หน่วยกิตขั้นต่ำที่ต้องเรียน
120 หน่วยกิต
ระยะเวลาการศึกษาปกติ
4 ปี"
/articles/9f573fd1-b9fd-498d-b42a-5c763cee9ba2,https://gates.csmju.com/articles/9f573fd1-b9fd-498d-b42a-5c763cee9ba2,https://gates.csmju.com/articles/9f573fd1-b9fd-498d-b42a-5c763cee9ba2,โครงการพัฒนาสมรรถนะด้าน (AI) ให้กับบุคลากร มหาวิทยาลัยแม่โจ้ หัวข้อ “การจัดทำเอกสารประกอบการสอนและตำราให้เข้าถึงผู้เรียนยุคใหม่” | CSMJU,False,903,"ย้อนกลับไปหน้าข่าวสาร
โครงการพัฒนาสมรรถนะด้าน (AI) ให้กับบุคลากร มหาวิทยาลัยแม่โจ้ หัวข้อ “การจัดทำเอกสารประกอบการสอนและตำราให้เข้าถึงผู้เรียนยุคใหม่”
เผยแพร่: 25 สิงหาคม 2569
เวลาในการอ่าน: ประมาณ 1 นาที
คลิกเพื่อดูภาพขนาดเต็ม
ขอเชิญสายวิชาการเข้าร่วมโครงการพัฒนาสมรรถนะด้าน (AI) ให้กับบุคลากร มหาวิทยาลัยแม่โจ้ หัวข้อ “การจัดทำเอกสารประกอบการสอนและตำราให้เข้าถึงผู้เรียนยุคใหม่”
ลิงก์ภายนอกที่เกี่ยวข้อง

กดที่ปุ่มขวาเพื่อเปิดลิงก์ข้อมูลเพิ่มเติม

ดูรายละเอียดเพิ่มเติม
แชร์ข่าวสารนี้
คัดลอกลิงก์
ข่าวสารอื่น ๆ
ขอแสดงความยินดี กับบุคลากรหลักสูตรสาขาวิชาฯ ที่ได้รับรางวัลนักวิจัยดีเด่นคณะวิทยาศาสตร์ ม. แม่โจ้ เนื่องในงานมหากรรมวิทยาศาสตร์และเทคโนโลยี 2569
โครงการ
บริษัท S3 Invent เข้ามาพูดคุยเพื่อสร้างความร่วมมือกับสาขาวิชา
กิจกรรม
ขอเชิญชวนนักเรียนเข้าร่วมโครงการพัฒนาทักษะด้านเทคโนโลยีและนวัตกรรมแบบ AR (Augmented Reality) ระดับเบื้องต้นเพื่อเตรียมตัวเข้าสู่จักรวาลนฤมิต (Metaverse) สำหรับนักเรียน"
/articles/f8075d72-c9b1-4382-9412-6c234250a5b7,https://gates.csmju.com/articles/f8075d72-c9b1-4382-9412-6c234250a5b7,https://gates.csmju.com/articles/f8075d72-c9b1-4382-9412-6c234250a5b7,ขอแสดงความยินดี กับบุคลากรหลักสูตรสาขาวิชาฯ ที่ได้รับรางวัลนักวิจัยดีเด่นคณะวิทยาศาสตร์ ม. แม่โจ้ เนื่องในงานมหากรรมวิทยาศาสตร์และเทคโนโลยี 2569 | CSMJU,False,1033,"ย้อนกลับไปหน้าข่าวสาร
ขอแสดงความยินดี กับบุคลากรหลักสูตรสาขาวิชาฯ ที่ได้รับรางวัลนักวิจัยดีเด่นคณะวิทยาศาสตร์ ม. แม่โจ้ เนื่องในงานมหากรรมวิทยาศาสตร์และเทคโนโลยี 2569
เผยแพร่: 25 สิงหาคม 2569
เวลาในการอ่าน: ประมาณ 1 นาที
คลิกเพื่อดูภาพขนาดเต็ม
รูปที่ 1 / 5
ขอแสดงความยินดี  กับ ผศ.ดร. ปวีณ  เขื่อนแก้ว
ผศ.ดร.สมนึก สินธุปวน และ ผศ.ภานุวัฒน์ เมฆะ
ที่ได้รับรางวัลนักวิจัยดีเด่นคณะวิทยาศาสตร์ ม. แม่โจ้ เนื่องในงานมหกรรมวิทยาศาสตร์และเทคโนโลยี 2569 เมื่อวันที่ 18 สิงหาคม 2569
อัลบั้มรูปภาพประกอบ (4 รูป)
คลิกที่รูปเพื่อเปิดดูแบบเต็มจอและเลื่อนดูรูปถัดไป
ดูรูปขนาดเต็ม
1
ดูรูปขนาดเต็ม
2
ดูรูปขนาดเต็ม
3
ดูรูปขนาดเต็ม
4
แชร์ข่าวสารนี้
คัดลอกลิงก์
ข่าวสารอื่น ๆ
โครงการพัฒนาสมรรถนะด้าน (AI) ให้กับบุคลากร มหาวิทยาลัยแม่โจ้ หัวข้อ “การจัดทำเอกสารประกอบการสอนและตำราให้เข้าถึงผู้เรียนยุคใหม่”
โครงการ
บริษัท S3 Invent เข้ามาพูดคุยเพื่อสร้างความร่วมมือกับสาขาวิชา
กิจกรรม
ขอเชิญชวนนักเรียนเข้าร่วมโครงการพัฒนาทักษะด้านเทคโนโลยีและนวัตกรรมแบบ AR (Augmented Reality) ระดับเบื้องต้นเพื่อเตรียมตัวเข้าสู่จักรวาลนฤมิต (Metaverse) สำหรับนักเรียน"
/articles/d763d712-2131-4276-9964-6259123217b7,https://gates.csmju.com/articles/d763d712-2131-4276-9964-6259123217b7,https://gates.csmju.com/articles/d763d712-2131-4276-9964-6259123217b7,บริษัท S3 Invent เข้ามาพูดคุยเพื่อสร้างความร่วมมือกับสาขาวิชา | CSMJU,False,1027,"ย้อนกลับไปหน้าข่าวสาร
โครงการ
บริษัท S3 Invent เข้ามาพูดคุยเพื่อสร้างความร่วมมือกับสาขาวิชา
เผยแพร่: 19 สิงหาคม 2569
เวลาในการอ่าน: ประมาณ 1 นาที
คลิกเพื่อดูภาพขนาดเต็ม
รายละเอียดข่าว :
วันศุกรที่ 21 ต.ค. 2565 สาขาวิชาวิทยาการคอมพิวเตอร์ คณะวิทยาศาสตร์ มหาวิทยาลัยแม่โจ้ ขอขอบคุณบริษัท S3 Invent ที่ทำงานด้าน Digital/Data Science Consulting กับ Solution Provider และบริษัท TrueEye.AI ทำ AI ทางด้านการแพทย์ (http://www.trueeye.ai) ที่เข้ามาร่วมพูดคุย เพื่อสร้างความร่วมมือทางด้านวิชาการ วิจัย รวมถึงการฝึกงานและสหกิจศึกษาของนักศึกษาต่อไป
แชร์ข่าวสารนี้
คัดลอกลิงก์
ข่าวสารอื่น ๆ
โครงการพัฒนาสมรรถนะด้าน (AI) ให้กับบุคลากร มหาวิทยาลัยแม่โจ้ หัวข้อ “การจัดทำเอกสารประกอบการสอนและตำราให้เข้าถึงผู้เรียนยุคใหม่”
ขอแสดงความยินดี กับบุคลากรหลักสูตรสาขาวิชาฯ ที่ได้รับรางวัลนักวิจัยดีเด่นคณะวิทยาศาสตร์ ม. แม่โจ้ เนื่องในงานมหากรรมวิทยาศาสตร์และเทคโนโลยี 2569
กิจกรรม
ขอเชิญชวนนักเรียนเข้าร่วมโครงการพัฒนาทักษะด้านเทคโนโลยีและนวัตกรรมแบบ AR (Augmented Reality) ระดับเบื้องต้นเพื่อเตรียมตัวเข้าสู่จักรวาลนฤมิต (Metaverse) สำหรับนักเรียน"
/articles/c93b570a-5ca2-4a66-9993-28bf0650749b,https://gates.csmju.com/articles/c93b570a-5ca2-4a66-9993-28bf0650749b,https://gates.csmju.com/articles/c93b570a-5ca2-4a66-9993-28bf0650749b,ขอเชิญชวนนักเรียนเข้าร่วมโครงการพัฒนาทักษะด้านเทคโนโลยีและนวัตกรรมแบบ AR (Augmented Reality) ระดับเบื้องต้นเพื่อเตรียมตัวเข้าสู่จักรวาลนฤมิต (Metaverse) สำหรับนักเรียน | CSMJU,False,2231,"ย้อนกลับไปหน้าข่าวสาร
กิจกรรม
ขอเชิญชวนนักเรียนเข้าร่วมโครงการพัฒนาทักษะด้านเทคโนโลยีและนวัตกรรมแบบ AR (Augmented Reality) ระดับเบื้องต้นเพื่อเตรียมตัวเข้าสู่จักรวาลนฤมิต (Metaverse) สำหรับนักเรียน
เผยแพร่: 19 สิงหาคม 2569
เวลาในการอ่าน: ประมาณ 4 นาที
คลิกเพื่อดูภาพขนาดเต็ม
รายละเอียดข่าว :
ขอเชิญชวนนักเรียนเข้าร่วมโครงการพัฒนาทักษะด้านเทคโนโลยีและนวัตกรรมแบบ AR (Augmented Reality) ระดับเบื้องต้นเพื่อเตรียมตัวเข้าสู่จักรวาลนฤมิต (Metaverse) สำหรับนักเรียน
ในวันที่ 18 พฤศจิกายน 2565 ณ ห้องปฏิบัติการคอมพิวเตอร์ ชั้น 6 อาคาร 60 ปี แม่โจ้ สาขาวิชาวิทยาการคอมพิวเตอร์ คณะวิทยาศาสตร์ มหาวิทยาลัยแม่โจ้ (แบบออนไซต์และแบบออนไลน์)
https://docs.google.com/.../1FAIpQLSeq29scrtS.../viewform
แบบออนไซต์ (On-site)
- สำหรับนักเรียนที่มีความประสงค์อบรมแบบออนไซต์ ต้องเป็นนักเรียนระดับมัธยศึกษาตอนปลายเท่านั้น ถึงสามารถลงทะเบียนการอบรมแบบออนไซต์ได้ จำกัดจำนวนจากโรงเรียน ละไม่เกิน 5 คน โดยจำกัดจำนวนผู้อบรมทั้งหมดไม่เกิน 44 คนแรก โดยไม่ค่าใช้จ่ายใดๆ แต่ผู้เข้าร่วมอบรมจะต้องเดินทางมาอบรมเอง ณ ห้องปฏิบัติการคอมพิวเตอร์ ชั้น 6 อาคาร 60 ปี แม่โจ้ สาขาวิชาวิทยาการคอมพิวเตอร์ คณะวิทยาศาสตร์ มหาวิทยาลัยแม่โจ้
(สำหรับผู้ที่ผ่านการอบรมแบบออนไซต์ จะได้รับใบประกาศนียบัตรและโควต้าเพื่อศึกษาต่อของสาขาวิชาฯ)
แบบออนไลน์ (On-line)
 - สำหรับนักเรียนผู้สนใจทุกระดับชั้น (ประถมศึกษาหรือมัธยมศึกษา ทั้งตอนต้นและตอนปลาย) ที่มีความประสงค์จะอบรมแบบออนไลน์ หรือผู้ที่ลงทะเบียนอบรมแบบออนไซต์ไม่ทัน 44 คนแรก จะเป็นการอบรมแบบออนไลน์
(สำหรับผู้ที่ผ่านการอบรมแบบออนไลน์ จะได้รับใบประกาศนียบัตรอิเล็กทรอนิกส์)
*** หมายเหตุ สำหรับท่านที่ต้องการสอบถามข้อมูลเพิ่มเติมสามารถ เข้าร่วมโอเพนแชท 'โครงการพัฒนาทักษะด้านเทคโนโลยีและนวัตกรรม AR' โปรดแตะลิงก์ด้านล่างนี้ https://line.me/ti/g2/zFIzJvoJxhpIw82OV8Uz3ZylYH-dr0nSr_xT1A?utm_source=invitation&utm_medium=link_copy&utm_campaign=default&fbclid=IwAR2xMeDsTfO3wHRp6lC6SZyWOtpWKmrNf7ADU2PxbOid4xqachFN1cLxSuI
แชร์ข่าวสารนี้
คัดลอกลิงก์
ข่าวสารอื่น ๆ
โครงการพัฒนาสมรรถนะด้าน (AI) ให้กับบุคลากร มหาวิทยาลัยแม่โจ้ หัวข้อ “การจัดทำเอกสารประกอบการสอนและตำราให้เข้าถึงผู้เรียนยุคใหม่”
ขอแสดงความยินดี กับบุคลากรหลักสูตรสาขาวิชาฯ ที่ได้รับรางวัลนักวิจัยดีเด่นคณะวิทยาศาสตร์ ม. แม่โจ้ เนื่องในงานมหากรรมวิทยาศาสตร์และเทคโนโลยี 2569
โครงการ
บริษัท S3 Invent เข้ามาพูดคุยเพื่อสร้างความร่วมมือกับสาขาวิชา"
/articles/d1b23c4e-4fcd-48d3-9722-5d38f1c0282b,https://gates.csmju.com/articles/d1b23c4e-4fcd-48d3-9722-5d38f1c0282b,https://gates.csmju.com/articles/d1b23c4e-4fcd-48d3-9722-5d38f1c0282b,โครงการพัฒนาทักษะด้านเทคโนโลยีและนวัตกรรมแบบ AR (Augmented Reality) ระดับเบื้องต้นเพื่อเตรียมตัวเข้าสู่จักรวาลนฤมิต (Metaverse) สำหรับนักเรียน | CSMJU,False,1451,"ย้อนกลับไปหน้าข่าวสาร
โครงการ
โครงการพัฒนาทักษะด้านเทคโนโลยีและนวัตกรรมแบบ AR (Augmented Reality) ระดับเบื้องต้นเพื่อเตรียมตัวเข้าสู่จักรวาลนฤมิต (Metaverse) สำหรับนักเรียน
เผยแพร่: 19 สิงหาคม 2569
เวลาในการอ่าน: ประมาณ 3 นาที
คลิกเพื่อดูภาพขนาดเต็ม
รายละเอียดข่าว :
โครงการพัฒนาทักษะด้านเทคโนโลยีและนวัตกรรมแบบ AR (Augmented Reality) ระดับเบื้องต้นเพื่อเตรียมตัวเข้าสู่จักรวาลนฤมิต (Metaverse) สำหรับนักเรียน จัดเมื่อวันที่ 18 พ.ย.65 ณ ห้องปฏิบัติการคอมพิวเตอร์ชั้น6 โดยมีนักเรียนระดับ ม.ปลาย เข้าร่วมอบรมทั้งรูปแบบออนไซต์และออนไลน์ รวมทั้งหมด 81 คน รวม 21 โรงเรียน โดยมีวัตถุประสงค์เพื่อส่งเสริมนักเรียนให้มีทักษะความรู้ด้านการใช้โปรแกรม Spark AR Studio และโปรแกรมอื่น ๆ ที่เกี่ยวข้องได้อย่างมีประสิทธิภาพ เสริมสร้างนักเรียนให้เกิดความคิดริเริ่มสร้างสรรค์เกิดทักษะออกแบบและพัฒนาสื่อเชิงโต้ตอบโดยใช้เทคโนโลยี AR ระดับเบื้องต้นได้ นักเรียนสามารถนำความรู้ที่ได้ไปสร้างสรรค์ผลงานหรือนวัตกรรมด้าน AR ระดับเบื้องต้นได้ นอกจากนั้นยังมีการประชาสัมพันธ์รับนักศึกษาใหม่เข้าศึกษาต่อในมหาวิทยาลัย ปีการศึกษา2566 รูปเพิ่มเติมได้ที่ : https://photos.app.goo.gl/bxszzM13LED9SyrC8
แชร์ข่าวสารนี้
คัดลอกลิงก์
ข่าวสารอื่น ๆ
โครงการพัฒนาสมรรถนะด้าน (AI) ให้กับบุคลากร มหาวิทยาลัยแม่โจ้ หัวข้อ “การจัดทำเอกสารประกอบการสอนและตำราให้เข้าถึงผู้เรียนยุคใหม่”
ขอแสดงความยินดี กับบุคลากรหลักสูตรสาขาวิชาฯ ที่ได้รับรางวัลนักวิจัยดีเด่นคณะวิทยาศาสตร์ ม. แม่โจ้ เนื่องในงานมหากรรมวิทยาศาสตร์และเทคโนโลยี 2569
โครงการ
บริษัท S3 Invent เข้ามาพูดคุยเพื่อสร้างความร่วมมือกับสาขาวิชา"
/articles/daf7915f-8350-4acc-8ce3-8f60cdb9f80d,https://gates.csmju.com/articles/daf7915f-8350-4acc-8ce3-8f60cdb9f80d,https://gates.csmju.com/articles/daf7915f-8350-4acc-8ce3-8f60cdb9f80d,ตัวแทนบริษัทไอเน็ต แมเนจด์เซอร์วิสเซส จำกัด เข้ามาหารือร่วมกับคณาจารย์สาขาวิชาวิทยาการคอมพิวเตอร์ | CSMJU,False,999,"ย้อนกลับไปหน้าข่าวสาร
โครงการ
ตัวแทนบริษัทไอเน็ต แมเนจด์เซอร์วิสเซส จำกัด เข้ามาหารือร่วมกับคณาจารย์สาขาวิชาวิทยาการคอมพิวเตอร์
เผยแพร่: 19 สิงหาคม 2569
เวลาในการอ่าน: ประมาณ 2 นาที
คลิกเพื่อดูภาพขนาดเต็ม
รายละเอียดข่าว :
วันที่ 7 ธันวาคม 2565 เวลา 13.00 น. ตัวแทนบริษัทไอเน็ต แมเนจด์เซอร์วิสเซส จำกัด เข้ามาหารือร่วมกับคณาจารย์สาขาวิชาวิทยาการคอมพิวเตอร์ เพื่อจัดอบรมเนื้อหาและเทคโนโลยีใหม่ๆ ทางด้านระบบเครือข่ายและการพัฒนาโปรแกรมด้านเครือข่าย เสริมความรู้ให้แก่นักศึกษาชั้นปีที่3-4
ในรายวิชา คพ 433 เครือข่ายคอมพิวเตอร์ คพ434 การเขียนโปรแกรมเครือข่าย และ คพ 492 สัมมนา ที่เปิดสอนภาคเรียนที่ 2 ปีการศึกษา 2565
แชร์ข่าวสารนี้
คัดลอกลิงก์
ข่าวสารอื่น ๆ
โครงการพัฒนาสมรรถนะด้าน (AI) ให้กับบุคลากร มหาวิทยาลัยแม่โจ้ หัวข้อ “การจัดทำเอกสารประกอบการสอนและตำราให้เข้าถึงผู้เรียนยุคใหม่”
ขอแสดงความยินดี กับบุคลากรหลักสูตรสาขาวิชาฯ ที่ได้รับรางวัลนักวิจัยดีเด่นคณะวิทยาศาสตร์ ม. แม่โจ้ เนื่องในงานมหากรรมวิทยาศาสตร์และเทคโนโลยี 2569
โครงการ
บริษัท S3 Invent เข้ามาพูดคุยเพื่อสร้างความร่วมมือกับสาขาวิชา"
/articles/9c3b51a4-d7b4-4d28-9a19-e75709e66bb5,https://gates.csmju.com/articles/9c3b51a4-d7b4-4d28-9a19-e75709e66bb5,https://gates.csmju.com/articles/9c3b51a4-d7b4-4d28-9a19-e75709e66bb5,สาขาวิชาวิทยาการคอมพิวเตอร์และชมรมคอมพิวเตอร์ จัดโครงการอบรมเชิงปฏิบัติการค่ายยุวชนคอมพิวเตอร์ ครั้งที่ 21 | CSMJU,False,1408,"ย้อนกลับไปหน้าข่าวสาร
โครงการ
สาขาวิชาวิทยาการคอมพิวเตอร์และชมรมคอมพิวเตอร์ จัดโครงการอบรมเชิงปฏิบัติการค่ายยุวชนคอมพิวเตอร์ ครั้งที่ 21
เผยแพร่: 19 สิงหาคม 2569
เวลาในการอ่าน: ประมาณ 3 นาที
คลิกเพื่อดูภาพขนาดเต็ม
รายละเอียดข่าว :
ระหว่างวันที่ 2-4 กุมภาพันธ์ 2566 สาขาวิชาวิทยาการคอมพิวเตอร์และชมรมคอมพิวเตอร์ จัดโครงการอบรมเชิงปฏิบัติการค่ายยุวชนคอมพิวเตอร์ ครั้งที่ 21 ในหัวข้อเรื่อง 'อินเทอร์เน็ตทุกสรรพสิ่ง (IOT : Internet of Things) และการนำเสนอข้อมูลด้วยภาพ (Data Visualization)' ให้กับน้องๆ นักเรียนจำนวน 45 คน ทั้งหมด 18 โรงเรียน ณ อาคาร 60 ปี แม่โจ้ และอาคารจุฬาภรณ์ คณะวิทยาศาสตร์ มหาวิทยาลัยแม่โจ้ โดยมีวัตถุประสงค์เพื่อเสริมสร้างความรู้ด้านคอมพิวเตอร์และนวัตกรรมเทคโนโลยีสารสนเทศ พร้อมทั้งพัฒนาด้านคุณธรรม จริยธรรมและเน้นความสามัคคี ประชาสัมพันธ์พร้อมกับแนะแนวทางการศึกษา ให้แก่นักเรียนชั้นมัธยมศึกษาตอนปลาย ซึ่งเป็นเยาวชนที่อยู่ในวัยศึกษาและกำลังก้าวเข้าสู่การเรีย นในระดับอุดมศึกษา อันจะส่งผลให้เป็นการส่งเสริมให้มีผู้สนใจจะเข้าศึกษาในสาขาวิชาวิทยาการคอมพิวเตอร์เพิ่มมากยิ่งขึ้น และเป็นกำลังสำคัญของชาติต่อไป
แชร์ข่าวสารนี้
คัดลอกลิงก์
ข่าวสารอื่น ๆ
โครงการพัฒนาสมรรถนะด้าน (AI) ให้กับบุคลากร มหาวิทยาลัยแม่โจ้ หัวข้อ “การจัดทำเอกสารประกอบการสอนและตำราให้เข้าถึงผู้เรียนยุคใหม่”
ขอแสดงความยินดี กับบุคลากรหลักสูตรสาขาวิชาฯ ที่ได้รับรางวัลนักวิจัยดีเด่นคณะวิทยาศาสตร์ ม. แม่โจ้ เนื่องในงานมหากรรมวิทยาศาสตร์และเทคโนโลยี 2569
โครงการ
บริษัท S3 Invent เข้ามาพูดคุยเพื่อสร้างความร่วมมือกับสาขาวิชา"
/articles/d476a408-eedc-4c67-b913-ca455980359e,https://gates.csmju.com/articles/d476a408-eedc-4c67-b913-ca455980359e,https://gates.csmju.com/articles/d476a408-eedc-4c67-b913-ca455980359e,บุคลากรและนักศึกษาหลักสูตรสาขาวิชาวิทยาการคอมพิวเตอร์ ร่วมทำกิจกรรม Big Cleaning day | CSMJU,False,954,"ย้อนกลับไปหน้าข่าวสาร
กิจกรรม
บุคลากรและนักศึกษาหลักสูตรสาขาวิชาวิทยาการคอมพิวเตอร์ ร่วมทำกิจกรรม Big Cleaning day
เผยแพร่: 19 สิงหาคม 2569
เวลาในการอ่าน: ประมาณ 1 นาที
คลิกเพื่อดูภาพขนาดเต็ม
รูปที่ 1 / 3
รายละเอียดข่าว :
เนื่องในวันสิ่งแวดล้อมโลก วันที่ 5 มิถุนายน 2566 🌏🌏 คณะวิทยาศาสตร์ มหาวิทยาลัยแม่โจ้ วันที่ 2 มิถุนายน 2566 บุคลากรและนักศึกษาหลักสูตรสาขาวิชาวิทยาการคอมพิวเตอร์ ร่วมทำกิจกรรม Big Cleaning day 🌿🌿 ทำความสะอาดห้องทำงาน ห้องเรียนของหลักสูตร
อัลบั้มรูปภาพประกอบ (2 รูป)
คลิกที่รูปเพื่อเปิดดูแบบเต็มจอและเลื่อนดูรูปถัดไป
ดูรูปขนาดเต็ม
1
ดูรูปขนาดเต็ม
2
แชร์ข่าวสารนี้
คัดลอกลิงก์
ข่าวสารอื่น ๆ
โครงการพัฒนาสมรรถนะด้าน (AI) ให้กับบุคลากร มหาวิทยาลัยแม่โจ้ หัวข้อ “การจัดทำเอกสารประกอบการสอนและตำราให้เข้าถึงผู้เรียนยุคใหม่”
ขอแสดงความยินดี กับบุคลากรหลักสูตรสาขาวิชาฯ ที่ได้รับรางวัลนักวิจัยดีเด่นคณะวิทยาศาสตร์ ม. แม่โจ้ เนื่องในงานมหากรรมวิทยาศาสตร์และเทคโนโลยี 2569
โครงการ
บริษัท S3 Invent เข้ามาพูดคุยเพื่อสร้างความร่วมมือกับสาขาวิชา"
