personnel_id,prefix,fullname_th,fullname_en,academic_position,administrative_position,personnel_type,academic_type,education,email,phone,work_status,profile_image_url,bio,workplace,skills,expertise,experiences,research,profile_is_public,created_at,updated_at
f2097dae-82e9-4c12-9e29-02056bc3c271,ผศ.,ภานุวัฒน์ เมฆะ,Panuwat Mekha,ผู้ช่วยศาสตราจารย์,ผู้ช่วยศาสตราจารย์,อาจารย์,ผู้ช่วยศาสตราจารย์,วท.ม.(วิทยาการคอมพิวเตอร์) มหาวิทยาลัยเชียงใหม่,panuwat_m@mju.ac.th,053-873890-93 ต่อ 20,ทำงานปกติ,https://csmju.com/files/personnels/2026/08/1787120868998-fbe94a8e-7aaf-47af-80a6-cf12fa3dc614.png,ผู้ช่วยศาสตราจารย์ภานุวัฒน์ เมฆะ สำเร็จการศึกษาวิทยาศาสตรมหาบัณฑิต สาขาวิชาวิทยาการคอมพิวเตอร์ จากมหาวิทยาลัยเชียงใหม่ เมื่อปี พ.ศ. 2554 ปัจจุบันดำรงตำแหน่งผู้ช่วยศาสตราจารย์ สาขาวิชาวิทยาการคอมพิวเตอร์ คณะวิทยาศาสตร์ มหาวิทยาลัยแม่โจ้ และดำรงตำแหน่งรองผู้อำนวยการสำนักวิจัยและส่งเสริมวิชาการการเกษตร ฝ่ายบริหาร ตั้งแต่ พ.ศ. 2567 เคยดำรงตำแหน่งรองคณบดีคณะวิทยาศาสตร์ ฝ่ายกิจการนักศึกษาและกิจการพิเศษ และเป็นอาจารย์ผู้รับผิดชอบหลักสูตรวิทยาศาสตรบัณฑิต สาขาวิชาวิทยาการคอมพิวเตอร์,"คณะวิทยาศาสตร์ มหาวิทยาลัยแม่โจ้ ตำบลหนองหาร อำเภอสันทราย จังหวัดเชียงใหม่ 50290
โทรศัพท์ : 053-873-890  โทรสาร : 053-873-898","Bio Informatics, Data Mining และ Machine Learning, Internet of Things (IoT)","Bio Informatics
Data Mining and Machine Learning
Internet of Things","●	2567 - ปัจจุบัน: รองผู้อำนวยการสำนักวิจัยและส่งเสริมวิชาการการเกษตร ฝ่ายบริหาร
●	2561 - 2564: รองคณบดีฝ่ายกิจการนักศึกษาและกิจการพิเศษ คณะวิทยาศาสตร์
●	2560 - ปัจจุบัน: อาจารย์ผู้รับผิดชอบหลักสูตรวิทยาศาสตรบัณฑิต สาขาวิชาวิทยาการคอมพิวเตอร์
●	2559 - 2560: ประธานอาจารย์ประจำหลักสูตรวิทยาศาสตรบัณฑิต สาขาวิชาวิทยาการคอมพิวเตอร์
●	2554 - 2559: อาจารย์ประจำหลักสูตรวิทยาศาสตรบัณฑิต สาขาวิชาวิทยาการคอมพิวเตอร์","●	เอกรินทร์ แสงยอ, ศุภชัย รอดฤทธิ์, ภานุวัฒน์ เมฆะ, พยุงศักดิ์ เกษมสำราญ, และ กิตติกร หาญตระกูล. (2568). การพัฒนาระบบสแกนใบหน้าในการบริหารงานทรัพยากรบุคคล: กรณีศึกษาบริษัท ดูดี อินดีด จำกัด. วารสารแม่โจ้เทคโนโลยีสารสนเทศและนวัตกรรม, 11(3), 54-82.
●	กณิศนันท์ ทองสกุล, กฤษฏา ปาลี, พยุงศักดิ์ เกษมสำราญ, ปวีณ เขื่อนแก้ว, สมชาย อารยพิทยา, และ ภานุวัฒน์ เมฆะ. (2568). ระบบจำแนกสภาพอากาศโดยใช้เทคโนโลยีการเรียนรู้เชิงลึกสำหรับกล้องถ่ายภาพทั่วท้องฟ้าของสถาบันวิจัยดาราศาสตร์แห่งชาติ (องค์การมหาชน). วารสารแม่โจ้เทคโนโลยีสารสนเทศและนวัตกรรม, 11(2), 289-308.
●	ชนันฌ์ณภัสฐ์ โฆษิตหิรัญตระกูล, รุ่งฤทธิ์ อนุตรวิรามกุล, พยุงศักดิ์ เกษมสำราญ, ปวีณ เขื่อนแก้ว, สมชาย อารยพิทยา, และ ภานุวัฒน์ เมฆะ. (2568). ระบบระบุตำแหน่งวัตถุท้องฟ้าอัตโนมัติบนรูปภาพโดยอาศัยวิศวกรรมมาตรดาราศาสตร์. วารสารแม่โจ้เทคโนโลยีสารสนเทศและนวัตกรรม, 11(2), 250-275.
●	อลงกต กองมณี, ศิลาดล ประคองธนพันธุ์, สรสิช ไชยราษฎร์, สมนึก สินธุปวน, และ ภานุวัฒน์ เมฆะ. (2567). ระบบบริหารบุคคลสำหรับสหกรณ์ออมทรัพย์. วารสารแม่โจ้เทคโนโลยีสารสนเทศและนวัตกรรม, 10(2), 92-110.",True,2026-08-19T06:27:48.758Z,2026-08-19T06:27:49.126Z
eb391ee9-7d9e-4661-b7c5-5f6027e5f345,ผศ.ดร.,พาสน์ ปราโมกข์ชน,Part Pramokchon,ผู้ช่วยศาสตราจารย์,ผู้ช่วยศาสตราจารย์,อาจารย์,ผู้ช่วยศาสตราจารย์,วศ.ด.(วิศวกรรมคอมพิวเตอร์) มหาวิทยาลัยเกษตรศาสตร์,part@mju.ac.th,053-873890-93 ต่อ 16,ทำงานปกติ,https://csmju.com/files/personnels/2026/08/1787120913926-f20fd501-f69a-4d80-ade2-1fc8c548f673.png,ผู้ช่วยศาสตราจารย์ ดร.พาสน์ ปราโมกข์ชน สำเร็จการศึกษาวิศวกรรมศาสตรดุษฎีบัณฑิต สาขาวิศวกรรมคอมพิวเตอร์ จากมหาวิทยาลัยเกษตรศาสตร์ เมื่อปี พ.ศ. 2557 ปัจจุบันดำรงตำแหน่งผู้ช่วยศาสตราจารย์ สาขาวิชาวิทยาการคอมพิวเตอร์ คณะวิทยาศาสตร์ มหาวิทยาลัยแม่โจ้ เป็นอาจารย์ประจำคณะวิทยาศาสตร์ มหาวิทยาลัยแม่โจ้ ตั้งแต่ พ.ศ. 2557 และเคยดำรงตำแหน่งกรรมการและเลขานุการอาจารย์ผู้รับผิดชอบหลักสูตรวิทยาศาสตรมหาบัณฑิต สาขาวิชานวัตกรรมเทคโนโลยีดิจิทัล,"คณะวิทยาศาสตร์ มหาวิทยาลัยแม่โจ้ ตำบลหนองหาร อำเภอสันทราย จังหวัดเชียงใหม่ 50290
โทรศัพท์ : 053-873-890  โทรสาร : 053-873-898","Descriptive / Diagnostic / Predictive Data Analytics, ETL/ELT Development, การวิเคราะห์และพัฒนาระบบข้อมูล","Descriptive Data Analytics
Diagnostic Data Analytics
Predictive Data Analytics
ETL/ELT Developer","●	2568 - 2569: อาจารย์ประจำหลักสูตรวิทยาศาสตรบัณฑิต สาขาวิชาวิทยาการคอมพิวเตอร์
●	2559 - 2568: กรรมการและเลขานุการอาจารย์ผู้รับผิดชอบหลักสูตรวิทยาศาสตรมหาบัณฑิต สาขาวิชานวัตกรรมเทคโนโลยีดิจิทัล
●	2557 - ปัจจุบัน: อาจารย์ประจำคณะวิทยาศาสตร์ มหาวิทยาลัยแม่โจ้","●	ฐิติพงษ์ เรือนสุภา, พาสน์ ปราโมกข์ชน, อลงกต กองมณี, และ สมนึก สินธุปวน. (2569). เอ็นพีซีที่ฉลาดโดยใช้ลามะบนเมตาเวิร์ส. วารสารแม่โจ้เทคโนโลยีสารสนเทศและนวัตกรรม, 12(1), 128-148.
●	เศรษฐพงศ์ อินทร์แสง, รัฐติกรณ์ จินะกาศ, พาสน์ ปราโมกข์ชน, อลงกต กองมณี, และ สมนึก สินธุปวน. (2568). การพัฒนาระบบสารสนเทศการลาแบบรายชั่วโมงสำหรับบริษัทที่มีพนักงานจำนวนจำกัด. วารสารแม่โจ้เทคโนโลยีสารสนเทศและนวัตกรรม, 11(3), 238-257.
●	สุจิตรา ปานการะเกตุ, สุธิชานนท์ พูลการขาย, พาสน์ ปราโมกข์ชน, อลงกต กองมณี, และ สมนึก สินธุปวน. (2568). การแจ้งเตือนเพื่อการต่อสัญญาการบำรุงรักษาซอฟต์แวร์โดยใช้การแจ้งเตือนหลายระยะ. วารสารแม่โจ้เทคโนโลยีสารสนเทศและนวัตกรรม, 11(3), 218-237.
●	ธีราวุฒิ หงษ์ฟ้อน, พาสน์ ปราโมกข์ชน, กิตติกร หาญตระกูล, และ ปวีณ เขื่อนแก้ว. (2568). ขั้นตอนวิธีรู้จำระดับเสียงดนตรีไทยเดิมด้วยวิธีการถดถอยพหุนาม. วารสารแม่โจ้เทคโนโลยีสารสนเทศและนวัตกรรม, 11(3), 167-182.
●	ผดุงเกียรติ สุตาโย, พาสน์ ปราโมกข์ชน, สมนึก สินธุปวน, และ ก่องกาญจน์ ดุลยไชย. (2568). การเปรียบเทียบประสิทธิภาพระหว่างโครงสร้างข้อมูลต้นไม้กับโครงสร้างข้อมูลลิงค์ลิสต์ในการจัดการข้อมูลบุคคลของฝ่ายทรัพยากรมนุษย์. วารสารแม่โจ้เทคโนโลยีสารสนเทศและนวัตกรรม, 11(2), 117-130.",True,2026-08-19T06:28:33.719Z,2026-08-19T06:28:34.043Z
dc6f7082-335f-49e0-a344-9d77d0efbcbf,นาง,ปราณี กันธิมา,Pranee Kanthima,เจ้าหน้าที่บริหารงานทั่วไป,เจ้าหน้าที่บริหารงานทั่วไป,เจ้าหน้าที่,เจ้าหน้าที่บริหารงานทั่วไป,ศศ.บ.(การจัดการทั่วไป) สหวิทยาลัยล้านนาเชียงใหม่,pranee@mju.ac.th,053-873890-93 ต่อ 11-12,ทำงานปกติ,https://csmju.com/files/personnels/2026/08/1787121178362-f54b33f2-efa0-400c-9588-3481d83f4cdb.png,,,,,,,,2026-08-19T06:32:57.977Z,2026-08-19T06:32:58.490Z
c872eaf2-30b5-4e05-9c7e-6a26036b2cf3,ผศ.ดร.,ปวีณ เขื่อนแก้ว,Paween Khoenkaw,ผู้ช่วยศาสตราจารย์,ผู้ช่วยศาสตราจารย์,อาจารย์,ผู้ช่วยศาสตราจารย์,วศ.ด.(วิศวกรรมคอมพิวเตอร์) มหาวิทยาลัยเกษตรศาสตร์,paween_k@mju.ac.th,053-873896,ทำงานปกติ,https://csmju.com/files/personnels/2026/08/1787120966487-3c73f840-2d42-4dea-8c38-479abbf8f046.png,ผู้ช่วยศาสตราจารย์ ดร.ปวีณ เขื่อนแก้ว สำเร็จการศึกษาวิศวกรรมศาสตรดุษฎีบัณฑิต สาขาวิศวกรรมคอมพิวเตอร์ จากมหาวิทยาลัยเกษตรศาสตร์ เมื่อปี พ.ศ. 2557 ปัจจุบันดำรงตำแหน่งผู้ช่วยศาสตราจารย์ สาขาวิชาวิทยาการคอมพิวเตอร์ คณะวิทยาศาสตร์ มหาวิทยาลัยแม่โจ้ เป็นอาจารย์ประจำคณะวิทยาศาสตร์ มหาวิทยาลัยแม่โจ้ ตั้งแต่ พ.ศ. 2557 และเคยดำรงตำแหน่งรองประธานอาจารย์ผู้รับผิดชอบหลักสูตรวิทยาศาสตรมหาบัณฑิต สาขาวิชานวัตกรรมเทคโนโลยีดิจิทัล,"คณะวิทยาศาสตร์ มหาวิทยาลัยแม่โจ้ ตำบลหนองหาร อำเภอสันทราย จังหวัดเชียงใหม่ 50290
โทรศัพท์ : 053-873-890  โทรสาร : 053-873-898","Image Processing, Video Processing, การพัฒนา Mobile Application, Internet of Things (IoT)","Image Processing
Video Processing
Mobile Applications
Internet of Things","●	2568 - 2569: อาจารย์ประจำหลักสูตรวิทยาศาสตรบัณฑิต สาขาวิชาวิทยาการคอมพิวเตอร์
●	2559 - 2568: รองประธานอาจารย์ผู้รับผิดชอบหลักสูตรวิทยาศาสตรมหาบัณฑิต สาขาวิชานวัตกรรมเทคโนโลยีดิจิทัล
●	2557 - ปัจจุบัน: อาจารย์ประจำคณะวิทยาศาสตร์ มหาวิทยาลัยแม่โจ้","●	ธีราวุฒิ หงษ์ฟ้อน, พาสน์ ปราโมกข์ชน, กิตติกร หาญตระกูล, และ ปวีณ เขื่อนแก้ว. (2568). ขั้นตอนวิธีรู้จำระดับเสียงดนตรีไทยเดิมด้วยวิธีการถดถอยพหุนาม. วารสารแม่โจ้เทคโนโลยีสารสนเทศและนวัตกรรม, 11(3), 167-182.
●	ศิริชัย เกษมสุข, ปวีณ เขื่อนแก้ว, สนิท สิทธิ, และ ก่องกาญจน์ ดุลยไชย. (2568). ระบบจัดการเอกสารและค่าใช้จ่ายของบริษัท Link Innovation ในอุตสาหกรรมก่อสร้าง. วารสารแม่โจ้เทคโนโลยีสารสนเทศและนวัตกรรม, 11(3), 139-166.
●	พยุงศักดิ์ เกษมสำราญ, ปวีณ เขื่อนแก้ว, สนิท สิทธิ, ขจรเกียรติ์ ศรีนวลสม, เจษฎากร เพลัย, และ พิทยา ถาวรอ้าย. (2568). ระบบแจ้งเตือนแก๊สแอมโมเนียอัจฉริยะเพื่อการเพาะเลี้ยงสัตว์น้ำ. วารสารแม่โจ้เทคโนโลยีสารสนเทศและนวัตกรรม, 11(2), 41-52.",True,2026-08-19T06:29:26.285Z,2026-08-19T06:29:26.621Z
a616422f-fa28-4f56-97a8-13b999cab47b,ผศ.ดร.,สนิท สิทธิ,Snit Sitti,ผู้ช่วยศาสตราจารย์,ผู้ช่วยศาสตราจารย์,อาจารย์,ผู้ช่วยศาสตราจารย์,ศษ.ด.(เทคโนโลยีการศึกษา) มหาวิทยาลัยเกษตรศาสตร์,snit@mju.ac.th,053-873890-93 ต่อ 15,ทำงานปกติ,https://csmju.com/files/personnels/2026/08/1787119954275-8628cef3-7380-42e1-ada3-bc4890761c52.png,ผู้ช่วยศาสตราจารย์ ดร.สนิท สิทธิ สำเร็จการศึกษาศึกษาศาสตรดุษฎีบัณฑิต สาขาเทคโนโลยีการศึกษา จากมหาวิทยาลัยเกษตรศาสตร์ เมื่อปี พ.ศ. 2557 มีประสบการณ์ทั้งด้านวิชาการและบริหาร เคยดำรงตำแหน่งผู้อำนวยการสำนักบริหารและพัฒนาวิชาการ มหาวิทยาลัยแม่โจ้ และเป็น Visiting Professor ที่ University Utara Malaysia (UUM) ประเทศมาเลเซีย ปัจจุบันเป็นอาจารย์ประจำหลักสูตรดุษฎีบัณฑิตและมหาบัณฑิต (หลักสูตรนานาชาติ) สาขาวิชาการจัดการเกษตรอินทรีย์ วิทยาลัยนานาชาติ มหาวิทยาลัยแม่โจ้,"คณะวิทยาศาสตร์ มหาวิทยาลัยแม่โจ้ ตำบลหนองหาร อำเภอสันทราย จังหวัดเชียงใหม่ 50290
โทรศัพท์ : 053-873-890  โทรสาร : 053-873-898","เทคโนโลยีการศึกษา, การสอนในศตวรรษที่ 21, เทคโนโลยีสารสนเทศด้านการเกษตร/ฟาร์มอัจฉริยะ, การสื่อสารข้อมูลและเครือข่ายคอมพิวเตอร์, ระบบรักษาความปลอดภัยข้อมูล (Information Security), การพัฒนาซอฟต์แวร์และฐานข้อมูล, การวิเคราะห์ข้อมูลสถิติเพื่อการวิจัย","เทคโนโลยีการศึกษา การเรียนการสอนและการเรียนรู้ในศตวรรษที่ 21
เทคโนโลยีสารสนเทศด้านการเกษตร ฟาร์มอัจฉริยะ
การสื่อสารข้อมูลและเครือข่ายคอมพิวเตอร์ ระบบเครือข่ายขนาดใหญ่
ระบบรักษาความปลอดภัยข้อมูล (Information Security)
การพัฒนาซอฟต์แวร์และระบบฐานข้อมูล
การวิเคราะห์ข้อมูลสถิติเพื่อการวิจัย","●	2564 - 2567 (และ 2556 - 2559): ผู้อำนวยการ / รองผู้อำนวยการสำนักบริหารและพัฒนาวิชาการ มหาวิทยาลัยแม่โจ้
●	2563 - ปัจจุบัน: กรรมการประจำสำนักวิชาการ มหาวิทยาลัยมหาจุฬาลงกรณราชวิทยาลัย วิทยาเขตเชียงใหม่
●	2562 - ปัจจุบัน: อาจารย์ประจำหลักสูตรดุษฎีบัณฑิต (นานาชาติ) สาขาวิชาการจัดการเกษตรอินทรีย์ วิทยาลัยนานาชาติ
●	2562 - ปัจจุบัน: อาจารย์ประจำหลักสูตรวิทยาศาสตรมหาบัณฑิต (นานาชาติ) สาขาวิชาการจัดการเกษตรอินทรีย์ วิทยาลัยนานาชาติ
●	2561 - ปัจจุบัน: กรรมการประจำสำนักวิทยบริการและเทคโนโลยีสารสนเทศ มหาวิทยาลัยราชภัฏเชียงราย
●	2560 - 2564: รองประธานอาจารย์ผู้รับผิดชอบหลักสูตรวิทยาศาสตรบัณฑิต สาขาวิชาวิทยาการคอมพิวเตอร์ คณะวิทยาศาสตร์
●	2560 - ปัจจุบัน: กรรมการประจำสำนักหอสมุด มหาวิทยาลัยราชภัฏเชียงใหม่
●	2557 - 2562: คณะอนุกรรมการสภามหาวิทยาลัยด้านวิชาการ มหาวิทยาลัยแม่โจ้
●	2555 - 2556: รองผู้อำนวยการสำนักบริการและพัฒนาวิชาการ ฝ่ายเทคโนโลยีสารสนเทศ มหาวิทยาลัยแม่โจ้
●	2540 - 2549: รองประธานกรรมการโครงการจัดตั้งศูนย์เทคโนโลยีสารสนเทศ มหาวิทยาลัยแม่โจ้ / ผู้ช่วยผู้อำนวยการกองแผนงาน ฝ่ายวางแผน กองแผนงาน สำนักงานอธิการบดี มหาวิทยาลัยแม่โจ้ (2540-2544)","●	สมชาย อารยพิทยา และ สนิท สิทธิ. (2568). การวิเคราะห์คุณลักษณะและประสิทธิภาพของระบบเว็บวารสารแม่โจ้เทคโนโลยีสารสนเทศและนวัตกรรม. วารสารแม่โจ้เทคโนโลยีสารสนเทศและนวัตกรรม, 11(3), 298-317.
●	ศิริชัย เกษมสุข, ปวีณ เขื่อนแก้ว, สนิท สิทธิ, และ ก่องกาญจน์ ดุลยไชย. (2568). ระบบจัดการเอกสารและค่าใช้จ่ายของบริษัท Link Innovation ในอุตสาหกรรมก่อสร้าง. วารสารแม่โจ้เทคโนโลยีสารสนเทศและนวัตกรรม, 11(3), 139-166.
●	พยุงศักดิ์ เกษมสำราญ, ปวีณ เขื่อนแก้ว, สนิท สิทธิ, ขจรเกียรติ์ ศรีนวลสม, เจษฎากร เพลัย, และ พิทยา ถาวรอ้าย. (2568). ระบบแจ้งเตือนแก๊สแอมโมเนียอัจฉริยะเพื่อการเพาะเลี้ยงสัตว์น้ำ. วารสารแม่โจ้เทคโนโลยีสารสนเทศและนวัตกรรม, 11(2), 41-52.
●	สราวุฒิ ภัทรภูวดล, สนิท สิทธิ, ภานุวัฒน์ เมฆะ, และ พยุงศักดิ์ เกษมสำราญ. (2568). การตรวจจับสิ่งเจือปนด้วยการประมวลผลภาพบนหัวอ่านฮาร์ดไดร์ฟ. วารสารแม่โจ้เทคโนโลยีสารสนเทศและนวัตกรรม, 11(1), 1-17.
●	สมนึก สินธุปวน, วีรชัย แก้วขอด, ชนิกานต์ สิงห์ไชย, อลงกต กองมณี, และ สนิท สิทธิ. (2567). แผนอาชีพส่วนบุคคลบนไลน์ออฟฟิเชียลสำหรับผู้พิการทางสายตา. วารสารแม่โจ้เทคโนโลยีสารสนเทศและนวัตกรรม, 10(4), 42-63.
●	สมนึก สินธุปวน, บัญญพนต์ ชัยปรีชา, ก่องกาญจน์ ดุลยไชย, และ สนิท สิทธิ. (2567). โคลงกลอนไทยผ่านเกม 3 มิติสยองขวัญ. วารสารแม่โจ้เทคโนโลยีสารสนเทศและนวัตกรรม, 10(1), 118-137.",True,2026-08-19T06:12:34.054Z,2026-08-19T06:15:40.693Z
9ce1c1e5-69c2-4037-8713-94ce20844d18,ผศ.,ก่องกาญจน์ ดุลยไชย,Kongkarn Dullayachai,ผู้ช่วยศาสตราจารย์,ผู้ช่วยศาสตราจารย์,อาจารย์,ผู้ช่วยศาสตราจารย์,วท.ม.(วิทยาการคอมพิวเตอร์) สถาบันบัณฑิตพัฒนบริหารศาสตร์,kongkarn@mju.ac.th,053-873890-93 ต่อ 14,ทำงานปกติ,https://csmju.com/files/personnels/2026/08/1787120326712-8ebecf61-fbac-4957-b626-82a97cdb6aeb.png,ผู้ช่วยศาสตราจารย์ก่องกาญจน์ ดุลยไชย สำเร็จการศึกษาวิทยาศาสตรมหาบัณฑิต สาขาวิชาวิทยาการคอมพิวเตอร์ จากสถาบันบัณฑิตพัฒนบริหารศาสตร์ เมื่อปี พ.ศ. 2545 ปัจจุบันดำรงตำแหน่งผู้ช่วยศาสตราจารย์ สาขาวิชาวิทยาการคอมพิวเตอร์ คณะวิทยาศาสตร์ มหาวิทยาลัยแม่โจ้ และเป็นกรรมการและเลขานุการอาจารย์ผู้รับผิดชอบหลักสูตรวิทยาศาสตรบัณฑิต สาขาวิชาวิทยาการคอมพิวเตอร์ ตั้งแต่ พ.ศ. 2560 ถึงปัจจุบัน,"คณะวิทยาศาสตร์ มหาวิทยาลัยแม่โจ้ ตำบลหนองหาร อำเภอสันทราย จังหวัดเชียงใหม่ 50290
โทรศัพท์ : 053-873-890  โทรสาร : 053-873-898","การออกแบบและพัฒนา Decision Support System, Management Information System","Decision Support System
Management Information System","●	2560 - ปัจจุบัน: กรรมการและเลขานุการอาจารย์ผู้รับผิดชอบหลักสูตรวิทยาศาสตรบัณฑิต สาขาวิชาวิทยาการคอมพิวเตอร์
●	2556 - 2559: ประธานอาจารย์ประจำหลักสูตรวิทยาศาสตรบัณฑิต สาขาวิชาวิทยาการคอมพิวเตอร์
●	2546 - 2556: อาจารย์ประจำหลักสูตรวิทยาศาสตรบัณฑิต สาขาวิชาวิทยาการคอมพิวเตอร์","●	ศิริชัย เกษมสุข, ปวีณ เขื่อนแก้ว, สนิท สิทธิ, และ ก่องกาญจน์ ดุลยไชย. (2568). ระบบจัดการเอกสารและค่าใช้จ่ายของบริษัท Link Innovation ในอุตสาหกรรมก่อสร้าง. วารสารแม่โจ้เทคโนโลยีสารสนเทศและนวัตกรรม, 11(3), 139-166.
●	ผดุงเกียรติ สุตาโย, พาสน์ ปราโมกข์ชน, สมนึก สินธุปวน, และ ก่องกาญจน์ ดุลยไชย. (2568). การเปรียบเทียบประสิทธิภาพระหว่างโครงสร้างข้อมูลต้นไม้กับโครงสร้างข้อมูลลิงค์ลิสต์ในการจัดการข้อมูลบุคคลของฝ่ายทรัพยากรมนุษย์. วารสารแม่โจ้เทคโนโลยีสารสนเทศและนวัตกรรม, 11(2), 117-130.
●	สมนึก สินธุปวน, บัญญพนต์ ชัยปรีชา, ก่องกาญจน์ ดุลยไชย, และ สนิท สิทธิ. (2567). โคลงกลอนไทยผ่านเกม 3 มิติสยองขวัญ. วารสารแม่โจ้เทคโนโลยีสารสนเทศและนวัตกรรม, 10(1), 118-137.",True,2026-08-19T06:18:46.488Z,2026-08-19T06:18:46.871Z
96c37516-cc27-492c-97db-3d14ce2f2007,นางสาว,ช่อทิพย์ สิทธิ,Chorthip Sitti,นักวิชาการคอมพิวเตอร์,นักวิชาการคอมพิวเตอร์,เจ้าหน้าที่,นักวิชาการคอมพิวเตอร์,วทม.(เทคโนโลยีสารสนเทศและการจัดการ) มหาวิทยาลัยเชียงใหม่,chorthip_s@mju.ac.th,053-873890-93 ต่อ 25,ทำงานปกติ,https://csmju.com/files/personnels/2026/08/1787121396665-2b503cf5-5e8c-473d-9ffe-7c969aa8acf7.png,,,,,,,,2026-08-19T06:36:36.365Z,2026-08-19T06:36:36.784Z
95460f0a-b190-4ee5-9e4a-83b6ed1f9bd2,อ.ดร.,พยุงศักดิ์ เกษมสำราญ,Payungsak Kasemsumran,อาจารย์,อาจารย์,อาจารย์,อาจารย์,ปร.ด.(วิศวกรรมคอมพิวเตอร์) มหาวิทยาลัยเชียงใหม่,payungsak_kae@mju.ac.th,053-873890-93 ต่อ 17,ทำงานปกติ,https://csmju.com/files/personnels/2026/08/1787121022457-800f1f77-0868-41f4-9c72-241692e84191.png,อาจารย์ ดร.พยุงศักดิ์ เกษมสำราญ สำเร็จการศึกษาปรัชญาดุษฎีบัณฑิต สาขาวิศวกรรมคอมพิวเตอร์ จากมหาวิทยาลัยเชียงใหม่ เมื่อปี พ.ศ. 2560 ปัจจุบันดำรงตำแหน่งอาจารย์ สาขาวิชาวิทยาการคอมพิวเตอร์ คณะวิทยาศาสตร์ มหาวิทยาลัยแม่โจ้ ตั้งแต่ พ.ศ. 2560 มีประสบการณ์สอนในสถาบันการศึกษาหลายแห่งก่อนหน้านี้ เช่น มหาวิทยาลัยธรรมศาสตร์ มหาวิทยาลัยธนบุรี และมหาวิทยาลัยราชภัฎเชียงใหม่,"คณะวิทยาศาสตร์ มหาวิทยาลัยแม่โจ้ ตำบลหนองหาร อำเภอสันทราย จังหวัดเชียงใหม่ 50290
โทรศัพท์ : 053-873-890  โทรสาร : 053-873-898","Artificial Intelligence, Machine Learning and Deep Learning, Data Science and Data Analytics","Artificial Intelligence
Machine Learning and Deep Learning
Data Science and Data Analytics","●	2560 - ปัจจุบัน: อาจารย์ประจำคณะวิทยาศาสตร์ มหาวิทยาลัยแม่โจ้
●	2561 - 2562: อาจารย์ประจำภาควิชาวิทยาการคอมพิวเตอร์ มหาวิทยาลัยธรรมศาสตร์ / อาจารย์พิเศษ สาขาวิชาวิทยาการคอมพิวเตอร์ มหาวิทยาลัยแม่โจ้
●	2557 - 2559: อาจารย์พิเศษสาขาคอมพิวเตอร์ธุรกิจ / สาขาวิทยาการคอมพิวเตอร์ มหาวิทยาลัยฟาร์อีสเทอร์นเชียงใหม่
●	2554 - 2559: อาจารย์พิเศษสาขาคอมพิวเตอร์ธุรกิจ มหาวิทยาลัยธนบุรี
●	2552 - 2559: อาจารย์พิเศษสาขาคอมพิวเตอร์ธุรกิจ มหาวิทยาลัยราชภัฎเชียงใหม่
●	2539 - 2552: อาจารย์สาขาคอมพิวเตอร์ธุรกิจและคณิตศาสตร์ พณิชยการลานนาเชียงใหม่","●	เอกรินทร์ แสงยอ, ศุภชัย รอดฤทธิ์, ภานุวัฒน์ เมฆะ, พยุงศักดิ์ เกษมสำราญ, และ กิตติกร หาญตระกูล. (2568). การพัฒนาระบบสแกนใบหน้าในการบริหารงานทรัพยากรบุคคล: กรณีศึกษาบริษัท ดูดี อินดีด จำกัด. วารสารแม่โจ้เทคโนโลยีสารสนเทศและนวัตกรรม, 11(3), 54-82.
●	กณิศนันท์ ทองสกุล, กฤษฏา ปาลี, พยุงศักดิ์ เกษมสำราญ, ปวีณ เขื่อนแก้ว, สมชาย อารยพิทยา, และ ภานุวัฒน์ เมฆะ. (2568). ระบบจำแนกสภาพอากาศโดยใช้เทคโนโลยีการเรียนรู้เชิงลึกสำหรับกล้องถ่ายภาพทั่วท้องฟ้าของสถาบันวิจัยดาราศาสตร์แห่งชาติ (องค์การมหาชน). วารสารแม่โจ้เทคโนโลยีสารสนเทศและนวัตกรรม, 11(2), 289-308.
●	ชนันฌ์ณภัสฐ์ โฆษิตหิรัญตระกูล, รุ่งฤทธิ์ อนุตรวิรามกุล, พยุงศักดิ์ เกษมสำราญ, ปวีณ เขื่อนแก้ว, สมชาย อารยพิทยา, และ ภานุวัฒน์ เมฆะ. (2568). ระบบระบุตำแหน่งวัตถุท้องฟ้าอัตโนมัติบนรูปภาพโดยอาศัยวิศวกรรมมาตรดาราศาสตร์. วารสารแม่โจ้เทคโนโลยีสารสนเทศและนวัตกรรม, 11(2), 250-275.
●	พยุงศักดิ์ เกษมสำราญ, ปวีณ เขื่อนแก้ว, สนิท สิทธิ, ขจรเกียรติ์ ศรีนวลสม, เจษฎากร เพลัย, และ พิทยา ถาวรอ้าย. (2568). ระบบแจ้งเตือนแก๊สแอมโมเนียอัจฉริยะเพื่อการเพาะเลี้ยงสัตว์น้ำ. วารสารแม่โจ้เทคโนโลยีสารสนเทศและนวัตกรรม, 11(2), 41-52.",True,2026-08-19T06:30:22.278Z,2026-08-19T06:30:22.575Z
8b00285b-45b4-49b7-80c2-474fd7cc5fd2,ผศ.ดร.,สมนึก สินธุปวน,Somnuek Sinthupuan,ผู้ช่วยศาสตราจารย์,ผู้ช่วยศาสตราจารย์,อาจารย์,ผู้ช่วยศาสตราจารย์,ปร.ด.(วิทยาการคอมพิวเตอร์) หลักสูตรนานาชาติ สถาบันบัณฑิตพัฒนบริหารศาสตร์,somnuk@mju.ac.th,053-873890-93 ต่อ 24,ทำงานปกติ,https://csmju.com/files/personnels/2026/08/1787119831029-3a5077aa-9b32-49ff-935b-d1c324328f98.png,ผู้ช่วยศาสตราจารย์ ดร.สมนึก สินธุปวน สำเร็จการศึกษาปรัชญาดุษฎีบัณฑิต สาขาวิชาวิทยาการคอมพิวเตอร์ (หลักสูตรนานาชาติ) จากสถาบันบัณฑิตพัฒนบริหารศาสตร์ เมื่อปี พ.ศ. 2553 ปัจจุบันดำรงตำแหน่งผู้ช่วยศาสตราจารย์ สาขาวิชาวิทยาการคอมพิวเตอร์ คณะวิทยาศาสตร์ มหาวิทยาลัยแม่โจ้ และเคยดำรงตำแหน่งรองคณบดีคณะวิทยาศาสตร์ ฝ่ายยุทธศาสตร์และมาตรฐานการศึกษา (พ.ศ. 2556-2564) รวมถึงเป็นอาจารย์ผู้รับผิดชอบหลักสูตรและประธานอาจารย์ประจำหลักสูตรวิทยาศาสตรบัณฑิต สาขาวิชาวิทยาการคอมพิวเตอร์ มาอย่างต่อเนื่องตั้งแต่ พ.ศ. 2542,"คณะวิทยาศาสตร์ มหาวิทยาลัยแม่โจ้ ตำบลหนองหาร อำเภอสันทราย จังหวัดเชียงใหม่ 50290
โทรศัพท์ : 053-873-890  โทรสาร : 053-873-898","การประมวลผลภาษาธรรมชาติ (Thai Rhetorical Structure, Thai Computational Linguistics), Machine Learning / Deep Learning, การพัฒนาระบบสารสนเทศ","Thai Rhetorical Structure
Thai Computational Linguistic
Machine Learning / Deep Learning","●	2565 - 2569: กรรมการอาจารย์ผู้รับผิดชอบหลักสูตรวิทยาศาสตรบัณฑิต สาขาวิชาวิทยาการคอมพิวเตอร์
●	2556 - 2564: รองคณบดีคณะวิทยาศาสตร์ ฝ่ายยุทธศาสตร์และมาตรฐานการศึกษา คณะวิทยาศาสตร์
●	2556 - 2560: อาจารย์ประจำหลักสูตรวิทยาศาสตรบัณฑิต สาขาวิชาวิทยาการคอมพิวเตอร์
●	2552 - 2556: ประธานอาจารย์ประจำหลักสูตรวิทยาศาสตรบัณฑิต สาขาวิชาวิทยาการคอมพิวเตอร์
●	2542 - 2551: อาจารย์ประจำหลักสูตรวิทยาศาสตรบัณฑิต สาขาวิชาวิทยาการคอมพิวเตอร์","●	ฐิติพงษ์ เรือนสุภา, พาสน์ ปราโมกข์ชน, อลงกต กองมณี, และ สมนึก สินธุปวน. (2569). เอ็นพีซีที่ฉลาดโดยใช้ลามะบนเมตาเวิร์ส. วารสารแม่โจ้เทคโนโลยีสารสนเทศและนวัตกรรม, 12(1), 128-148.
●	อลงกต กองมณี, ฐิติกร เรือนมนต์, ปวีณ เขื่อนแก้ว, ก่องกาญจน์ ดุลยไชย, และ สมนึก สินธุปวน. (2569). การลดความเสี่ยงจากการขาดทุนที่มากเกินไปด้วยกลยุทธ์การเทรดแบบกริดและการปิดตำแหน่งเมื่อถึงเป้าหมาย. วารสารแม่โจ้เทคโนโลยีสารสนเทศและนวัตกรรม, 12(1), 99-118.
●	เศรษฐพงศ์ อินทร์แสง, รัฐติกรณ์ จินะกาศ, พาสน์ ปราโมกข์ชน, อลงกต กองมณี, และ สมนึก สินธุปวน. (2568). การพัฒนาระบบสารสนเทศการลาแบบรายชั่วโมงสำหรับบริษัทที่มีพนักงานจำนวนจำกัด. วารสารแม่โจ้เทคโนโลยีสารสนเทศและนวัตกรรม, 11(3), 238-257.
●	สุจิตรา ปานการะเกตุ, สุธิชานนท์ พูลการขาย, พาสน์ ปราโมกข์ชน, อลงกต กองมณี, และ สมนึก สินธุปวน. (2568). การแจ้งเตือนเพื่อการต่อสัญญาการบำรุงรักษาซอฟต์แวร์โดยใช้การแจ้งเตือนหลายระยะ. วารสารแม่โจ้เทคโนโลยีสารสนเทศและนวัตกรรม, 11(3), 218-237.
●	สมนึก สินธุปวน, วีรชัย แก้วขอด, ชนิกานต์ สิงห์ไชย, อลงกต กองมณี, และ สนิท สิทธิ. (2567). แผนอาชีพส่วนบุคคลบนไลน์ออฟฟิเชียลสำหรับผู้พิการทางสายตา. วารสารแม่โจ้เทคโนโลยีสารสนเทศและนวัตกรรม, 10(4), 42-63.
●	สมนึก สินธุปวน, บัญญพนต์ ชัยปรีชา, ก่องกาญจน์ ดุลยไชย, และ สนิท สิทธิ. (2567). โคลงกลอนไทยผ่านเกม 3 มิติสยองขวัญ. วารสารแม่โจ้เทคโนโลยีสารสนเทศและนวัตกรรม, 10(1), 118-137.",True,2026-08-19T06:10:30.814Z,2026-08-19T06:16:19.560Z
3dcc281d-22a6-474d-9428-d3ea47269167,นางสาว,พัชรี ยางยืน,Phatcharee Yangyuen,นักวิชาการคอมพิวเตอร์ชำนาญการ,นักวิชาการคอมพิวเตอร์ชำนาญการ,เจ้าหน้าที่,นักวิชาการคอมพิวเตอร์ชำนาญการ,วทม.(เทคโนโลยีสารสนเทศและการจัดการ)มหาวิทยาลัยเชียงใหม่,patcha.y@mju.ac.th,053-873890-93 ต่อ 22,ทำงานปกติ,https://csmju.com/files/personnels/2026/08/1787121284026-e3bfbaee-51d0-4f9b-b616-a470f1e91488.png,,,,,,,,2026-08-19T06:34:43.829Z,2026-08-19T06:34:44.145Z
2e668585-a593-410e-8246-6bbe0bb3f963,นาย,ประทีป สุขสมัย,Prateep Sooksamai,นักวิชาการโสตทัศนศึกษา,นักวิชาการโสตทัศนศึกษา,เจ้าหน้าที่,นักวิชาการโสตทัศนศึกษา,วทบ.(เทคโนโลยีอุตสาหกรรม) มหาวิทยาลัยราชภัฎเชียงใหม่,prateep@mju.ac.th,053-873890-93 ต่อ 25,ทำงานปกติ,https://csmju.com/files/personnels/2026/08/1787121230435-085f64c6-009b-4914-880f-8addd2463a92.png,,,,,,,,2026-08-19T06:33:50.233Z,2026-08-19T06:33:50.556Z
26128be3-ec32-485d-89ac-c3722dc666c9,อ.,อรรถวิท ชังคมานนท์,Attawit Changkamanon,อาจารย์,อาจารย์,อาจารย์,อาจารย์,วท.ม.(วิทยาการคอมพิวเตอร์) มหาวิทยาลัยเชียงใหม่,attawit@mju.ac.th,053-873890-93 ต่อ 13,ทำงานปกติ,https://csmju.com/files/personnels/2026/08/1787120580723-728ef996-d445-4c9d-9950-f4447a84d696.png,อาจารย์อรรถวิท ชังคมานนท์ สำเร็จการศึกษาวิทยาศาสตรมหาบัณฑิต สาขาวิชาวิทยาการคอมพิวเตอร์ จากมหาวิทยาลัยเชียงใหม่ เมื่อปี พ.ศ. 2547 ปัจจุบันดำรงตำแหน่งอาจารย์ สาขาวิชาวิทยาการคอมพิวเตอร์ คณะวิทยาศาสตร์ มหาวิทยาลัยแม่โจ้ และดำรงตำแหน่งประธานอาจารย์ผู้รับผิดชอบหลักสูตรวิทยาศาสตรบัณฑิต สาขาวิชาวิทยาการคอมพิวเตอร์ ตั้งแต่ พ.ศ. 2560,"คณะวิทยาศาสตร์ มหาวิทยาลัยแม่โจ้ ตำบลหนองหาร อำเภอสันทราย จังหวัดเชียงใหม่ 50290
โทรศัพท์ : 053-873-890  โทรสาร : 053-873-898","การพัฒนาและวิเคราะห์ซอฟต์แวร์และแอปพลิเคชัน (Software and Application Development and Analysis), การจัดการฐานข้อมูล (Database Management)","Software and Application Development and Analysis
Database Management","●	2560 - 2569: ประธานอาจารย์ผู้รับผิดชอบหลักสูตรวิทยาศาสตรบัณฑิต สาขาวิชาวิทยาการคอมพิวเตอร์
●	2555 - 2559: อาจารย์ประจำหลักสูตรวิทยาศาสตรบัณฑิต สาขาวิชาวิทยาการคอมพิวเตอร์
●	2546 - 2555: อาจารย์ประจำหลักสูตรวิทยาศาสตรบัณฑิต สาขาวิชาเทคโนโลยีสารสนเทศ","●	สมนึก สินธุปวน, ชวัลวิทย์ เลาหาง, ณัฐชยา เตปันวงศ์, พุฒิพงศ์ พนมไพร, ก่องกาญจน์ ดุลยไชย, และ อรรถวิท ชังคมานนท์. (2568). ระบบรายงานปัญหาการใช้งานโปรแกรมของลูกค้าและการแจ้งเตือนผ่านไลน์. วารสารแม่โจ้เทคโนโลยีสารสนเทศและนวัตกรรม, 11(3), 83-100.
●	อรรถวิท ชังคมานนท์, กฎกฤษ รัตนวงค์, คณาธิป คุณยศยิ่ง, อลงกต กองมณี, และ ก่องกาญจน์ ดุลยไชย. (2568). การพัฒนาและประเมินระบบเว็บแอปพลิเคชันเพื่อการจัดการธนาคารขยะรีไซเคิลชุมชน: กรณีศึกษาโรงพยาบาลส่งเสริมสุขภาพตำบลเมืองปอน จังหวัดแม่ฮ่องสอน. วารสารแม่โจ้เทคโนโลยีสารสนเทศและนวัตกรรม, 11(2), 344-360.
●	ตะวัน สุรินา, ณภัทร บัวบาน, อรรถวิท ชังคมานนท์, สมนึก สินธุปวน, และ ก่องกาญจน์ ดุลยไชย. (2568). ระบบสถิติการตรวจสอบใบเสร็จการโอนเงินเพื่อสนับสนุนการตัดสินใจของพนักงานร้านค้าและผู้ดูแลระบบ. วารสารแม่โจ้เทคโนโลยีสารสนเทศและนวัตกรรม, 11(2), 224-249.
●	ณรงค์เกียรตินามห้วยทอง, ไตรภาค สิทธิแก้ว, อรรถวิท ชังคมานนท์, สมนึก สินธุปวน, และ ก่องกาญจน์ ดุลยไชย. (2568). การศึกษาประสิทธิภาพของ Tesseract OCR สำหรับการประมวลผลภาพในการตรวจสอบธุรกรรมทางการเงิน. วารสารแม่โจ้เทคโนโลยีสารสนเทศและนวัตกรรม, 11(2), 156-171.",True,2026-08-19T06:23:00.428Z,2026-08-19T06:23:00.832Z
1053e212-46a5-408f-ada3-f35cc60d418f,อ.,อลงกต กองมณี,Alongkot Gongmanee,อาจารย์,อาจารย์,อาจารย์,อาจารย์,"M.S.(Information Systems Management) Ferris State University, U.S.A.",alongkot@mju.ac.th,053-873890 ต่อ 22,ทำงานปกติ,https://csmju.com/files/personnels/2026/08/1787120446612-fc38b52d-8a7a-49c4-9676-5413b47bd8c3.png,อาจารย์อลงกต กองมณี สำเร็จการศึกษา Master of Science สาขา Information Systems Management จาก Ferris State University ประเทศสหรัฐอเมริกา เมื่อปี พ.ศ. 2540 ปัจจุบันดำรงตำแหน่งอาจารย์ สาขาวิชาวิทยาการคอมพิวเตอร์ คณะวิทยาศาสตร์ มหาวิทยาลัยแม่โจ้ และเป็นกรรมการอาจารย์ผู้รับผิดชอบหลักสูตรวิทยาศาสตรบัณฑิต สาขาวิชาวิทยาการคอมพิวเตอร์ ตั้งแต่ พ.ศ. 2541 ถึงปัจจุบัน มีใบรับรอง (Certificate) ด้าน IBM Cognos BI หลายรายการ,"คณะวิทยาศาสตร์ มหาวิทยาลัยแม่โจ้ ตำบลหนองหาร อำเภอสันทราย จังหวัดเชียงใหม่ 50290
โทรศัพท์ : 053-873-890  โทรสาร : 053-873-898","การประเมินประสิทธิภาพด้วยเทคนิค DEA, Data Structure, Database System, Block Chain Information System, Intelligence Algorithm for Optimization, Mobile Application; ใบรับรอง IBM Cognos BI Professional, IBM Cognos 10 BI Metadata Model Developer, IBM Cognos 10 BI Author, IBM Rational Team Concert V3","Data Structure
Database System
Block Chain Information System
Intelligence Algorithm for Optimization
Mobile Application","●	2541 - ปัจจุบัน: กรรมการอาจารย์ผู้รับผิดชอบหลักสูตรวิทยาศาสตรบัณฑิต สาขาวิชาวิทยาการคอมพิวเตอร์
●	2541: นักวิจัยศูนย์วิจัยเพื่อเพิ่มผลผลิตทางเกษตร คณะเกษตรศาสตร์ มหาวิทยาลัยเชียงใหม่","●	ฐิติพงษ์ เรือนสุภา, พาสน์ ปราโมกข์ชน, อลงกต กองมณี, และ สมนึก สินธุปวน. (2569). เอ็นพีซีที่ฉลาดโดยใช้ลามะบนเมตาเวิร์ส. วารสารแม่โจ้เทคโนโลยีสารสนเทศและนวัตกรรม, 12(1), 128-148.
●	เศรษฐพงศ์ อินทร์แสง, รัฐติกรณ์ จินะกาศ, พาสน์ ปราโมกข์ชน, อลงกต กองมณี, และ สมนึก สินธุปวน. (2568). การพัฒนาระบบสารสนเทศการลาแบบรายชั่วโมงสำหรับบริษัทที่มีพนักงานจำนวนจำกัด. วารสารแม่โจ้เทคโนโลยีสารสนเทศและนวัตกรรม, 11(3), 238-257.
●	สุจิตรา ปานการะเกตุ, สุธิชานนท์ พูลการขาย, พาสน์ ปราโมกข์ชน, อลงกต กองมณี, และ สมนึก สินธุปวน. (2568). การแจ้งเตือนเพื่อการต่อสัญญาการบำรุงรักษาซอฟต์แวร์โดยใช้การแจ้งเตือนหลายระยะ. วารสารแม่โจ้เทคโนโลยีสารสนเทศและนวัตกรรม, 11(3), 218-237.
●	อลงกต กองมณี, ศิลาดล ประคองธนพันธุ์, สรสิช ไชยราษฎร์, สมนึก สินธุปวน, และ ภานุวัฒน์ เมฆะ. (2567). ระบบบริหารบุคคลสำหรับสหกรณ์ออมทรัพย์. วารสารแม่โจ้เทคโนโลยีสารสนเทศและนวัตกรรม, 10(2), 92-110.",True,2026-08-19T06:20:46.399Z,2026-08-19T06:20:46.733Z
0c86953b-1035-43b8-b4a4-8c92b261ee77,อ.ดร.,กิตติกร หาญตระกูล,Kittikorn Hantrakul,อาจารย์,อาจารย์,อาจารย์,อาจารย์,ปร.ด.(การบริหารเทคโนโลยี) มหาวิทยาลัยแม่โจ้,kittikor@mju.ac.th,053-873890-93 ต่อ 21,ทำงานปกติ,https://csmju.com/files/personnels/2026/08/1787120507784-3e2fb6d1-4317-40a5-a163-a719abaa0c6d.png,อาจารย์ ดร.กิตติกร หาญตระกูล สำเร็จการศึกษาปรัชญาดุษฎีบัณฑิต สาขาวิชาบริหารศาสตร์-การบริหารเทคโนโลยี จากมหาวิทยาลัยแม่โจ้ เมื่อปี พ.ศ. 2557 ปัจจุบันดำรงตำแหน่งอาจารย์ สาขาวิชาวิทยาการคอมพิวเตอร์ คณะวิทยาศาสตร์ มหาวิทยาลัยแม่โจ้ และดำรงตำแหน่งรองคณบดีคณะวิทยาศาสตร์ ฝ่ายกิจการนักศึกษาและกิจการพิเศษ ตั้งแต่ พ.ศ. 2568 เคยดำรงตำแหน่งรองผู้อำนวยการสำนักบริหารและพัฒนาวิชาการ ฝ่ายเทคโนโลยีสารสนเทศ และประธานอาจารย์ผู้รับผิดชอบหลักสูตรวิทยาศาสตรมหาบัณฑิต สาขาวิชานวัตกรรมเทคโนโลยีดิจิทัล,"คณะวิทยาศาสตร์ มหาวิทยาลัยแม่โจ้ ตำบลหนองหาร อำเภอสันทราย จังหวัดเชียงใหม่ 50290
โทรศัพท์ : 053-873-890  โทรสาร : 053-873-898","Management Information Technology, Internet of Things (IoT), Technology Administration","Management Information Technology
Internet of Things
Technology Administration","●	2568 - ปัจจุบัน: รองคณบดีคณะวิทยาศาสตร์ ฝ่ายกิจการนักศึกษาและกิจการพิเศษ คณะวิทยาศาสตร์
●	2564 - 2568: รองผู้อำนวยการสำนักบริหารและพัฒนาวิชาการ ฝ่ายเทคโนโลยีสารสนเทศ
●	2559 - 2569: ประธานอาจารย์ผู้รับผิดชอบหลักสูตรวิทยาศาสตรมหาบัณฑิต สาขาวิชานวัตกรรมเทคโนโลยีดิจิทัล
●	2551 - ปัจจุบัน: อาจารย์ประจำคณะวิทยาศาสตร์ มหาวิทยาลัยแม่โจ้","●	ธีราวุฒิ หงษ์ฟ้อน, พาสน์ ปราโมกข์ชน, กิตติกร หาญตระกูล, และ ปวีณ เขื่อนแก้ว. (2568). ขั้นตอนวิธีรู้จำระดับเสียงดนตรีไทยเดิมด้วยวิธีการถดถอยพหุนาม. วารสารแม่โจ้เทคโนโลยีสารสนเทศและนวัตกรรม, 11(3), 167-182.
●	เอกรินทร์ แสงยอ, ศุภชัย รอดฤทธิ์, ภานุวัฒน์ เมฆะ, พยุงศักดิ์ เกษมสำราญ, และ กิตติกร หาญตระกูล. (2568). การพัฒนาระบบสแกนใบหน้าในการบริหารงานทรัพยากรบุคคล: กรณีศึกษาบริษัท ดูดี อินดีด จำกัด. วารสารแม่โจ้เทคโนโลยีสารสนเทศและนวัตกรรม, 11(3), 54-82.",True,2026-08-19T06:21:47.577Z,2026-08-19T06:21:47.900Z
01d95325-b787-4ed9-85cb-52f2c3646551,นางสาว,สุภาพรรณ อนุตรกุล,Suphaphan Anuttarakun,นักวิชาการคอมพิวเตอร์,นักวิชาการคอมพิวเตอร์,เจ้าหน้าที่,นักวิชาการคอมพิวเตอร์,วทม.(เทคโนโลยีสารสนเทศและการจัดการ) มหาวิทยาลัยเชียงใหม่,supapun@mju.ac.th,053-873890-93 ต่อ 23,ทำงานปกติ,https://csmju.com/files/personnels/2026/08/1787121343531-b3795a84-8c55-4b64-9989-da4fbd87bde2.png,,,,,,,,2026-08-19T06:35:43.311Z,2026-08-19T06:35:43.659Z
