program_id,revision_year_be,plo_no,title,subtitle,description
30274689-46d6-4552-89eb-f99f418f3c5f,2565,1,การพัฒนาระบบและซอฟต์แวร์,,มีความรู้ความเข้าใจในหลักการทางวิทยาการคอมพิวเตอร์ สามารถออกแบบ พัฒนา ทดสอบ และประยุกต์ใช้ระบบซอฟต์แวร์ที่มีประสิทธิภาพสูง
30274689-46d6-4552-89eb-f99f418f3c5f,2565,2,ปัญญาประดิษฐ์และวิทยาการข้อมูล,,สามารถประยุกต์ใช้เทคโนโลยีปัญญาประดิษฐ์ (AI) การเรียนรู้ของเครื่อง (Machine Learning) และการจัดการข้อมูลขนาดใหญ่ (Big Data Analytics)
30274689-46d6-4552-89eb-f99f418f3c5f,2565,3,โครงสร้างพื้นฐานและความปลอดภัยคลาวด์,,เข้าใจการทำงานของระบบเครือข่าย สถาปัตยกรรมคลาวด์ (Cloud Computing) และการรักษาความมั่นคงปลอดภัยทางไซเบอร์
30274689-46d6-4552-89eb-f99f418f3c5f,2565,4,ทักษะการทำงานร่วมกันและจรรยาบรรณวิชาชีพ,,มีทักษะการสื่อสาร ทำงานร่วมกับผู้อื่นเป็นทีม มีความคิดสร้างสรรค์ ปรับตัวต่อการเปลี่ยนแปลง และปฏิบัติตามจรรยาบรรณวิชาชีพ IT
d7b54fbf-46cd-4982-984e-36ca370d884e,2570,1,ความรับผิดชอบและความยั่งยืน,ความรับผิดชอบต่อสังคมและสิ่งแวดล้อมทางเทคโนโลยีสารสนเทศ,ประเมิน ผลกระทบของเทคโนโลยีสารสนเทศต่อสังคมและสิ่งแวดล้อมเพื่อการพัฒนาเทคโนโลยีที่มีความรับผิดชอบและยั่งยืน
d7b54fbf-46cd-4982-984e-36ca370d884e,2570,2,วิศวกรรมซอฟต์แวร์,วิศวกรรมซอฟต์แวร์และการแก้ปัญหาทางเทคนิคที่ซับซ้อน,ปฏิบัติการสร้าง ระบบซอฟต์แวร์และโปรแกรมเพื่อแก้ปัญหาทางเทคนิคที่ซับซ้อน ได้อย่างถูกต้อง แม่นยำ และสม่ำเสมอ โดยใช้หลักการวิศวกรรมซอฟต์แวร์ เทคโนโลยี และเครื่องมือที่เหมาะสม
d7b54fbf-46cd-4982-984e-36ca370d884e,2570,3,การสื่อสารองค์ความรู้,การสื่อสารองค์ความรู้ทางวิทยาการคอมพิวเตอร์อย่างมีประสิทธิภาพ,สื่อสาร องค์ความรู้และผลงานทางวิทยาการคอมพิวเตอร์ให้เหมาะสมกับกลุ่มเป้าหมายได้อย่างชำนาญและมีประสิทธิภาพ
d7b54fbf-46cd-4982-984e-36ca370d884e,2570,4,จรรยาบรรณวิชาชีพ,จรรยาบรรณวิชาชีพและความรับผิดชอบต่อผู้มีส่วนได้ส่วนเสีย,ยึดมั่น ในจรรยาบรรณวิชาชีพและความรับผิดชอบต่อผู้ใช้งาน องค์กรและวิชาชีพในการปฏิบัติงานด้านวิทยาการคอมพิวเตอร์
d7b54fbf-46cd-4982-984e-36ca370d884e,2570,5,การเรียนรู้ตลอดชีวิต,การเรียนรู้ตลอดชีวิตและการทำงานร่วมกันแบบปรับตัว,ให้คุณค่า กับการเรียนรู้เทคโนโลยีใหม่ การปรับตัวต่อการเปลี่ยนแปลง และการทำงานร่วมกับผู้อื่น
