asked_at,question,answer,answered_on
12/8/2568 13:30,ดูรายชื่อในรายวิชายังไงคะ แบบเราอยากรู้ว่าเราเลขที่เท่าไหร่ในรายวิชา ต้องกดเข้าดูตรงเมนูไหนคะ,"https://reg.mju.ac.th/registrar/class_info.asp?avs356041374=114

ใส่ข้อมุลรายวิชา กดค้าหา แล้วเลือกกลุ่มที่เราลงทะเบียนไว้ครับ จะแสดงรายชื่อ",จันทร์ 23 กุมภาพันธ์ 2569 เวลา 08:17
16/11/2568 01:11,ถ้าลงทะเบียนเรียนไม่ทันจะลงได้อีกทีตอนไหนครับ,การลงทะเบียนกรณีลงไม่ทันช่วงวันปกติ สามารถไปลงช่วงเพิ่ม-ถอนได้ครับ,จันทร์ 23 กุมภาพันธ์ 2569 เวลา 08:38
15/11/2568 13:32,วิชาที่ต้องเรียนเต็มทำยังไง,ประสานไปที่คณะเจ้าของรายวิชาครับ เนื่องจากการประเมินจำนวนผุู้เรียนต้องให้เจ้าของวิชาเป็นผู้ตรวจสอบ,จันทร์ 23 กุมภาพันธ์ 2569 เวลา 08:39
11/10/2568 19:43,ทำไม กลุ่มการเป็นผู้ประกอบการ ผมยัง FAIL อยู่ละคับ ผมก็เรียนการเป็นผู้ประกอบการเเล้ว,กรณีที่เรียนครบในกลุ่มนั้นๆแล้วยังแสดงผลว่าไม่ผ่าน ให้ประสานกับเจ้าหน้าที่ตรวจสอบจบก่อนเพราะอาจจะมีรายวิชาที่ไม่ตรงกับวิชาที่ใส่ไว้ในโครงสร้างหลักสูตร ทางเจ้าหน้าที่ตรวจสอบจบสามารถตรวจสอบและแก้ไขให้ได้ครับ,จันทร์ 23 กุมภาพันธ์ 2569 เวลา 08:36
11/7/2568 14:10,ผมลงเรียน วิชาเสรี 10700202 :สุขภาพสำหรับคนรุ่นใหม่ แต่หมวดวิชาเสรีไม่ขึ้นและมันไปร่วมอยู่กับหมวดกลุ่มคุณค่าความเป็นมนุษย์และการใช้ชีวิตแทนครับ ทำยังไงดีครับ,สามารถแจ้งย้ายหมวดวาได้กับเจ้าหน้าที่ตรวจสอบสำเร็จการศึกษา ที่ฝ่ายทะเบียนครับ,จันทร์ 23 กุมภาพันธ์ 2569 เวลา 08:33
30/10/2568 23:12,ขอสอบถามค่ะ คือหนูเป็นนักศึกษาปี 65 แต่มีความจำเป็นต้องพักการเรียนไปตั้งแต่เทอม 2 ของปีที่แล้ว ในเทอมหน้า 2/68 หนูจะกลับไปเรียน จึงอยากทราบว่าหนูจะต้องลงทะเบียนในวันไหนคะ แล้วต้องลงวิชาเดิมกับที่ติดเอฟใหม่ใช่มั้ย เพราะหนูดรอปเพื่อมารอเรียนเทอมสองใหม่ แต่ไ,กลับมาลงทะเบียนตามวันที่กำหนดให้รหัสของเราลงครับ แต่รายวิชากรณีที่จะต้องไปเรียนวิชาเดิม จะต้องรอช่วงเพิ่มถอน เนื่องจากช่วงวันลงทะเบียนปกติจะเปิดให้กับนักศึกษาทที่เรียนตามแผนการศึกษาลงก่อน,จันทร์ 23 กุมภาพันธ์ 2569 เวลา 08:41
15/4/2568 23:11,ทางมหาลัยใหักำหนดเวลาแก้Iถึงวันที่เท่าไหร่คะ,ก่อนเปิดเทอมปกติ 1 เดือน ครับ,พุธ 16 เมษายน 2568 เวลา 21:09
4/4/2568 17:23,เกรดรวมรีไทร์ปี 1 ถ้าต่ำกว่า 1.50 คือโดนรีไทร์เลยใช่ไหมคะ หรือเกรดต่ำกว่า 2.00 คะ เห็นมีข้อความส่งมาเลยกังวลค่ะ,"เกณฑ์การรีไทร์
2 เทอมแรก รวมกัน เกรดเฉลี่ยน้อยกว่า 1.50 
3 เทอม(เทอมปกติ) เกรดน้อยกว่า 1.75",จันทร์ 28 เมษายน 2568 เวลา 10:29
31/3/2568 16:11,ถ้าลงเสรีคบแล้ว แต่ขึ้นแค่1ตัว ต้องติดต่อที่ไหนค่ะ,ติดต่อขอย้ายรายวิชาให้ตรงกลุ่มในโครงสร้างหลักสูตรที่ ฝ่ายทะเบียนฯ ครับ,ศุกร์ 4 เมษายน 2568 เวลา 15:17
14/3/2568 13:42,กฎระเบียบของหอเยอะเกินไปไหมและไม่ทันสมัยหรือเปล่ากดบางข้อควรแก้ไขและปรับเปลี่ยนตามยุคสมัยหรือไม่ ที่จอดรถในมหาลัยแคบเกินไปหรือไม่ไม่เหมาะสำหรับนักศึกษาที่ใช้รถยนต์ รถไฟฟ้ามหาลัยช้าและรอนานเกินไปหรือไม่ หอในใช้ราคาที่ถูกในการล่อลวงนักศึกษาที่ไม่มีเงินจึ,จะรับเรื่องและนำไปแจ้งยังผู้ที่เกี่ยวข้องต่อไปครับ,ศุกร์ 4 เมษายน 2568 เวลา 15:19
3/2/2568 23:38,ถ้าหากผมลงเรียนรีเกรด แต่ตอนรีเกรดแล้วได้ F ผมสามารถใช้เกรดเดิมได้ไหมครับ,การรีเกรดจะยึดเกรดตัวสุดท้ายครับ กรณีรีเกรดแล้วได้ F จะคิดตัว F ไม่ย้อนกลับไปเอาตัวก่อนหน้า,ศุกร์ 4 เมษายน 2568 เวลา 15:20
27/2/2568 10:08,ติดFวิชาหลักจะลิงเรียนแก่Fตอนซัมเมอร์ได้มั้ยคะรายวิชาจะเปิดให้ลงแก้รึป่าวคะ,ลองตรวจสอบที่เมนู รายวิชาที่เปิดสอน ถ้ารายวิชานั้นๆเปิดสอนซัมเมอร์ก็สามารถลงเรียนได้ครับ,ศุกร์ 4 เมษายน 2568 เวลา 15:21
25/2/2568 01:39,ถ้าลงเสรีครบหน่วยกิตแล้วแต่ในระบบขึ้นแค่1ตัวต้องยังไงค่ะ,ติดต่อเจ้าหน้าที่ด้านตรวจสอบจบ ฝ่ายทะเบียนฯ เพื่อแก้ไขให้ครับ,ศุกร์ 4 เมษายน 2568 เวลา 15:21
2/9/2568 17:12,อยากให้อาจารย์ทุกท่าน ลงคะแนนให้นักศึกษาเห็น เพราะจะได้รู้ว่าคะแนนเป็นยังไงเพื่อพิจารณาการถอนรายวิชาครับ,เรื่องคะแนนลองแจ้งทางอาจารย์ผู้สอนดูนะครับ,ศุกร์ 4 เมษายน 2568 เวลา 15:22
2/3/2568 10:17,เทอมนี้เกรด1.9 เราควรดรอปวิชาที่เราไม่มั่นใจมั้ยครับกลัวโดนรีทาย,กรณีเกรดน้อยเสี่ยต่อการรีไทด์แนะนำให้คำนวณเกรดดีๆครับ ถ้าลองคำนวณแล้วไม่ไหวควรดรอปตัวที่คาดว่าเกรดต่ำไปก่อนครับ,ศุกร์ 4 เมษายน 2568 เวลา 15:23
