building,building_name,roomid,room,equipment,capacity
105,คณะวิทยาศาสตร์,6361,1104,,50
105,คณะวิทยาศาสตร์,6141,C 205,,50
105,คณะวิทยาศาสตร์,6282,C 206 IT,,50
105,คณะวิทยาศาสตร์,6201,C 301,,50
105,คณะวิทยาศาสตร์,3044,C 302 IT,Computer+Presenter+Projector+TV.+OHP+Tape,35
105,คณะวิทยาศาสตร์,6067,C 305 IT,,50
105,คณะวิทยาศาสตร์,6068,C 401,,80
105,คณะวิทยาศาสตร์,6023,C 403 IT,,80
105,คณะวิทยาศาสตร์,6026,C 405 IT,,50
105,คณะวิทยาศาสตร์,6261,C 406 IT,,50
105,คณะวิทยาศาสตร์,4621,C301 IT,Computer+Presenter+Projector+TV.+OHP+Tape,50
105,คณะวิทยาศาสตร์,5681,COM 3203,,60
105,คณะวิทยาศาสตร์,7201,Co working space,,0
105,คณะวิทยาศาสตร์,6501,GI1,,0
105,คณะวิทยาศาสตร์,6502,GI2,,0
105,คณะวิทยาศาสตร์,2351,L พันธุศาสตร์,,50
105,คณะวิทยาศาสตร์,2861,L ฟิสิกส์,,50
105,คณะวิทยาศาสตร์,2043,LAB ชีว,,50
105,คณะวิทยาศาสตร์,2044,LAB เคมี,,50
105,คณะวิทยาศาสตร์,2203,LAB1 ชั้น 5,,50
105,คณะวิทยาศาสตร์,5661,Lab IT 3202-1,,120
105,คณะวิทยาศาสตร์,5963,Lab IT 3202-2,,50
105,คณะวิทยาศาสตร์,3981,Lab Molecular,,40
105,คณะวิทยาศาสตร์,5261,Lab PTC,,30
105,คณะวิทยาศาสตร์,3561,Lab คณิต 1,,60
105,คณะวิทยาศาสตร์,5321,Lab คณิต 3,,60
105,คณะวิทยาศาสตร์,3821,Lab คณิต 4,,60
105,คณะวิทยาศาสตร์,4962,Lab คอม 1,,30
105,คณะวิทยาศาสตร์,4966,Lab คอม 3,,50
105,คณะวิทยาศาสตร์,4967,Lab คอม 4,,50
105,คณะวิทยาศาสตร์,4968,Lab คอม 5,,30
105,คณะวิทยาศาสตร์,4964,Lab คอม2,,50
105,คณะวิทยาศาสตร์,8142,Lab คอม3-4,,120
105,คณะวิทยาศาสตร์,5921,Lab วิทย์ 2305,,50
105,คณะวิทยาศาสตร์,3222,Lab สถิติ,,40
105,คณะวิทยาศาสตร์,4976,Lab ไอที 1,,45
105,คณะวิทยาศาสตร์,4977,Lab ไอที 2,,45
105,คณะวิทยาศาสตร์,2541,Lab2 (คศ),,60
105,คณะวิทยาศาสตร์,3881,Lวิทย์ 1105,,40
105,คณะวิทยาศาสตร์,1923,Lวิทย์ 1109,,50
105,คณะวิทยาศาสตร์,1910,Lวิทย์ 1112,,50
105,คณะวิทยาศาสตร์,1908,Lวิทย์ 1113,,50
105,คณะวิทยาศาสตร์,1912,Lวิทย์ 1115,,50
105,คณะวิทยาศาสตร์,1915,Lวิทย์ 1203,,35
105,คณะวิทยาศาสตร์,1917,Lวิทย์ 1205,,50
105,คณะวิทยาศาสตร์,1918,Lวิทย์ 1206,,50
105,คณะวิทยาศาสตร์,1921,Lวิทย์ 1208,,50
105,คณะวิทยาศาสตร์,4021,Lวิทย์ 1209,,50
105,คณะวิทยาศาสตร์,1919,Lวิทย์ 1211,,50
105,คณะวิทยาศาสตร์,1920,Lวิทย์ 1214,,50
105,คณะวิทยาศาสตร์,1909,Lวิทย์ 1215,,50
105,คณะวิทยาศาสตร์,1922,Lวิทย์ 1217,,50
105,คณะวิทยาศาสตร์,1916,Lวิทย์ 1218,,35
105,คณะวิทยาศาสตร์,4381,Lวิทย์ 2108,,40
105,คณะวิทยาศาสตร์,1913,Lวิทย์ 2202/1,,50
105,คณะวิทยาศาสตร์,1914,Lวิทย์ 2202/2,,50
105,คณะวิทยาศาสตร์,4181,Lวิทย์ 2202/3,,40
105,คณะวิทยาศาสตร์,3882,Lวิทย์ 2206,,40
105,คณะวิทยาศาสตร์,3522,Lวิทย์ 2302,,40
105,คณะวิทยาศาสตร์,3523,Lวิทย์ 2304,,36
105,คณะวิทยาศาสตร์,1737,Lวิทย์ 2306,,40
105,คณะวิทยาศาสตร์,3541,Lวิทย์ 2308,,20
105,คณะวิทยาศาสตร์,4081,MS 1,,40
105,คณะวิทยาศาสตร์,4871,MS 2,,40
105,คณะวิทยาศาสตร์,5342,MS3,,40
105,คณะวิทยาศาสตร์,5348,MS5,,40
105,คณะวิทยาศาสตร์,8461,Sci Digital Lab,,45
105,คณะวิทยาศาสตร์,6047,TBA(วิทย์),,100
105,คณะวิทยาศาสตร์,1948,TBA(วิทย์),,100
105,คณะวิทยาศาสตร์,2347,บ.เคมี 3,,50
105,คณะวิทยาศาสตร์,2348,บ.เคมี 4,,50
105,คณะวิทยาศาสตร์,4970,บรรยาย คอม 6,,65
105,คณะวิทยาศาสตร์,4971,บรรยาย คอม 7,,54
105,คณะวิทยาศาสตร์,4972,บรรยาย คอม 8,,80
105,คณะวิทยาศาสตร์,3982,บรรยาย ป.โท,,40
105,คณะวิทยาศาสตร์,4973,บรรยาย ไอที 1,,50
105,คณะวิทยาศาสตร์,4974,บรรยาย ไอที 2,,45
105,คณะวิทยาศาสตร์,2641,วิทย์ 1107,,30
105,คณะวิทยาศาสตร์,1726,วิทย์ 1108,,160
105,คณะวิทยาศาสตร์,1727,วิทย์ 1116,,60
105,คณะวิทยาศาสตร์,1728,วิทย์ 2105,,164
105,คณะวิทยาศาสตร์,1731,วิทย์ 2109,,50
105,คณะวิทยาศาสตร์,1730,วิทย์ 2202,,50
105,คณะวิทยาศาสตร์,1903,วิทย์ 2203,,100
105,คณะวิทยาศาสตร์,1904,วิทย์ 2204,,100
105,คณะวิทยาศาสตร์,1729,วิทย์ 2205,,130
105,คณะวิทยาศาสตร์,6962,วิทย์ 2206,,30
105,คณะวิทยาศาสตร์,1732,วิทย์ 2301,,50
105,คณะวิทยาศาสตร์,1733,วิทย์ 2302,,50
105,คณะวิทยาศาสตร์,1734,วิทย์ 2303,,50
105,คณะวิทยาศาสตร์,1736,วิทย์ 2305,,50
105,คณะวิทยาศาสตร์,1738,วิทย์ 2307,,50
105,คณะวิทยาศาสตร์,1739,วิทย์ 2308,,50
105,คณะวิทยาศาสตร์,1740,วิทย์ 2309,,130
105,คณะวิทยาศาสตร์,5063,วิทย์ 2310,,30
105,คณะวิทยาศาสตร์,1902,วิทย์ 2311,,130
105,คณะวิทยาศาสตร์,4401,วิทย์ 2312,,50
105,คณะวิทยาศาสตร์,5062,วิทย์ 2312,,30
105,คณะวิทยาศาสตร์,4402,วิทย์ 2314,,40
105,คณะวิทยาศาสตร์,1741,วิทย์ 2401,,50
105,คณะวิทยาศาสตร์,1742,วิทย์ 2402,,50
105,คณะวิทยาศาสตร์,1743,วิทย์ 2403,,50
105,คณะวิทยาศาสตร์,1744,วิทย์ 2404,,50
105,คณะวิทยาศาสตร์,1745,วิทย์ 2405,,50
105,คณะวิทยาศาสตร์,1746,วิทย์ 2406,,50
105,คณะวิทยาศาสตร์,1747,วิทย์ 2407,,50
105,คณะวิทยาศาสตร์,1748,วิทย์ 2408,,50
105,คณะวิทยาศาสตร์,1749,วิทย์ 2409,,50
105,คณะวิทยาศาสตร์,1750,วิทย์ 2501,,50
105,คณะวิทยาศาสตร์,1751,วิทย์ 2502,,50
105,คณะวิทยาศาสตร์,1752,วิทย์ 2503,,40
105,คณะวิทยาศาสตร์,1753,วิทย์ 2504,,70
105,คณะวิทยาศาสตร์,1754,วิทย์ 2505,,50
105,คณะวิทยาศาสตร์,1755,วิทย์ 2506,,50
105,คณะวิทยาศาสตร์,2741,วิทย์ 2507/1,,80
105,คณะวิทยาศาสตร์,4661,วิทย์ 2507/2,,80
105,คณะวิทยาศาสตร์,7141,วิทย์ 2610,,0
105,คณะวิทยาศาสตร์,2882,วิทย์1109,,50
105,คณะวิทยาศาสตร์,6021,ห้องประชุม2,,60
105,คณะวิทยาศาสตร์,3941,ห้องประชุมภาคชีว,,40
105,คณะวิทยาศาสตร์,8261,ห้องสอบออนไลน์,,100
105,คณะวิทยาศาสตร์,2822,ห้องสัมมนาเคมี,,60
105,คณะวิทยาศาสตร์,6702,เพาะเลี้ยง,,30
