edu_program_id,acadyear_be,semester,graduates,honors_1st,honors_2nd,no_honors,status_summary
65304010,2568,2,81,29,9,43,รออนุมัติ 81
65304010,2569,1,4,0,0,4,รออนุมัติ 4
60304010,2566,1,9,0,0,9,รออนุมัติ 9
60304010,2566,2,59,13,14,32,รออนุมัติ 59
60304010,2567,1,12,0,0,12,รออนุมัติ 12
60304010,2567,2,50,16,12,22,รออนุมัติ 50
60304010,2567,3,1,0,0,1,รออนุมัติ 1
60304010,2568,1,7,0,0,7,รออนุมัติ 7
60304010,2568,2,13,0,0,13,รออนุมัติ 13
60304010,2568,3,1,0,0,1,รออนุมัติ 1
60304010,2569,1,7,0,0,7,รออนุมัติ 7
