name_reg,officerid,email,sessions_per_week,teaching_hours_per_week,courses
ผู้ช่วยศาสตราจารย์ ภานุวัฒน์ เมฆะ,28210,panuwat_m@mju.ac.th,3,8.0,10301491 สัมมนาวิชาการทางวิทยาการคอมพิวเตอร์; 10301111 การเขียนโปรแกรมเบื้องต้น
ผู้ช่วยศาสตราจารย์ ดร. พาสน์ ปราโมกข์ชน,31690,part@mju.ac.th,4,10.0,10301351 วิทยาการข้อมูล
ผู้ช่วยศาสตราจารย์ ดร. ปวีณ เขื่อนแก้ว,31910,paween_k@mju.ac.th,6,15.0,10301364 ตรรกศาสตร์เชิงดิจิทัลและอุปกรณ์อัจฉริยะ; 10301112 เทคโนโลยีสารสนเทศและการสื่อสาร; 10301222 โครงสร้างข้อมูลและอัลกอริทึม
ผู้ช่วยศาสตราจารย์ ดร. สนิท สิทธิ,381,snit@mju.ac.th,8,18.0,10301341 การเข้ารหัสและความปลอดภัยในเครือข่าย; 10301342 การประมวลผลแบบกลุ่มเมฆ; 30118701 ระเบียบวิธีวิจัยสำหรับนักบริหารและพัฒนาทรัพยากรขั้นสูง
ผู้ช่วยศาสตราจารย์ ก่องกาญจน์ ดุลยไชย,801,kongkarn@mju.ac.th,4,10.0,10301314 หลักการเขียนโปรแกรมเชิงวัตถุ; 10301223 ฐานข้อมูลโครงสร้างเชิงสัมพันธ์
อาจารย์ ดร. พยุงศักดิ์ เกษมสำราญ,34811,payungsak_kae@mju.ac.th,4,8.0,10301211 คณิตศาสตร์สำหรับวิทยาการคอมพิวเตอร์; 10301371 ปัญญาประดิษฐ์
ผู้ช่วยศาสตราจารย์ ดร. สมนึก สินธุปวน,764,somnuk@mju.ac.th,4,10.0,10301225 วิศวกรรมซอฟต์แวร์; 10301374 การประมวลผลภาษาธรรมชาติ
อาจารย์ อรรถวิท ชังคมานนท์,20211,attawit@mju.ac.th,4,10.0,10301231 เว็บเทคโนโลยี; 10301223 ฐานข้อมูลโครงสร้างเชิงสัมพันธ์
อาจารย์ อลงกต กองมณี,516,alongkot@mju.ac.th,4,10.0,10301225 วิศวกรรมซอฟต์แวร์; 10301391 หัวข้อพิเศษทางวิทยาการคอมพิวเตอร์ 1
อาจารย์ ดร. กิตติกร หาญตระกูล,22374,kittikor@mju.ac.th,6,15.0,10301366 วิทยาการสมองกลฝังตัว; 10301385 ระบบบริหารสารสนเทศเพื่อการจัดการ; คพ392 การเป็นผู้ประกอบการทางด้านคอมพิวเตอร์และนวัตกรรม
ผู้ช่วยศาสตราจารย์ ดร. บุรัสกร นันทดิลก,30430,buraskorn@mju.ac.th,6,12.0,10305109 คณิตศาสตร์สำหรับอุตสาหกรรม; 10305271 วิทยาการข้อมูลสำหรับธุรกิจและอุตสาหกรรมเกษตร; 10301222 โครงสร้างข้อมูลและอัลกอริทึม; 10305491 สัมมนา
