campus,building_code,building_name
เชียงใหม่,000,ประกาศภายหลัง
เชียงใหม่,101,อาคารพัฒนาวิศัยทัศน์
เชียงใหม่,102,ประเสริฐ ณ นคร
เชียงใหม่,103,สมิตตานนท์
เชียงใหม่,104,คณะวิศวกรรมและอุตสาหกรรมเกษตร
เชียงใหม่,105,คณะวิทยาศาสตร์
เชียงใหม่,106,คณะเทคโนโลยีการประมงและทรัพยากรทางน้ำ
เชียงใหม่,107,คณะบริหารธุรกิจ
เชียงใหม่,108,ภาควิชาทรัพยากรดินและสิ่งแวดล้อม
เชียงใหม่,109,อาคารเทคโนโลยีภูมิทัศน์
เชียงใหม่,110,ศูนย์กีฬาเฉลิมพระเกียรติ (โซน B)
เชียงใหม่,111,ศูนย์กล้วยไม้และไม้ดอกไม้ประดับ
เชียงใหม่,112,คณะสัตวศาสตร์และเทคโนโลยี
เชียงใหม่,113,อาคารกำจรบุญแปง
เชียงใหม่,114,อาคารเมล็ดพันธุ์
เชียงใหม่,115,อาคารไม้ผล
เชียงใหม่,116,อาคารพืชผัก
เชียงใหม่,117,อาคารเนื้อเยื่อ
เชียงใหม่,118,ภาควิชา
เชียงใหม่,119,TBA
เชียงใหม่,120,ภาคพืชไร่
เชียงใหม่,121,อาคารเทคโนโลยีชีวภาพ
เชียงใหม่,122,อาคาร 77
เชียงใหม่,123,ภาควิชาพืชสวน
เชียงใหม่,124,อาคารสุวรรณวาจกกิสิกิจ
เชียงใหม่,125,อาคารแม่โจ้ 70 ปี : สร้างปัญญาเพื่อแผ่นดิน
เชียงใหม่,126,อาคารปฏิบัติการรวมทางพืช
เชียงใหม่,127,อาคารหม่อนไหม
เชียงใหม่,128,ศูนย์วิจัยควบคุมศัตรูพืชโดยชีวินทรีย์ฯ
เชียงใหม่,129,อาคารเฉลิมพระเกียรติสมเด็จพระเทพฯ
เชียงใหม่,130,อาคารไม้ผล 2
เชียงใหม่,140,อาคารเศรษฐศาสตร์
เชียงใหม่,141,อาคารจุฬาภรณ์
เชียงใหม่,142,อาคารเทพ พงษ์พานิช
เชียงใหม่,143,อาคาร 75 ปี (คณะสารสนเทศแลการสื่อสาร)
เชียงใหม่,144,สระว่ายน้ำอุบุลรัตนราชกัญญา
เชียงใหม่,145,วิทยาลัยพลังงานทดแทน
เชียงใหม่,146,อาคารเทอดกสิกร
เชียงใหม่,147,อาคารเรียนรวม 80 ปี
เชียงใหม่,148,อาคารเรียนรวมคณะสถาปัตยกรรมศาสตร์และการออกแบบสิ่งแวดล้อม
เชียงใหม่,149,อาคารศูนย์ภาษา
เชียงใหม่,150,อาคารพยาบาลศาสตร์
เชียงใหม่,151,ศูนย์เรียนรู้เทคโนโลยีการควบคุมศัตรูพืชโดยชีววิธี (ฟาร์มมหาวิทยาลัย)
เชียงใหม่,152,การเรียนการสอนแบบออนไลน์
เชียงใหม่,153,อาคารเรียนรวมและปฏิบัติการ คณะสัตวแพทยศาสตร์
เชียงใหม่,154,อาคารปฏิบัติการโรงพยาบาลสัตว์
วิทยาลัยบริหารศาสตร์,106,ภาควิชาเทคโนโลยีการประมง
วิทยาลัยบริหารศาสตร์,107,คณะธุรกิจการเกษตร
วิทยาลัยบริหารศาสตร์,112,อาคารภาควิชาเทคโนโลยีทางสัตว์
แพร่,801,อาคารพลังแม่โจ้สามัคคี
แพร่,802,อาคารนำชัย ทนุผล
แพร่,803,อาคารปฏิบัติการทางวิทยาศาสตร์และเทคโนโลยีอุตสาหกรรมเกษตร
แพร่,804,อาคารนำร่องและอุตสาหกรรมฯ
แพร่,805,ฟาร์มเทคโนโลยีการผลิตสัตว์
แพร่,806,ฟาร์มเทคโนโลยีการผลิตพืช
แพร่,807,ฟาร์มเกษตรป่าไม้
แพร่,808,ศูนย์ประสานงาน
แพร่,809,ฟาร์มสัตว์ปีก
แพร่,810,ฟาร์มสุกร
แพร่,811,อาคารเทพ พงษ์พานิช
แพร่,812,อาคารเกษตรป่าไม้
แพร่,813,อาคารเทคโนโลยีการผลิตพืช
แพร่,814,อาคารเทคโนโลยีการผลิตสัตว์
แพร่,815,อาคารศาสตร์พระราชา
แพร่,816,Shop เทคโนโลยีอุตสาหกรรมป่าไม้
แพร่,TBA,TBA
ชุมพร,701,อาคารบุญรอด ศุภอุดมฤกษ์
ชุมพร,702,อาคารแม่โจ้สามัคคี
ชุมพร,703,โรงน้ำจืด
ชุมพร,704,โรงน้ำเค็ม
ชุมพร,705,แปลงดอกหน้าวัว
ชุมพร,706,สนามกีฬา
ชุมพร,707,นอกสถานที่
ชุมพร,708,ฟาร์มเทคโนโลยีการผลิตพืช
ชุมพร,709,ฟาร์มการประมง(การเพาะเลี้ยงสัตว์น้ำ)
ชุมพร,710,แปลงพืชไร่
ชุมพร,711,แปลงไม้ผล
ชุมพร,712,แปลงไม้ดอก
ชุมพร,713,อาคาร Cowboy
ชุมพร,714,โครงการศูนย์การศึกษาสัญจร
ชุมพร,715,อาคาร Cowboy
ชุมพร,716,อาคารแม่โจ้ 80 ปี
ชุมพร,717,อาคารปฏิบัติงานด้านวิทยาศาสตร์และเทคโนโลยี
