acadyear_be,semester,calendar_set,item,parent_item,start_th,end_th,start,end
2569,1,1001 : ปริญญาตรี ปกติ,ลงทะเบียนปกติ ( on-line ),,18 มิ.ย. 2569 0:01 น.,23 มิ.ย. 2569 23:59 น.,2026-06-18T00:01,2026-06-23T23:59
2569,1,1001 : ปริญญาตรี ปกติ,ชั้นปี 1(ตามรหัสปีเข้า),ลงทะเบียนปกติ ( on-line ),19 มิ.ย. 2569 0:01 น.,19 มิ.ย. 2569 23:59 น.,2026-06-19T00:01,2026-06-19T23:59
2569,1,1001 : ปริญญาตรี ปกติ,ชั้นปี 2(ตามรหัสปีเข้า),ลงทะเบียนปกติ ( on-line ),22 มิ.ย. 2569 8:30 น.,22 มิ.ย. 2569 23:59 น.,2026-06-22T08:30,2026-06-22T23:59
2569,1,1001 : ปริญญาตรี ปกติ,ชั้นปี 3(ตามรหัสปีเข้า),ลงทะเบียนปกติ ( on-line ),23 มิ.ย. 2569 8:30 น.,23 มิ.ย. 2569 23:59 น.,2026-06-23T08:30,2026-06-23T23:59
2569,1,1001 : ปริญญาตรี ปกติ,ชั้นปี 4(ตามรหัสปีเข้า),ลงทะเบียนปกติ ( on-line ),23 มิ.ย. 2569 8:30 น.,23 มิ.ย. 2569 23:59 น.,2026-06-23T08:30,2026-06-23T23:59
2569,1,1001 : ปริญญาตรี ปกติ,ชั้นปีอื่นๆ,ลงทะเบียนปกติ ( on-line ),23 มิ.ย. 2569 8:30 น.,23 มิ.ย. 2569 23:59 น.,2026-06-23T08:30,2026-06-23T23:59
2569,1,1001 : ปริญญาตรี ปกติ,วันเปิดภาคการศึกษา,,29 มิ.ย. 2569 8:30 น.,29 มิ.ย. 2569 16:30 น.,2026-06-29T08:30,2026-06-29T16:30
2569,1,1001 : ปริญญาตรี ปกติ,ลงทะเบียนเพิ่ม/ลด/เปลี่ยนกลุ่ม ( on-line ),,29 มิ.ย. 2569 8:30 น.,1 ก.ค. 2569 23:59 น.,2026-06-29T08:30,2026-07-01T23:59
2569,1,1001 : ปริญญาตรี ปกติ,ช่วงวันทำการเพิ่มรายวิชา,ลงทะเบียนเพิ่ม/ลด/เปลี่ยนกลุ่ม ( on-line ),29 มิ.ย. 2569 8:30 น.,1 ก.ค. 2569 23:59 น.,2026-06-29T08:30,2026-07-01T23:59
2569,1,1001 : ปริญญาตรี ปกติ,ช่วงวันทำการลดรายวิชา,ลงทะเบียนเพิ่ม/ลด/เปลี่ยนกลุ่ม ( on-line ),29 มิ.ย. 2569 8:30 น.,1 ก.ค. 2569 23:59 น.,2026-06-29T08:30,2026-07-01T23:59
2569,1,1001 : ปริญญาตรี ปกติ,ช่วงวันทำการเปลี่ยนกลุ่มรายวิชา,ลงทะเบียนเพิ่ม/ลด/เปลี่ยนกลุ่ม ( on-line ),29 มิ.ย. 2569 8:30 น.,1 ก.ค. 2569 23:59 น.,2026-06-29T08:30,2026-07-01T23:59
2569,1,1001 : ปริญญาตรี ปกติ,ช่วงลดรายวิชาโดยได้รับค่าหน่วยกิตคืนเต็ม,ลงทะเบียนเพิ่ม/ลด/เปลี่ยนกลุ่ม ( on-line ),29 มิ.ย. 2569 8:30 น.,1 ก.ค. 2569 23:59 น.,2026-06-29T08:30,2026-07-01T23:59
2569,1,1001 : ปริญญาตรี ปกติ,ลงทะเบียนล่าช้า,,29 มิ.ย. 2569 8:30 น.,1 ก.ค. 2569 23:59 น.,2026-06-29T08:30,2026-07-01T23:59
2569,1,1001 : ปริญญาตรี ปกติ,ช่วงการขอเทียบโอนหน่วยกิตนักศึกษาใหม่,ลงทะเบียนล่าช้า,19 มิ.ย. 2569 8:30 น.,1 ก.ค. 2569 16:30 น.,2026-06-19T08:30,2026-07-01T16:30
2569,1,1001 : ปริญญาตรี ปกติ,งวดชำระเงินตามปกติ,,6 ก.ค. 2569 8:30 น.,12 ก.ค. 2569 20:00 น.,2026-07-06T08:30,2026-07-12T20:00
2569,1,1001 : ปริญญาตรี ปกติ,ช่วงพิมพ์ใบแจ้งหนี้ผ่าน WEB,,6 ก.ค. 2569 8:30 น.,12 ก.ค. 2569 20:00 น.,2026-07-06T08:30,2026-07-12T20:00
2569,1,1001 : ปริญญาตรี ปกติ,ชำระเงินที่เคาน์เตอร์ธนาคารกรุงไทยทุกสาขาทั่วประเทศ,ช่วงพิมพ์ใบแจ้งหนี้ผ่าน WEB,6 ก.ค. 2569 8:30 น.,12 ก.ค. 2569 20:00 น.,2026-07-06T08:30,2026-07-12T20:00
2569,1,1001 : ปริญญาตรี ปกติ,ช่วงของการรักษาสภาพนักศึกษา/ลาพักการศึกษา,,29 มิ.ย. 2569 8:30 น.,31 ก.ค. 2569 16:30 น.,2026-06-29T08:30,2026-07-31T16:30
2569,1,1001 : ปริญญาตรี ปกติ,ช่วงการขอแก้ไขผลการศึกษา I,ช่วงของการรักษาสภาพนักศึกษา/ลาพักการศึกษา,29 มิ.ย. 2569 8:30 น.,31 ก.ค. 2569 16:30 น.,2026-06-29T08:30,2026-07-31T16:30
2569,1,1001 : ปริญญาตรี ปกติ,ช่วงวันทำการถอนรายวิชา ( ติด W ),ช่วงของการรักษาสภาพนักศึกษา/ลาพักการศึกษา,1 ก.ย. 2569 8:30 น.,15 ก.ย. 2569 16:30 น.,2026-09-01T08:30,2026-09-15T16:30
2569,1,1001 : ปริญญาตรี ปกติ,วันแจ้งคาดว่าจะสำเร็จการศึกษาผ่านระบบออนไลน์,ช่วงของการรักษาสภาพนักศึกษา/ลาพักการศึกษา,20 ก.ค. 2569 8:30 น.,18 ต.ค. 2569 16:30 น.,2026-07-20T08:30,2026-10-18T16:30
2569,1,1001 : ปริญญาตรี ปกติ,ช่วงวันสอบกลางภาค,,24 ส.ค. 2569 8:30 น.,30 ส.ค. 2569 16:30 น.,2026-08-24T08:30,2026-08-30T16:30
2569,1,1001 : ปริญญาตรี ปกติ,วันสุดท้ายของการเรียนการสอน,,18 ต.ค. 2569 8:30 น.,18 ต.ค. 2569 16:30 น.,2026-10-18T08:30,2026-10-18T16:30
2569,1,1001 : ปริญญาตรี ปกติ,ช่วงวันสอบปลายภาค,,19 ต.ค. 2569 8:30 น.,1 พ.ย. 2569 16:30 น.,2026-10-19T08:30,2026-11-01T16:30
2569,1,1001 : ปริญญาตรี ปกติ,วันปิดภาคการศึกษา,ช่วงวันสอบปลายภาค,2 พ.ย. 2569 8:30 น.,2 พ.ย. 2569 16:30 น.,2026-11-02T08:30,2026-11-02T16:30
2569,1,1001 : ปริญญาตรี ปกติ,วันสุดท้ายของการส่งผลการศึกษา,ช่วงวันสอบปลายภาค,9 พ.ย. 2569 8:30 น.,9 พ.ย. 2569 16:30 น.,2026-11-09T08:30,2026-11-09T16:30
2569,1,1001 : ปริญญาตรี ปกติ,วันประกาศผลการศึกษา,ช่วงวันสอบปลายภาค,10 พ.ย. 2569 16:30 น.,10 พ.ย. 2569 23:30 น.,2026-11-10T16:30,2026-11-10T23:30
2569,1,1001 : ปริญญาตรี ปกติ,วันไหว้ครู,,20 ส.ค. 2569 7:00 น.,20 ส.ค. 2569 11:00 น.,2026-08-20T07:00,2026-08-20T11:00
2569,2,1001 : ปริญญาตรี ปกติ,ลงทะเบียนปกติ ( on-line ),,10 พ.ย. 2569 0:01 น.,13 พ.ย. 2569 23:59 น.,2026-11-10T00:01,2026-11-13T23:59
2569,2,1001 : ปริญญาตรี ปกติ,ชั้นปี 1(ตามรหัสปีเข้า),ลงทะเบียนปกติ ( on-line ),11 พ.ย. 2569 8:30 น.,11 พ.ย. 2569 23:59 น.,2026-11-11T08:30,2026-11-11T23:59
2569,2,1001 : ปริญญาตรี ปกติ,ชั้นปี 2(ตามรหัสปีเข้า),ลงทะเบียนปกติ ( on-line ),12 พ.ย. 2569 8:30 น.,12 พ.ย. 2569 23:59 น.,2026-11-12T08:30,2026-11-12T23:59
2569,2,1001 : ปริญญาตรี ปกติ,ชั้นปี 3(ตามรหัสปีเข้า),ลงทะเบียนปกติ ( on-line ),13 พ.ย. 2569 8:30 น.,13 พ.ย. 2569 23:59 น.,2026-11-13T08:30,2026-11-13T23:59
2569,2,1001 : ปริญญาตรี ปกติ,ชั้นปี 4(ตามรหัสปีเข้า),ลงทะเบียนปกติ ( on-line ),13 พ.ย. 2569 8:30 น.,13 พ.ย. 2569 23:59 น.,2026-11-13T08:30,2026-11-13T23:59
2569,2,1001 : ปริญญาตรี ปกติ,ชั้นปีอื่นๆ,ลงทะเบียนปกติ ( on-line ),13 พ.ย. 2569 8:30 น.,13 พ.ย. 2569 23:59 น.,2026-11-13T08:30,2026-11-13T23:59
2569,2,1001 : ปริญญาตรี ปกติ,วันเปิดภาคการศึกษา,,16 พ.ย. 2569 8:30 น.,16 พ.ย. 2569 16:30 น.,2026-11-16T08:30,2026-11-16T16:30
2569,2,1001 : ปริญญาตรี ปกติ,ลงทะเบียนเพิ่ม/ลด/เปลี่ยนกลุ่ม ( on-line ),,16 พ.ย. 2569 8:30 น.,18 พ.ย. 2569 23:59 น.,2026-11-16T08:30,2026-11-18T23:59
2569,2,1001 : ปริญญาตรี ปกติ,ช่วงวันทำการเพิ่มรายวิชา,ลงทะเบียนเพิ่ม/ลด/เปลี่ยนกลุ่ม ( on-line ),16 พ.ย. 2569 8:30 น.,18 พ.ย. 2569 23:59 น.,2026-11-16T08:30,2026-11-18T23:59
2569,2,1001 : ปริญญาตรี ปกติ,ช่วงวันทำการลดรายวิชา,ลงทะเบียนเพิ่ม/ลด/เปลี่ยนกลุ่ม ( on-line ),16 พ.ย. 2569 8:30 น.,18 พ.ย. 2569 23:59 น.,2026-11-16T08:30,2026-11-18T23:59
2569,2,1001 : ปริญญาตรี ปกติ,ช่วงวันทำการเปลี่ยนกลุ่มรายวิชา,ลงทะเบียนเพิ่ม/ลด/เปลี่ยนกลุ่ม ( on-line ),16 พ.ย. 2569 8:30 น.,18 พ.ย. 2569 23:59 น.,2026-11-16T08:30,2026-11-18T23:59
2569,2,1001 : ปริญญาตรี ปกติ,ช่วงลดรายวิชาโดยได้รับค่าหน่วยกิตคืนเต็ม,ลงทะเบียนเพิ่ม/ลด/เปลี่ยนกลุ่ม ( on-line ),16 พ.ย. 2569 8:30 น.,18 พ.ย. 2569 23:59 น.,2026-11-16T08:30,2026-11-18T23:59
2569,2,1001 : ปริญญาตรี ปกติ,ลงทะเบียนล่าช้า,,16 พ.ย. 2569 8:30 น.,18 พ.ย. 2569 23:59 น.,2026-11-16T08:30,2026-11-18T23:59
2569,2,1001 : ปริญญาตรี ปกติ,งวดชำระเงินตามปกติ,,23 พ.ย. 2569 8:30 น.,29 พ.ย. 2569 20:00 น.,2026-11-23T08:30,2026-11-29T20:00
2569,2,1001 : ปริญญาตรี ปกติ,ช่วงพิมพ์ใบแจ้งหนี้ผ่าน WEB,,23 พ.ย. 2569 8:30 น.,29 พ.ย. 2569 20:00 น.,2026-11-23T08:30,2026-11-29T20:00
2569,2,1001 : ปริญญาตรี ปกติ,ชำระเงินที่เคาน์เตอร์ธนาคารกรุงไทยทุกสาขาทั่วประเทศ,ช่วงพิมพ์ใบแจ้งหนี้ผ่าน WEB,23 พ.ย. 2569 8:30 น.,29 พ.ย. 2569 20:00 น.,2026-11-23T08:30,2026-11-29T20:00
2569,2,1001 : ปริญญาตรี ปกติ,ช่วงของการรักษาสภาพนักศึกษา/ลาพักการศึกษา,,16 พ.ย. 2569 8:30 น.,15 ธ.ค. 2569 16:30 น.,2026-11-16T08:30,2026-12-15T16:30
2569,2,1001 : ปริญญาตรี ปกติ,ช่วงการขอแก้ไขผลการศึกษา I,ช่วงของการรักษาสภาพนักศึกษา/ลาพักการศึกษา,16 พ.ย. 2569 8:30 น.,15 ธ.ค. 2569 16:30 น.,2026-11-16T08:30,2026-12-15T16:30
2569,2,1001 : ปริญญาตรี ปกติ,ช่วงวันทำการถอนรายวิชา ( ติด W ),ช่วงของการรักษาสภาพนักศึกษา/ลาพักการศึกษา,30 พ.ย. 2569 8:30 น.,9 ก.พ. 2570 16:30 น.,2026-11-30T08:30,2027-02-09T16:30
2569,2,1001 : ปริญญาตรี ปกติ,วันแจ้งคาดว่าจะสำเร็จการศึกษาผ่านระบบออนไลน์,ช่วงของการรักษาสภาพนักศึกษา/ลาพักการศึกษา,8 ธ.ค. 2569 8:30 น.,7 มี.ค. 2570 16:30 น.,2026-12-08T08:30,2027-03-07T16:30
2569,2,1001 : ปริญญาตรี ปกติ,ช่วงวันสอบกลางภาค,,11 ม.ค. 2570 8:30 น.,17 ม.ค. 2570 16:30 น.,2027-01-11T08:30,2027-01-17T16:30
2569,2,1001 : ปริญญาตรี ปกติ,วันสุดท้ายของการเรียนการสอน,,7 มี.ค. 2570 8:30 น.,7 มี.ค. 2570 16:30 น.,2027-03-07T08:30,2027-03-07T16:30
2569,2,1001 : ปริญญาตรี ปกติ,ช่วงวันสอบปลายภาค,,8 มี.ค. 2570 8:30 น.,21 มี.ค. 2570 16:30 น.,2027-03-08T08:30,2027-03-21T16:30
2569,2,1001 : ปริญญาตรี ปกติ,วันปิดภาคการศึกษา,ช่วงวันสอบปลายภาค,22 มี.ค. 2570 8:30 น.,22 มี.ค. 2570 16:30 น.,2027-03-22T08:30,2027-03-22T16:30
2569,2,1001 : ปริญญาตรี ปกติ,วันสุดท้ายของการส่งผลการศึกษา,ช่วงวันสอบปลายภาค,29 มี.ค. 2570 8:30 น.,29 มี.ค. 2570 16:30 น.,2027-03-29T08:30,2027-03-29T16:30
2569,2,1001 : ปริญญาตรี ปกติ,วันประกาศผลการศึกษา,ช่วงวันสอบปลายภาค,30 มี.ค. 2570 16:30 น.,30 มี.ค. 2570 23:30 น.,2027-03-30T16:30,2027-03-30T23:30
2569,3,1001 : ปริญญาตรี ปกติ,ลงทะเบียนปกติ ( on-line ),,15 เม.ย. 2570 8:30 น.,16 เม.ย. 2570 23:59 น.,2027-04-15T08:30,2027-04-16T23:59
2569,3,1001 : ปริญญาตรี ปกติ,ชั้นปี 1(ตามรหัสปีเข้า),ลงทะเบียนปกติ ( on-line ),16 เม.ย. 2570 8:30 น.,16 เม.ย. 2570 23:59 น.,2027-04-16T08:30,2027-04-16T23:59
2569,3,1001 : ปริญญาตรี ปกติ,ชั้นปี 2(ตามรหัสปีเข้า),ลงทะเบียนปกติ ( on-line ),16 เม.ย. 2570 8:30 น.,16 เม.ย. 2570 23:59 น.,2027-04-16T08:30,2027-04-16T23:59
2569,3,1001 : ปริญญาตรี ปกติ,ชั้นปี 3(ตามรหัสปีเข้า),ลงทะเบียนปกติ ( on-line ),16 เม.ย. 2570 8:30 น.,16 เม.ย. 2570 23:59 น.,2027-04-16T08:30,2027-04-16T23:59
2569,3,1001 : ปริญญาตรี ปกติ,ชั้นปี 4(ตามรหัสปีเข้า),ลงทะเบียนปกติ ( on-line ),16 เม.ย. 2570 8:30 น.,16 เม.ย. 2570 23:59 น.,2027-04-16T08:30,2027-04-16T23:59
2569,3,1001 : ปริญญาตรี ปกติ,ชั้นปีอื่นๆ,ลงทะเบียนปกติ ( on-line ),16 เม.ย. 2570 8:30 น.,16 เม.ย. 2570 23:59 น.,2027-04-16T08:30,2027-04-16T23:59
2569,3,1001 : ปริญญาตรี ปกติ,วันเปิดภาคการศึกษา,,19 เม.ย. 2570 8:00 น.,19 เม.ย. 2570 8:00 น.,2027-04-19T08:00,2027-04-19T08:00
2569,3,1001 : ปริญญาตรี ปกติ,ลงทะเบียนเพิ่ม/ลด/เปลี่ยนกลุ่ม ( on-line ),,19 เม.ย. 2570 8:30 น.,21 เม.ย. 2570 23:59 น.,2027-04-19T08:30,2027-04-21T23:59
2569,3,1001 : ปริญญาตรี ปกติ,ช่วงวันทำการเพิ่มรายวิชา,ลงทะเบียนเพิ่ม/ลด/เปลี่ยนกลุ่ม ( on-line ),19 เม.ย. 2570 8:30 น.,21 เม.ย. 2570 23:59 น.,2027-04-19T08:30,2027-04-21T23:59
2569,3,1001 : ปริญญาตรี ปกติ,ช่วงวันทำการลดรายวิชา,ลงทะเบียนเพิ่ม/ลด/เปลี่ยนกลุ่ม ( on-line ),19 เม.ย. 2570 8:30 น.,21 เม.ย. 2570 23:59 น.,2027-04-19T08:30,2027-04-21T23:59
2569,3,1001 : ปริญญาตรี ปกติ,ช่วงวันทำการเปลี่ยนกลุ่มรายวิชา,ลงทะเบียนเพิ่ม/ลด/เปลี่ยนกลุ่ม ( on-line ),19 เม.ย. 2570 8:30 น.,21 เม.ย. 2570 23:59 น.,2027-04-19T08:30,2027-04-21T23:59
2569,3,1001 : ปริญญาตรี ปกติ,ช่วงลดรายวิชาโดยได้รับค่าหน่วยกิตคืนเต็ม,ลงทะเบียนเพิ่ม/ลด/เปลี่ยนกลุ่ม ( on-line ),19 เม.ย. 2570 8:30 น.,21 เม.ย. 2570 23:59 น.,2027-04-19T08:30,2027-04-21T23:59
2569,3,1001 : ปริญญาตรี ปกติ,ลงทะเบียนล่าช้า,,19 เม.ย. 2570 8:30 น.,21 เม.ย. 2570 23:59 น.,2027-04-19T08:30,2027-04-21T23:59
2569,3,1001 : ปริญญาตรี ปกติ,งวดชำระเงินตามปกติ,,26 เม.ย. 2570 8:30 น.,2 พ.ค. 2570 23:30 น.,2027-04-26T08:30,2027-05-02T23:30
2569,3,1001 : ปริญญาตรี ปกติ,ช่วงพิมพ์ใบแจ้งหนี้ผ่าน WEB,,26 เม.ย. 2570 8:30 น.,2 พ.ค. 2570 23:30 น.,2027-04-26T08:30,2027-05-02T23:30
2569,3,1001 : ปริญญาตรี ปกติ,ชำระเงินที่เคาน์เตอร์ธนาคารกรุงไทยทุกสาขาทั่วประเทศ,ช่วงพิมพ์ใบแจ้งหนี้ผ่าน WEB,26 เม.ย. 2570 8:30 น.,2 พ.ค. 2570 23:30 น.,2027-04-26T08:30,2027-05-02T23:30
2569,3,1001 : ปริญญาตรี ปกติ,วันแจ้งคาดว่าจะสำเร็จการศึกษาผ่านระบบออนไลน์,ช่วงพิมพ์ใบแจ้งหนี้ผ่าน WEB,10 พ.ค. 2570 8:30 น.,6 มิ.ย. 2570 16:30 น.,2027-05-10T08:30,2027-06-06T16:30
2569,3,1001 : ปริญญาตรี ปกติ,วันสุดท้ายของการเรียนการสอน,,10 มิ.ย. 2570 8:00 น.,10 มิ.ย. 2570 16:30 น.,2027-06-10T08:00,2027-06-10T16:30
2569,3,1001 : ปริญญาตรี ปกติ,ช่วงวันสอบปลายภาค,,7 มิ.ย. 2570 8:00 น.,13 มิ.ย. 2570 16:30 น.,2027-06-07T08:00,2027-06-13T16:30
2569,3,1001 : ปริญญาตรี ปกติ,วันปิดภาคการศึกษา,,14 มิ.ย. 2570 8:30 น.,14 มิ.ย. 2570 16:30 น.,2027-06-14T08:30,2027-06-14T16:30
2569,3,1001 : ปริญญาตรี ปกติ,วันสุดท้ายของการส่งผลการศึกษา,วันปิดภาคการศึกษา,21 มิ.ย. 2570 8:00 น.,21 มิ.ย. 2570 16:30 น.,2027-06-21T08:00,2027-06-21T16:30
2569,3,1001 : ปริญญาตรี ปกติ,วันประกาศผลการศึกษา,วันปิดภาคการศึกษา,22 มิ.ย. 2570 16:30 น.,22 มิ.ย. 2570 16:30 น.,2027-06-22T16:30,2027-06-22T16:30
