article_id,slug,title,category,content,external_link,published,thumbnail_url,content_image_urls,page_url,published_date,created_at,updated_at
9f573fd1-b9fd-498d-b42a-5c763cee9ba2,โครงการพัฒนาสมรรถนะด้าน-ai-ให้กับบุคลากร-มหาวิทยาลัยแม่โจ้-หัวข้อ-การจัดทำเอกสารประกอบการสอนและตำราให้เข้าถึงผู้เรียนยุคใหม่-1787643268317,โครงการพัฒนาสมรรถนะด้าน (AI) ให้กับบุคลากร มหาวิทยาลัยแม่โจ้ หัวข้อ “การจัดทำเอกสารประกอบการสอนและตำราให้เข้าถึงผู้เรียนยุคใหม่”,,ขอเชิญสายวิชาการเข้าร่วมโครงการพัฒนาสมรรถนะด้าน (AI) ให้กับบุคลากร มหาวิทยาลัยแม่โจ้ หัวข้อ “การจัดทำเอกสารประกอบการสอนและตำราให้เข้าถึงผู้เรียนยุคใหม่”,https://erp.mju.ac.th/hrDevelopmentRegister.aspx?ID=NTkwMDE=,True,https://csmju.com/files/articles/2026/08/1787643268206-3c39dd0c-1a3a-4c71-b1dd-9b8e4ec34207.jpg,,https://gates.csmju.com/articles/9f573fd1-b9fd-498d-b42a-5c763cee9ba2,2026-08-25,2026-08-25T07:34:28.317Z,2026-08-25T07:34:28.317Z
f8075d72-c9b1-4382-9412-6c234250a5b7,ขอแสดงความยินดี-กับบุคลากรหลักสูตรสาขาวิชาฯ-ที่ได้รับรางวัลนักวิจัยดีเด่นคณะวิทยาศาสตร์-ม-แม่โจ้-เนื่องในงานมหากรรมวิทยาศาสตร์และเทคโนโลยี-2569-1787639491592,ขอแสดงความยินดี กับบุคลากรหลักสูตรสาขาวิชาฯ ที่ได้รับรางวัลนักวิจัยดีเด่นคณะวิทยาศาสตร์ ม. แม่โจ้ เนื่องในงานมหากรรมวิทยาศาสตร์และเทคโนโลยี 2569,,"ขอแสดงความยินดี  กับ ผศ.ดร. ปวีณ  เขื่อนแก้ว
ผศ.ดร.สมนึก สินธุปวน และ ผศ.ภานุวัฒน์ เมฆะ
ที่ได้รับรางวัลนักวิจัยดีเด่นคณะวิทยาศาสตร์ ม. แม่โจ้ เนื่องในงานมหกรรมวิทยาศาสตร์และเทคโนโลยี 2569 เมื่อวันที่ 18 สิงหาคม 2569",,True,https://csmju.com/files/articles/2026/08/1787639491269-5f0fce54-9192-49e2-9f44-ce9c0082cb9e.jpg,,https://gates.csmju.com/articles/f8075d72-c9b1-4382-9412-6c234250a5b7,2026-08-25,2026-08-25T05:24:57.435Z,2026-08-25T06:31:31.591Z
d763d712-2131-4276-9964-6259123217b7,บริษัท-s3-invent-เข้ามาพูดคุยเพื่อสร้างความร่วมมือกับสาขาวิชา-1787119615521,บริษัท S3 Invent เข้ามาพูดคุยเพื่อสร้างความร่วมมือกับสาขาวิชา,โครงการ,"รายละเอียดข่าว :
วันศุกรที่ 21 ต.ค. 2565 สาขาวิชาวิทยาการคอมพิวเตอร์ คณะวิทยาศาสตร์ มหาวิทยาลัยแม่โจ้ ขอขอบคุณบริษัท S3 Invent ที่ทำงานด้าน Digital/Data Science Consulting กับ Solution Provider และบริษัท TrueEye.AI ทำ AI ทางด้านการแพทย์ (http://www.trueeye.ai) ที่เข้ามาร่วมพูดคุย เพื่อสร้างความร่วมมือทางด้านวิชาการ วิจัย รวมถึงการฝึกงานและสหกิจศึกษาของนักศึกษาต่อไป",,True,https://csmju.com/files/articles/2026/08/1787119615413-35178922-0572-44e1-b450-330c20615e97.jpg,,https://gates.csmju.com/articles/d763d712-2131-4276-9964-6259123217b7,2026-08-19,2026-08-19T06:06:55.520Z,2026-08-19T06:06:55.520Z
c93b570a-5ca2-4a66-9993-28bf0650749b,ขอเชิญชวนนักเรียนเข้าร่วมโครงการพัฒนาทักษะด้านเทคโนโลยีและนวัตกรรมแบบ-ar-augmented-reality-ระดับเบื้องต้นเพื่อเตรียมตัวเข้าสู่จักรวาลนฤมิต-metaverse-สำหรับนักเรียน-1787119580189,ขอเชิญชวนนักเรียนเข้าร่วมโครงการพัฒนาทักษะด้านเทคโนโลยีและนวัตกรรมแบบ AR (Augmented Reality) ระดับเบื้องต้นเพื่อเตรียมตัวเข้าสู่จักรวาลนฤมิต (Metaverse) สำหรับนักเรียน,กิจกรรม,"รายละเอียดข่าว :
ขอเชิญชวนนักเรียนเข้าร่วมโครงการพัฒนาทักษะด้านเทคโนโลยีและนวัตกรรมแบบ AR (Augmented Reality) ระดับเบื้องต้นเพื่อเตรียมตัวเข้าสู่จักรวาลนฤมิต (Metaverse) สำหรับนักเรียน
ในวันที่ 18 พฤศจิกายน 2565 ณ ห้องปฏิบัติการคอมพิวเตอร์ ชั้น 6 อาคาร 60 ปี แม่โจ้ สาขาวิชาวิทยาการคอมพิวเตอร์ คณะวิทยาศาสตร์ มหาวิทยาลัยแม่โจ้ (แบบออนไซต์และแบบออนไลน์)
https://docs.google.com/.../1FAIpQLSeq29scrtS.../viewform
แบบออนไซต์ (On-site)
- สำหรับนักเรียนที่มีความประสงค์อบรมแบบออนไซต์ ต้องเป็นนักเรียนระดับมัธยศึกษาตอนปลายเท่านั้น ถึงสามารถลงทะเบียนการอบรมแบบออนไซต์ได้ จำกัดจำนวนจากโรงเรียน ละไม่เกิน 5 คน โดยจำกัดจำนวนผู้อบรมทั้งหมดไม่เกิน 44 คนแรก โดยไม่ค่าใช้จ่ายใดๆ แต่ผู้เข้าร่วมอบรมจะต้องเดินทางมาอบรมเอง ณ ห้องปฏิบัติการคอมพิวเตอร์ ชั้น 6 อาคาร 60 ปี แม่โจ้ สาขาวิชาวิทยาการคอมพิวเตอร์ คณะวิทยาศาสตร์ มหาวิทยาลัยแม่โจ้
(สำหรับผู้ที่ผ่านการอบรมแบบออนไซต์ จะได้รับใบประกาศนียบัตรและโควต้าเพื่อศึกษาต่อของสาขาวิชาฯ)
แบบออนไลน์ (On-line)
 - สำหรับนักเรียนผู้สนใจทุกระดับชั้น (ประถมศึกษาหรือมัธยมศึกษา ทั้งตอนต้นและตอนปลาย) ที่มีความประสงค์จะอบรมแบบออนไลน์ หรือผู้ที่ลงทะเบียนอบรมแบบออนไซต์ไม่ทัน 44 คนแรก จะเป็นการอบรมแบบออนไลน์
(สำหรับผู้ที่ผ่านการอบรมแบบออนไลน์ จะได้รับใบประกาศนียบัตรอิเล็กทรอนิกส์)
*** หมายเหตุ สำหรับท่านที่ต้องการสอบถามข้อมูลเพิ่มเติมสามารถ เข้าร่วมโอเพนแชท 'โครงการพัฒนาทักษะด้านเทคโนโลยีและนวัตกรรม AR' โปรดแตะลิงก์ด้านล่างนี้ https://line.me/ti/g2/zFIzJvoJxhpIw82OV8Uz3ZylYH-dr0nSr_xT1A?utm_source=invitation&utm_medium=link_copy&utm_campaign=default&fbclid=IwAR2xMeDsTfO3wHRp6lC6SZyWOtpWKmrNf7ADU2PxbOid4xqachFN1cLxSuI",,True,https://csmju.com/files/articles/2026/08/1787119580077-7820d777-a282-48a2-8bfa-c26c5f4e1824.jpg,,https://gates.csmju.com/articles/c93b570a-5ca2-4a66-9993-28bf0650749b,2026-08-19,2026-08-19T06:06:20.189Z,2026-08-19T06:06:20.189Z
d1b23c4e-4fcd-48d3-9722-5d38f1c0282b,โครงการพัฒนาทักษะด้านเทคโนโลยีและนวัตกรรมแบบ-ar-augmented-reality-ระดับเบื้องต้นเพื่อเตรียมตัวเข้าสู่จักรวาลนฤมิต-metaverse-สำหรับนักเรียน-1787119537082,โครงการพัฒนาทักษะด้านเทคโนโลยีและนวัตกรรมแบบ AR (Augmented Reality) ระดับเบื้องต้นเพื่อเตรียมตัวเข้าสู่จักรวาลนฤมิต (Metaverse) สำหรับนักเรียน,โครงการ,"รายละเอียดข่าว :
โครงการพัฒนาทักษะด้านเทคโนโลยีและนวัตกรรมแบบ AR (Augmented Reality) ระดับเบื้องต้นเพื่อเตรียมตัวเข้าสู่จักรวาลนฤมิต (Metaverse) สำหรับนักเรียน จัดเมื่อวันที่ 18 พ.ย.65 ณ ห้องปฏิบัติการคอมพิวเตอร์ชั้น6 โดยมีนักเรียนระดับ ม.ปลาย เข้าร่วมอบรมทั้งรูปแบบออนไซต์และออนไลน์ รวมทั้งหมด 81 คน รวม 21 โรงเรียน โดยมีวัตถุประสงค์เพื่อส่งเสริมนักเรียนให้มีทักษะความรู้ด้านการใช้โปรแกรม Spark AR Studio และโปรแกรมอื่น ๆ ที่เกี่ยวข้องได้อย่างมีประสิทธิภาพ เสริมสร้างนักเรียนให้เกิดความคิดริเริ่มสร้างสรรค์เกิดทักษะออกแบบและพัฒนาสื่อเชิงโต้ตอบโดยใช้เทคโนโลยี AR ระดับเบื้องต้นได้ นักเรียนสามารถนำความรู้ที่ได้ไปสร้างสรรค์ผลงานหรือนวัตกรรมด้าน AR ระดับเบื้องต้นได้ นอกจากนั้นยังมีการประชาสัมพันธ์รับนักศึกษาใหม่เข้าศึกษาต่อในมหาวิทยาลัย ปีการศึกษา2566 รูปเพิ่มเติมได้ที่ : https://photos.app.goo.gl/bxszzM13LED9SyrC8",,True,https://csmju.com/files/articles/2026/08/1787119536426-fd6c66f9-41d5-401d-9719-c8fe1b626001.jpg,,https://gates.csmju.com/articles/d1b23c4e-4fcd-48d3-9722-5d38f1c0282b,2026-08-19,2026-08-19T06:05:37.082Z,2026-08-19T06:05:37.082Z
daf7915f-8350-4acc-8ce3-8f60cdb9f80d,ตัวแทนบริษัทไอเน็ต-แมเนจด์เซอร์วิสเซส-จำกัด-เข้ามาหารือร่วมกับคณาจารย์สาขาวิชาวิทยาการคอมพิวเตอร์-1787119488811,ตัวแทนบริษัทไอเน็ต แมเนจด์เซอร์วิสเซส จำกัด เข้ามาหารือร่วมกับคณาจารย์สาขาวิชาวิทยาการคอมพิวเตอร์,โครงการ,"รายละเอียดข่าว :
วันที่ 7 ธันวาคม 2565 เวลา 13.00 น. ตัวแทนบริษัทไอเน็ต แมเนจด์เซอร์วิสเซส จำกัด เข้ามาหารือร่วมกับคณาจารย์สาขาวิชาวิทยาการคอมพิวเตอร์ เพื่อจัดอบรมเนื้อหาและเทคโนโลยีใหม่ๆ ทางด้านระบบเครือข่ายและการพัฒนาโปรแกรมด้านเครือข่าย เสริมความรู้ให้แก่นักศึกษาชั้นปีที่3-4
ในรายวิชา คพ 433 เครือข่ายคอมพิวเตอร์ คพ434 การเขียนโปรแกรมเครือข่าย และ คพ 492 สัมมนา ที่เปิดสอนภาคเรียนที่ 2 ปีการศึกษา 2565",,True,https://csmju.com/files/articles/2026/08/1787119488694-f92d25cc-8e49-4f82-844e-646a5425a4ff.jpg,,https://gates.csmju.com/articles/daf7915f-8350-4acc-8ce3-8f60cdb9f80d,2026-08-19,2026-08-19T06:04:48.810Z,2026-08-19T06:04:48.810Z
9c3b51a4-d7b4-4d28-9a19-e75709e66bb5,สาขาวิชาวิทยาการคอมพิวเตอร์และชมรมคอมพิวเตอร์-จัดโครงการอบรมเชิงปฏิบัติการค่ายยุวชนคอมพิวเตอร์-ครั้งที่-21-1787119434838,สาขาวิชาวิทยาการคอมพิวเตอร์และชมรมคอมพิวเตอร์ จัดโครงการอบรมเชิงปฏิบัติการค่ายยุวชนคอมพิวเตอร์ ครั้งที่ 21,โครงการ,"รายละเอียดข่าว :
ระหว่างวันที่ 2-4 กุมภาพันธ์ 2566 สาขาวิชาวิทยาการคอมพิวเตอร์และชมรมคอมพิวเตอร์ จัดโครงการอบรมเชิงปฏิบัติการค่ายยุวชนคอมพิวเตอร์ ครั้งที่ 21 ในหัวข้อเรื่อง 'อินเทอร์เน็ตทุกสรรพสิ่ง (IOT : Internet of Things) และการนำเสนอข้อมูลด้วยภาพ (Data Visualization)' ให้กับน้องๆ นักเรียนจำนวน 45 คน ทั้งหมด 18 โรงเรียน ณ อาคาร 60 ปี แม่โจ้ และอาคารจุฬาภรณ์ คณะวิทยาศาสตร์ มหาวิทยาลัยแม่โจ้ โดยมีวัตถุประสงค์เพื่อเสริมสร้างความรู้ด้านคอมพิวเตอร์และนวัตกรรมเทคโนโลยีสารสนเทศ พร้อมทั้งพัฒนาด้านคุณธรรม จริยธรรมและเน้นความสามัคคี ประชาสัมพันธ์พร้อมกับแนะแนวทางการศึกษา ให้แก่นักเรียนชั้นมัธยมศึกษาตอนปลาย ซึ่งเป็นเยาวชนที่อยู่ในวัยศึกษาและกำลังก้าวเข้าสู่การเรีย นในระดับอุดมศึกษา อันจะส่งผลให้เป็นการส่งเสริมให้มีผู้สนใจจะเข้าศึกษาในสาขาวิชาวิทยาการคอมพิวเตอร์เพิ่มมากยิ่งขึ้น และเป็นกำลังสำคัญของชาติต่อไป",,True,https://csmju.com/files/articles/2026/08/1787119428062-0a75da5a-8b36-49fe-8ffd-c3220abc9459.jpg,,https://gates.csmju.com/articles/9c3b51a4-d7b4-4d28-9a19-e75709e66bb5,2026-08-19,2026-08-19T06:03:48.179Z,2026-08-19T06:03:54.838Z
d476a408-eedc-4c67-b913-ca455980359e,บุคลากรและนักศึกษาหลักสูตรสาขาวิชาวิทยาการคอมพิวเตอร์-ร่วมทำกิจกรรม-big-cleaning-day-1787119353152,บุคลากรและนักศึกษาหลักสูตรสาขาวิชาวิทยาการคอมพิวเตอร์ ร่วมทำกิจกรรม Big Cleaning day,กิจกรรม,"รายละเอียดข่าว :
เนื่องในวันสิ่งแวดล้อมโลก วันที่ 5 มิถุนายน 2566 🌏🌏 คณะวิทยาศาสตร์ มหาวิทยาลัยแม่โจ้ วันที่ 2 มิถุนายน 2566 บุคลากรและนักศึกษาหลักสูตรสาขาวิชาวิทยาการคอมพิวเตอร์ ร่วมทำกิจกรรม Big Cleaning day 🌿🌿 ทำความสะอาดห้องทำงาน ห้องเรียนของหลักสูตร",,True,https://csmju.com/files/articles/2026/08/1787119353011-9cb08c56-5efe-46ec-8b56-255597ce76fd.jpg,,https://gates.csmju.com/articles/d476a408-eedc-4c67-b913-ca455980359e,2026-08-19,2026-08-19T06:01:34.848Z,2026-08-19T06:02:33.152Z
