course_id,course_code,title_th,title_en,credits,lecture_hours,lab_hours,self_study_hours,credit_format,description,is_active,created_at,updated_at,in_program_revisions
56fb8ca8-ef2e-4771-8792-a392ba7af7cf,10301362-68,หัวข้อพิเศษทางวิทยาการคอมพิวเตอร์ 2,Special Topics in Computer Science 2,3,2,3,5,3(2-3-5),กลุ่มวิชาหัวข้อพิเศษ (Special Topics),True,2026-08-18T06:54:42.003Z,2026-08-18T06:54:42.003Z,2570
171db115-b376-4861-8bcb-98a3248b30c6,10301361-68,หัวข้อพิเศษทางวิทยาการคอมพิวเตอร์ 1,Special Topics in Computer Science 1,3,2,3,5,3(2-3-5),กลุ่มวิชาหัวข้อพิเศษ (Special Topics),True,2026-08-18T06:54:41.997Z,2026-08-18T06:54:41.997Z,2570
91ab8851-6386-4f9d-95d7-dc22d7cf3475,10301357-68,วิศวกรรมเครือข่ายคอมพิวเตอร์,Computer Network Engineering,3,2,3,5,3(2-3-5),กลุ่มวิชาโครงสร้างพื้นฐานดิจิทัลและเทคโนโลยีล้ำสมัย (Digital Infrastructure & Emerging Technologies),True,2026-08-18T06:54:41.991Z,2026-08-18T06:54:41.991Z,2570
a0425e83-17d6-41d2-af07-5fdfef14ee78,10301356-68,การประมวลผลสัญญาณดิจิทัล,Digital Signal Processing,3,2,3,5,3(2-3-5),กลุ่มวิชาโครงสร้างพื้นฐานดิจิทัลและเทคโนโลยีล้ำสมัย (Digital Infrastructure & Emerging Technologies),True,2026-08-18T06:54:41.985Z,2026-08-18T06:54:41.985Z,2570
8f07ddab-b65f-41a5-9774-49bec2b42fe3,10301355-68,การประมวลผลเชิงควอนตัม,Quantum Computing,3,2,3,5,3(2-3-5),กลุ่มวิชาโครงสร้างพื้นฐานดิจิทัลและเทคโนโลยีล้ำสมัย (Digital Infrastructure & Emerging Technologies),True,2026-08-18T06:54:41.979Z,2026-08-18T06:54:41.979Z,2570
a8fd5984-e721-4c86-8225-dfce6c0e64dd,10301354-68,ความมั่นคงปลอดภัยไซเบอร์,Cybersecurity,3,2,3,5,3(2-3-5),กลุ่มวิชาโครงสร้างพื้นฐานดิจิทัลและเทคโนโลยีล้ำสมัย (Digital Infrastructure & Emerging Technologies),True,2026-08-18T06:54:41.973Z,2026-08-18T06:54:41.973Z,2570
d94249f5-c72a-494b-8bdb-e13677210656,10301353-68,ตรรกศาสตร์เชิงดิจิทัลและอุปกรณ์อัจฉริยะ,Digital Logic and Intelligent Devices,3,2,3,5,3(2-3-5),กลุ่มวิชาโครงสร้างพื้นฐานดิจิทัลและเทคโนโลยีล้ำสมัย (Digital Infrastructure & Emerging Technologies),True,2026-08-18T06:54:41.968Z,2026-08-18T06:54:41.968Z,2570
5cfad46b-3411-4a20-9b04-7ce00be1e368,10301352-68,อินเทอร์เน็ตในทุกสิ่ง,Internet of Things,3,2,3,5,3(2-3-5),กลุ่มวิชาโครงสร้างพื้นฐานดิจิทัลและเทคโนโลยีล้ำสมัย (Digital Infrastructure & Emerging Technologies),True,2026-08-18T06:54:41.962Z,2026-08-18T06:54:41.962Z,2570
5e2ef34c-ca2e-4e7f-8b43-bf7564beaf9a,10301351-68,การประมวลผลแบบกลุ่มเมฆ,Cloud Computing,3,2,3,5,3(2-3-5),กลุ่มวิชาโครงสร้างพื้นฐานดิจิทัลและเทคโนโลยีล้ำสมัย (Digital Infrastructure & Emerging Technologies),True,2026-08-18T06:54:41.955Z,2026-08-18T06:54:41.955Z,2570
70003e8a-1c72-4410-b304-43e3c49715d6,10301349,ฟินเทคและการวิเคราะห์ข้อมูลขนาดใหญ่,FinTech and Big Data Analytics,3,2,3,5,3(2-3-5),กลุ่มวิชาวิศวกรรมซอฟต์แวร์และนวัตกรรมดิจิทัล (Software Engineering & Digital Innovation),True,2026-08-18T06:54:41.949Z,2026-08-18T06:54:41.949Z,2570
b0b27396-9595-44f0-8237-5d244ebbf104,10301348,บล็อกเชน และคริปโทเคอร์เรนซี่,Blockchain and Cryptocurrency,3,2,3,5,3(2-3-5),กลุ่มวิชาวิศวกรรมซอฟต์แวร์และนวัตกรรมดิจิทัล (Software Engineering & Digital Innovation),True,2026-08-18T06:54:41.943Z,2026-08-18T06:54:41.943Z,2570
aacab904-a074-4509-9896-625a33dd78a8,10301347-68,ระบบสารสนเทศเพื่อการจัดการ,Management Information System,3,2,3,5,3(2-3-5),กลุ่มวิชาวิศวกรรมซอฟต์แวร์และนวัตกรรมดิจิทัล (Software Engineering & Digital Innovation),True,2026-08-18T06:54:41.937Z,2026-08-18T06:54:41.937Z,2570
a6a62e4e-d4c9-42b9-bb72-77175f3034b2,10301346-68,ธุรกิจอัจฉริยะ,Business Intelligence,3,2,3,5,3(2-3-5),กลุ่มวิชาวิศวกรรมซอฟต์แวร์และนวัตกรรมดิจิทัล (Software Engineering & Digital Innovation),True,2026-08-18T06:54:41.930Z,2026-08-18T06:54:41.930Z,2570
938c90e2-1adc-40d3-9d0f-be312d997156,10301345-68,การพัฒนาซอฟต์แวร์สำหรับการซื้อขายความถี่สูง,High Frequency Trading Software Development,3,2,3,5,3(2-3-5),กลุ่มวิชาวิศวกรรมซอฟต์แวร์และนวัตกรรมดิจิทัล (Software Engineering & Digital Innovation),True,2026-08-18T06:54:41.924Z,2026-08-18T06:54:41.924Z,2570
028ec0f8-d436-4338-83ce-7117311e6427,10301344-68,การพัฒนาซอฟต์แวร์การซื้อขายอัตโนมัติ,Automated Trading Software Development,3,2,3,5,3(2-3-5),กลุ่มวิชาวิศวกรรมซอฟต์แวร์และนวัตกรรมดิจิทัล (Software Engineering & Digital Innovation),True,2026-08-18T06:54:41.918Z,2026-08-18T06:54:41.918Z,2570
a4dced5f-aba4-4c52-b3e9-db09eb30b264,10301343-68,การพัฒนามัลติมีเดียและเกม,Multimedia and Game Development,3,2,3,5,3(2-3-5),กลุ่มวิชาวิศวกรรมซอฟต์แวร์และนวัตกรรมดิจิทัล (Software Engineering & Digital Innovation),True,2026-08-18T06:54:41.911Z,2026-08-18T06:54:41.911Z,2570
daed82d0-b3e9-4b2f-b4a6-0c307d824c31,10301342-68,การพัฒนาแอปพลิเคชันเชิงสร้างสรรค์ข้ามแพลตฟอร์ม,Creative Cross-Platform Application Development,3,2,3,5,3(2-3-5),กลุ่มวิชาวิศวกรรมซอฟต์แวร์และนวัตกรรมดิจิทัล (Software Engineering & Digital Innovation),True,2026-08-18T06:54:41.905Z,2026-08-18T06:54:41.905Z,2570
bbb439eb-6c5d-47f4-912e-a8bed4a1b293,10301341-68,วิศวกรรมซอฟต์แวร์และการเข้าถึง,Software Engineering and Accessibility,3,2,3,5,3(2-3-5),กลุ่มวิชาวิศวกรรมซอฟต์แวร์และนวัตกรรมดิจิทัล (Software Engineering & Digital Innovation),True,2026-08-18T06:54:41.898Z,2026-08-18T06:54:41.898Z,2570
6bb3c19c-c398-4c12-9811-559875411ee1,10301339,เครื่องมือและการประยุกต์ใช้การเล่าเรื่องข้อมูล,Tools and Applications for Data Storytelling,3,2,3,5,3(2-3-5),กลุ่มวิชาปัญญาประดิษฐ์และวิทยาการข้อมูล (AI & Data Science),True,2026-08-18T06:54:41.893Z,2026-08-18T06:54:41.893Z,2570
8069c373-a351-4012-a345-a801406145e4,10301338,ปัญญาประดิษฐ์เพื่อสุขภาวะที่ยั่งยืน,Artificial Intelligence for Sustainable Well-being,3,2,3,5,3(2-3-5),กลุ่มวิชาปัญญาประดิษฐ์และวิทยาการข้อมูล (AI & Data Science),True,2026-08-18T06:54:41.887Z,2026-08-18T06:54:41.887Z,2570
aa432af7-00a5-4e8c-ac7e-205fdb093aa7,10301337,ปัญญาประดิษฐ์สร้างสรรค์และการออกแบบคำสั่ง,Generative Artificial Intelligence and Prompt Engineering,3,2,3,5,3(2-3-5),กลุ่มวิชาปัญญาประดิษฐ์และวิทยาการข้อมูล (AI & Data Science),True,2026-08-18T06:54:41.881Z,2026-08-18T06:54:41.881Z,2570
379f3765-284b-45c4-8a1f-bc7785011e70,10301336-68,คอมพิวเตอร์วิทัศน์,Computer Vision,3,2,3,5,3(2-3-5),กลุ่มวิชาปัญญาประดิษฐ์และวิทยาการข้อมูล (AI & Data Science),True,2026-08-18T06:54:41.876Z,2026-08-18T06:54:41.876Z,2570
809e8281-d2e3-4d8b-9224-acc4ab49b4f3,10301335-68,การเรียนรู้ของเครื่องจักร,Machine Learning,3,2,3,5,3(2-3-5),กลุ่มวิชาปัญญาประดิษฐ์และวิทยาการข้อมูล (AI & Data Science),True,2026-08-18T06:54:41.870Z,2026-08-18T06:54:41.870Z,2570
c03d9336-e041-49f1-8d11-5e7210b9d72c,10301334-68,การแยกแยะและการแบ่งกลุ่มข้อมูล,Data Classification and Clustering,3,2,3,5,3(2-3-5),กลุ่มวิชาปัญญาประดิษฐ์และวิทยาการข้อมูล (AI & Data Science),True,2026-08-18T06:54:41.863Z,2026-08-18T06:54:41.863Z,2570
ae6cad6a-f6ed-4fcd-9799-d9a1cdb8665a,10301333-68,การประมวลผลภาษาธรรมชาติสมัยใหม่,Modern Natural Language Processing,3,2,3,5,3(2-3-5),กลุ่มวิชาปัญญาประดิษฐ์และวิทยาการข้อมูล (AI & Data Science),True,2026-08-18T06:54:41.857Z,2026-08-18T06:54:41.857Z,2570
0646f786-7714-4b44-9a21-952f15db9596,10301332-68,การประมวลผลเชิงภาพ,Digital Image Processing,3,2,3,5,3(2-3-5),กลุ่มวิชาปัญญาประดิษฐ์และวิทยาการข้อมูล (AI & Data Science),True,2026-08-18T06:54:41.851Z,2026-08-18T06:54:41.851Z,2570
160a9675-9835-4146-b5fd-a05c96052701,10301331-68,พื้นฐานวิทยาการข้อมูล,Fundamental of Data Science,3,2,3,5,3(2-3-5),กลุ่มวิชาปัญญาประดิษฐ์และวิทยาการข้อมูล (AI & Data Science),True,2026-08-18T06:54:41.846Z,2026-08-18T06:54:41.846Z,2570
c57fea4d-5043-45ba-b4cc-a022cc3598d6,10301499,การศึกษา หรือ ฝึกงาน หรือ ฝึกอบรมต่างประเทศ,"Overseas Study, Training or Internship",6,0,0,0,6(0-0-0),วิชาเฉพาะด้าน หลักสูตร 2570,True,2026-08-18T06:54:41.840Z,2026-08-18T06:54:41.840Z,2570
268ca592-7cce-4922-98e0-64657855616e,10301498,การเรียนรู้อิสระ,Independent Study,6,0,0,0,6(0-0-0),วิชาเฉพาะด้าน หลักสูตร 2570,True,2026-08-18T06:54:41.834Z,2026-08-18T06:54:41.834Z,2570
ec1df78f-1bae-4b3f-8ade-18193863006f,10301497,สหกิจศึกษา,Co-Operative Education,6,0,0,0,6(0-0-0),วิชาเฉพาะด้าน หลักสูตร 2570,True,2026-08-18T06:54:41.828Z,2026-08-18T06:54:41.828Z,2570
a218e1c3-58d3-48e2-ba98-bcabded91625,10301461,สัมมนาวิชาการทางวิทยาการคอมพิวเตอร์,Seminar for Computer Science,3,3,0,6,3(3-0-6),วิชาเฉพาะด้าน หลักสูตร 2570,True,2026-08-18T06:54:41.821Z,2026-08-18T06:54:41.821Z,2570
56069156-45c0-4d86-a9d1-edfa6dae0e27,10301330,วิศวกรรมและธรรมาภิบาลข้อมูล,Data Engineering and Governance,3,2,3,5,3(2-3-5),วิชาเฉพาะด้าน หลักสูตร 2570,True,2026-08-18T06:54:41.815Z,2026-08-18T06:54:41.815Z,2570
f7f80f94-0e79-4ee8-8419-a7354ee84793,10301311-68,ทักษะการเขียนโปรแกรมและการแก้ปัญหา,Programming and Problem-Solving Skills,3,2,3,5,3(2-3-5),วิชาเฉพาะด้าน หลักสูตร 2570,True,2026-08-18T06:54:41.809Z,2026-08-18T06:54:41.809Z,2570
240c8b95-932a-4e8f-ab01-9bb23818445c,10301243,การพัฒนาและการปฏิบัติการ,DevOps & CICD,3,2,3,5,3(2-3-5),วิชาเฉพาะด้าน หลักสูตร 2570,True,2026-08-18T06:54:41.803Z,2026-08-18T06:54:41.803Z,2570
eab08d85-4c29-4e01-9c45-10334bee9b4f,10301242,การพัฒนาซอฟต์แวร์บนอุปกรณ์เคลื่อนที่,Mobile Application Development,3,2,3,5,3(2-3-5),วิชาเฉพาะด้าน หลักสูตร 2570,True,2026-08-18T06:54:41.797Z,2026-08-18T06:54:41.797Z,2570
755650ca-e5ce-48cc-961c-b13aca2f9225,10301241,วิศวกรรมระบบฝั่งเซิร์ฟเวอร์,Server-Side System Engineering,3,2,3,5,3(2-3-5),วิชาเฉพาะด้าน หลักสูตร 2570,True,2026-08-18T06:54:41.789Z,2026-08-18T06:54:41.789Z,2570
faff95a9-813d-4c3a-8b71-d48223697834,10301231-68,ปัญญาประดิษฐ์,Artificial Intelligence,3,2,3,5,3(2-3-5),วิชาเฉพาะด้าน หลักสูตร 2570,True,2026-08-18T06:54:41.784Z,2026-08-18T06:54:41.784Z,2570
842501f6-8e29-4cc0-8e47-60a8f4b8c6e8,10301223-68,การวิเคราะห์และออกแบบเชิงวัตถุ,Object-Oriented Analysis and Design,3,2,3,5,3(2-3-5),วิชาเฉพาะด้าน หลักสูตร 2570,True,2026-08-18T06:54:41.778Z,2026-08-18T06:54:41.778Z,2570
aa612207-c005-487d-a7c6-2c313d859124,10301222-68,ระบบฐานข้อมูล,Database Systems,3,2,3,5,3(2-3-5),วิชาเฉพาะด้าน หลักสูตร 2570,True,2026-08-18T06:54:41.670Z,2026-08-18T06:54:41.670Z,2570
2b86f8eb-a646-41ba-9ce0-f7fcdb8eaacd,10301221-68,โครงสร้างข้อมูลและอัลกอริทึม,Data Structures and Algorithms,3,2,3,5,3(2-3-5),วิชาเฉพาะด้าน หลักสูตร 2570,True,2026-08-18T06:54:41.665Z,2026-08-18T06:54:41.665Z,2570
821e691f-c179-4752-8553-55e342c25d74,10301151,เครือข่ายคอมพิวเตอร์เบื้องต้น,Computer Networks,3,2,3,5,3(2-3-5),วิชาเฉพาะด้าน หลักสูตร 2570,True,2026-08-18T06:54:41.661Z,2026-08-18T06:54:41.661Z,2570
010054f1-00f7-4e3d-ae4b-2ee1514b2d20,10301141-68,การพัฒนาเว็บแอปพลิเคชัน,Web Application Development,3,2,3,5,3(2-3-5),วิชาเฉพาะด้าน หลักสูตร 2570,True,2026-08-18T06:54:41.655Z,2026-08-18T06:54:41.655Z,2570
357abc19-ecc6-44c0-a45f-631c0ecae467,10301114-68,องค์ประกอบและสถาปัตยกรรมคอมพิวเตอร์,Computer Organization and Architecture,3,2,3,5,3(2-3-5),วิชาเฉพาะด้าน หลักสูตร 2570,True,2026-08-18T06:54:41.651Z,2026-08-18T06:54:41.651Z,2570
c4169c3a-41d7-4931-bea3-0ecb78d436a6,10355205,ความน่าจะเป็นและสถิติ,Probability and Statistics,3,3,0,6,3(3-0-6),วิชาแกน หลักสูตร 2570,True,2026-08-18T06:54:41.647Z,2026-08-18T06:54:41.647Z,2570
0b155c98-1eca-4bc6-922d-5ea96fd45450,10301211-68,หลักการเขียนโปรแกรมเชิงวัตถุ,Principles of Object-Oriented Programming,3,2,3,5,3(2-3-5),วิชาแกน หลักสูตร 2570,True,2026-08-18T06:54:41.642Z,2026-08-18T06:54:41.642Z,2570
c993387e-93dc-4c27-8d9a-e685b0f936cd,10301115,คณิตศาสตร์สำหรับวิทยาการคอมพิวเตอร์,Mathematics for Computer Science,3,3,0,6,3(3-0-6),วิชาแกน หลักสูตร 2570,True,2026-08-18T06:54:41.638Z,2026-08-18T06:54:41.638Z,2570
ce630069-89ef-40b5-959d-e9f7274b92a6,10301113-68,คณิตศาสตร์ดีสครีต,Discrete Mathematics,3,3,0,6,3(3-0-6),วิชาแกน หลักสูตร 2570,True,2026-08-18T06:54:41.633Z,2026-08-18T06:54:41.633Z,2570
c98c7bc9-f241-48b3-bc30-3e511da35e72,10301112-68,เทคโนโลยีสารสนเทศและการสื่อสาร,Information and Communication Technology (ICT),3,2,3,5,3(2-3-5),วิชาแกน หลักสูตร 2570,True,2026-08-18T06:54:41.629Z,2026-08-18T06:54:41.629Z,2570
e0419de1-8793-4e93-9772-5ab5b9b8b073,10301111-68,พื้นฐานการเขียนโปรแกรม,Fundamentals of Programming,3,2,3,5,3(2-3-5),วิชาแกน หลักสูตร 2570,True,2026-08-18T06:54:41.624Z,2026-08-18T06:54:41.624Z,2570
3c504c45-6a3c-4f42-8d6e-688118ebfc6b,10800501,สื่อสร้างสรรค์เพื่อการเกษตร,Creative Media for Agriculture,3,3,0,6,3(3-0-6),หมวดวิชาศึกษาทั่วไป สมรรถนะด้านการทำงานและการเรียนรู้ตลอดชีวิต,True,2026-08-18T06:54:41.619Z,2026-08-18T06:54:41.619Z,2570
61407869-1142-4f82-bfac-4569fa4ee848,10700504,สุขภาวะองค์รวม 360 องศา,360° Wellness,3,3,0,6,3(3-0-6),หมวดวิชาศึกษาทั่วไป สมรรถนะด้านการทำงานและการเรียนรู้ตลอดชีวิต,True,2026-08-18T06:54:41.615Z,2026-08-18T06:54:41.615Z,2570
be4b2258-83f1-4b83-8c24-35b90f24cb2e,10700503,จิตวิทยาสำหรับผู้เรียนรู้ตลอดชีวิต,Psychology for Lifelong Learner,3,3,0,6,3(3-0-6),หมวดวิชาศึกษาทั่วไป สมรรถนะด้านการทำงานและการเรียนรู้ตลอดชีวิต,True,2026-08-18T06:54:41.611Z,2026-08-18T06:54:41.611Z,2570
447ff24d-146f-4f10-92c1-7e7734eee59c,10700502,ความฉลาดรู้ดิจิทัลเพื่อการพัฒนาตน,Digital Intelligent for Self-Development,3,2,2,5,3(2-2-5),หมวดวิชาศึกษาทั่วไป สมรรถนะด้านการทำงานและการเรียนรู้ตลอดชีวิต,True,2026-08-18T06:54:41.607Z,2026-08-18T06:54:41.607Z,2570
6a53c927-091c-4472-b580-c0c637490b81,10700501,การรู้สารสนเทศและการใช้สื่อดิจิทัลเพื่อการเรียนรู้และการดำรงชีวิต,Information Literacy and Digital Media for Lifelong Learning,3,2,2,5,3(2-2-5),หมวดวิชาศึกษาทั่วไป สมรรถนะด้านการทำงานและการเรียนรู้ตลอดชีวิต,True,2026-08-18T06:54:41.602Z,2026-08-18T06:54:41.602Z,2570
9a89bf4c-fc19-475b-be1b-c941de265529,10400501,นานาสาระเกี่ยวกับอาหารและยา,General Aspects of Food and Drug,3,3,0,6,3(3-0-6),หมวดวิชาศึกษาทั่วไป สมรรถนะด้านการทำงานและการเรียนรู้ตลอดชีวิต,True,2026-08-18T06:54:41.598Z,2026-08-18T06:54:41.598Z,2570
ec36655e-7521-47b3-b76a-6601bd292ecd,10300505,วิทยาศาสตร์ฉลาดรู้ในยุคดิจิทัลเพื่อพัฒนาที่ยั่งยืน,Scientific Literacy in the Digital Era for Sustainable Development,3,3,0,6,3(3-0-6),หมวดวิชาศึกษาทั่วไป สมรรถนะด้านการทำงานและการเรียนรู้ตลอดชีวิต,True,2026-08-18T06:54:41.594Z,2026-08-18T06:54:41.594Z,2570
603a8bd8-a3d2-40df-9933-acb50af9176c,10300504,รู้เท่าทันวิทยาศาสตร์และเทคโนโลยี: กุญแจสู่ชีวิตอนาคต,Science & Technology Literacy: Key to the Future,3,2,2,5,3(2-2-5),หมวดวิชาศึกษาทั่วไป สมรรถนะด้านการทำงานและการเรียนรู้ตลอดชีวิต,True,2026-08-18T06:54:41.585Z,2026-08-18T06:54:41.585Z,2570
73f1d573-1858-4408-9aa8-b2b52c81a36b,10300503,โปรแกรมสำเร็จรูปเพื่อการศึกษาเพื่อการเรียนรู้ตลอดชีวิต,Application Software for Education and Lifelong Learning,3,2,2,5,3(2-2-5),หมวดวิชาศึกษาทั่วไป สมรรถนะด้านการทำงานและการเรียนรู้ตลอดชีวิต,True,2026-08-18T06:54:41.579Z,2026-08-18T06:54:41.579Z,2570
a8acf341-64f4-4b39-a48a-4947ec645bb8,10300502,การสื่อสารข้อมูลเชิงเรื่องราวเพื่อการทำงานยุคใหม่,Data Storytelling for the Modern Workplace,3,2,2,5,3(2-2-5),หมวดวิชาศึกษาทั่วไป สมรรถนะด้านการทำงานและการเรียนรู้ตลอดชีวิต,True,2026-08-18T06:54:41.572Z,2026-08-18T06:54:41.572Z,2570
7a56793a-fe3a-4197-a21c-6d68a38bbb4f,10100501,เกษตรเพื่อชีวิต,Agriculture for Life,3,3,0,6,3(3-0-6),หมวดวิชาศึกษาทั่วไป สมรรถนะด้านการทำงานและการเรียนรู้ตลอดชีวิต,True,2026-08-18T06:54:41.565Z,2026-08-18T06:54:41.565Z,2570
ceeb61c4-4dbc-404e-aef7-b03967366b79,10800401,การออกแบบแนวคิดและการสร้างแบรนด์,Conceptualization and Brand Development,3,2,2,5,3(2-2-5),หมวดวิชาศึกษาทั่วไป สมรรถนะด้านการเป็นผู้ประกอบการ,True,2026-08-18T06:54:41.559Z,2026-08-18T06:54:41.559Z,2570
f00a2a39-862a-4e8b-89e6-b40a974961a4,10500401,เศรษฐศาสตร์เพื่อชีวิตประจำวันและการประกอบการ,Economics in Daily Life and Operations,3,2,2,5,3(2-2-5),หมวดวิชาศึกษาทั่วไป สมรรถนะด้านการเป็นผู้ประกอบการ,True,2026-08-18T06:54:41.553Z,2026-08-18T06:54:41.553Z,2570
ff698da3-f993-4d0d-be1e-7c16be0f0110,10400402,ผู้ประกอบการนวัตกรรมทางการเกษตร,Agripreneur,3,2,2,5,3(2-2-5),หมวดวิชาศึกษาทั่วไป สมรรถนะด้านการเป็นผู้ประกอบการ,True,2026-08-18T06:54:41.546Z,2026-08-18T06:54:41.546Z,2570
085d9c99-dec6-4b8b-965a-32a5100b4613,10400401,การออกแบบชีวิตและนวัตกรรมสำหรับผู้ประกอบการ,Life and Innovation Design for Entrepreneurs,3,2,2,5,3(2-2-5),หมวดวิชาศึกษาทั่วไป สมรรถนะด้านการเป็นผู้ประกอบการ,True,2026-08-18T06:54:41.539Z,2026-08-18T06:54:41.539Z,2570
e9923962-5e9d-4d33-a0cd-0d330a30d5a6,10300403,วิทยาศาสตร์ในครัวเรือนสู่ไอเดียธุรกิจ,Home-based Science to Business Ideas,3,2,2,5,3(2-2-5),หมวดวิชาศึกษาทั่วไป สมรรถนะด้านการเป็นผู้ประกอบการ,True,2026-08-18T06:54:41.533Z,2026-08-18T06:54:41.533Z,2570
2b139af1-dfe3-44dd-86e7-45d7abcf1546,10300402,เทคนิคการคิดเพื่อการสร้างสรรค์นวัตกรรมสำหรับผู้ประกอบการ,Innovative Thinking Techniques for Entrepreneurs,3,2,2,5,3(2-2-5),หมวดวิชาศึกษาทั่วไป สมรรถนะด้านการเป็นผู้ประกอบการ,True,2026-08-18T06:54:41.527Z,2026-08-18T06:54:41.527Z,2570
ad71ba3f-28d9-4af0-ba3b-d876ad0cdc2e,10300401,การวางแผนธุรกิจและปัญญาประดิษฐ์สำหรับผู้ประกอบการยุคดิจิทัล,Business Planning and Artificial Intelligence for Digital Entrepreneurs,3,2,2,5,3(2-2-5),หมวดวิชาศึกษาทั่วไป สมรรถนะด้านการเป็นผู้ประกอบการ,True,2026-08-18T06:54:41.520Z,2026-08-18T06:54:41.520Z,2570
75ee9222-811c-48f8-a635-23acfcdc45c1,10200405,เทคโนโลยีดิจิทัลสำหรับผู้ประกอบการ,Digital Technology for Entrepreneurs,3,2,2,5,3(2-2-5),หมวดวิชาศึกษาทั่วไป สมรรถนะด้านการเป็นผู้ประกอบการ,True,2026-08-18T06:54:41.513Z,2026-08-18T06:54:41.513Z,2570
b7ff2f79-828d-4a9d-807e-1ce55c07d05b,10200404,สมาร์ทไฟแนนซ์,Smart Finance,3,2,2,5,3(2-2-5),หมวดวิชาศึกษาทั่วไป สมรรถนะด้านการเป็นผู้ประกอบการ,True,2026-08-18T06:54:41.507Z,2026-08-18T06:54:41.507Z,2570
dfb88474-bd90-4851-99b7-ee664e23594e,10200403,ภาษีอากรสำหรับผู้ประกอบการ,Taxation for Entrepreneurship,3,2,2,5,3(2-2-5),หมวดวิชาศึกษาทั่วไป สมรรถนะด้านการเป็นผู้ประกอบการ,True,2026-08-18T06:54:41.501Z,2026-08-18T06:54:41.501Z,2570
123640f6-93a9-43d6-bcbf-5615f0d0cd5d,10200402,การเป็นผู้ประกอบการ,Entrepreneurship,3,2,2,5,3(2-2-5),หมวดวิชาศึกษาทั่วไป สมรรถนะด้านการเป็นผู้ประกอบการ,True,2026-08-18T06:54:41.495Z,2026-08-18T06:54:41.495Z,2570
23cd4fb9-9e14-41eb-a372-7c7a78b68c18,10200401,การตลาดบนสมาร์ทโฟน,Marketing on Smartphone,3,2,2,5,3(2-2-5),หมวดวิชาศึกษาทั่วไป สมรรถนะด้านการเป็นผู้ประกอบการ,True,2026-08-18T06:54:41.358Z,2026-08-18T06:54:41.358Z,2570
d629db88-c388-4b51-9124-f153cff3eed9,10100401,ผู้ประกอบการนวัตกรรมด้านการผลิตพืช,Entrepreneurship and Innovation in Plant Production,3,2,2,5,3(2-2-5),หมวดวิชาศึกษาทั่วไป สมรรถนะด้านการเป็นผู้ประกอบการ,True,2026-08-18T06:54:41.352Z,2026-08-18T06:54:41.352Z,2570
8a413209-15e3-4bca-9859-9d18ea2f6be9,10800302,เทคโนโลยีดิจิทัลแห่งอนาคต,Future Digital Technologies,3,2,2,5,3(2-2-5),หมวดวิชาศึกษาทั่วไป สมรรถนะด้านการคิดคำนวณ การใช้เหตุผล และการใช้เทคโนโลยี,True,2026-08-18T06:54:41.346Z,2026-08-18T06:54:41.346Z,2570
d278143b-8e8e-4a48-b67c-f6d40a03ac48,10800301,จักรวาล AI,AI Universe,3,2,2,5,3(2-2-5),หมวดวิชาศึกษาทั่วไป สมรรถนะด้านการคิดคำนวณ การใช้เหตุผล และการใช้เทคโนโลยี,True,2026-08-18T06:54:41.340Z,2026-08-18T06:54:41.340Z,2570
9e19e147-1476-4252-8b8c-b2f82445877a,10400303,อาหารและเทคโนโลยี,Food and Technology,3,3,0,6,3(3-0-6),หมวดวิชาศึกษาทั่วไป สมรรถนะด้านการคิดคำนวณ การใช้เหตุผล และการใช้เทคโนโลยี,True,2026-08-18T06:54:41.336Z,2026-08-18T06:54:41.336Z,2570
e9abd705-58ee-4352-9df0-afc976fd1a23,10400301,ทักษะดิจิทัลในศตวรรษที่ 21,Digital Skills in 21st Century,3,3,0,6,3(3-0-6),หมวดวิชาศึกษาทั่วไป สมรรถนะด้านการคิดคำนวณ การใช้เหตุผล และการใช้เทคโนโลยี,True,2026-08-18T06:54:41.315Z,2026-08-18T06:54:41.315Z,2570
065d2231-6aab-4b9a-9a5c-4c83c122dad6,10300305,วิทยาศาสตร์และเทคโนโลยีลวง,Misleading Science and Technology,3,3,0,6,3(3-0-6),หมวดวิชาศึกษาทั่วไป สมรรถนะด้านการคิดคำนวณ การใช้เหตุผล และการใช้เทคโนโลยี,True,2026-08-18T06:54:41.309Z,2026-08-18T06:54:41.309Z,2570
2f14e40a-be23-453b-86f6-28c8937e0e09,10300304,ถอดรหัสวิทยาศาสตร์เพื่อชีวิตยุคใหม่,Decoding Science for Modern Life,3,2,2,5,3(2-2-5),หมวดวิชาศึกษาทั่วไป สมรรถนะด้านการคิดคำนวณ การใช้เหตุผล และการใช้เทคโนโลยี,True,2026-08-18T06:54:41.302Z,2026-08-18T06:54:41.302Z,2570
8d16468c-6234-42d8-97cf-1310aa8ea6f3,10300303,ตรรกะดิจิทัลเพื่อการตัดสินใจ,Digital Logic Approach for Decision Making,3,3,0,6,3(3-0-6),หมวดวิชาศึกษาทั่วไป สมรรถนะด้านการคิดคำนวณ การใช้เหตุผล และการใช้เทคโนโลยี,True,2026-08-18T06:54:41.295Z,2026-08-18T06:54:41.295Z,2570
34ea8bcd-31ad-4dca-b44f-2dffa5de4958,10300302,การตัดสินใจอย่างชาญฉลาดในศตวรรษที่ 21,Intelligent Decision-Making in the 21st Century,3,3,0,6,3(3-0-6),หมวดวิชาศึกษาทั่วไป สมรรถนะด้านการคิดคำนวณ การใช้เหตุผล และการใช้เทคโนโลยี,True,2026-08-18T06:54:41.288Z,2026-08-18T06:54:41.288Z,2570
29cd5498-0969-4102-a985-8e7b15194d7c,10300301,การใช้ชีวิตในสังคมดิจิทัล,Living in Digital Society,3,2,2,5,3(2-2-5),หมวดวิชาศึกษาทั่วไป สมรรถนะด้านการคิดคำนวณ การใช้เหตุผล และการใช้เทคโนโลยี,True,2026-08-18T06:54:41.282Z,2026-08-18T06:54:41.282Z,2570
c9cb16e2-094f-4b05-be96-33cca2e50627,10800201,พลเมืองดิจิทัลและการรู้เท่าทันดิจิทัล,Digital Citizenship and Digital Literacy,3,3,0,6,3(3-0-6),หมวดวิชาศึกษาทั่วไป สมรรถนะด้านสังคมและความเป็นมนุษย์,True,2026-08-18T06:54:41.276Z,2026-08-18T06:54:41.276Z,2570
5d1ac6bc-a187-48f5-ae90-9b53881bf0b0,10700216,อารยธรรมและโลกสมัยใหม่,Civilizations and the Modern World,3,3,0,6,3(3-0-6),หมวดวิชาศึกษาทั่วไป สมรรถนะด้านสังคมและความเป็นมนุษย์,True,2026-08-18T06:54:41.270Z,2026-08-18T06:54:41.270Z,2570
297844b2-238c-4b7a-89a3-870f2e399072,10700215,สังคมและสิ่งแวดล้อมยั่งยืน,"Society, Environment and Sustainability",3,3,0,6,3(3-0-6),หมวดวิชาศึกษาทั่วไป สมรรถนะด้านสังคมและความเป็นมนุษย์,True,2026-08-18T06:54:41.262Z,2026-08-18T06:54:41.262Z,2570
e59bb623-8dda-45bb-bdec-75000f82dec0,10700213,สังคมร่วมสมัย,Contemporary World and Society,3,3,0,6,3(3-0-6),หมวดวิชาศึกษาทั่วไป สมรรถนะด้านสังคมและความเป็นมนุษย์,True,2026-08-18T06:54:41.256Z,2026-08-18T06:54:41.256Z,2570
5e293152-4cb6-4ab1-89ea-c557645ba74e,10700212,ศิลปะการใช้ชีวิตในสังคมที่หลากหลาย,The Arts of Living in a Diverse Society,3,3,0,6,3(3-0-6),หมวดวิชาศึกษาทั่วไป สมรรถนะด้านสังคมและความเป็นมนุษย์,True,2026-08-18T06:54:41.250Z,2026-08-18T06:54:41.250Z,2570
09d4ab6b-e2cc-47b3-81aa-956ee2807234,10700211,ศิลปะกับความคิดสร้างสรรค์,Art and Creative Thinking,3,1,4,4,3(1-4-4),หมวดวิชาศึกษาทั่วไป สมรรถนะด้านสังคมและความเป็นมนุษย์,True,2026-08-18T06:54:41.243Z,2026-08-18T06:54:41.243Z,2570
1b5db6e2-c494-4c58-8314-1ac14a416308,10700209,มนุษย์กับความงามทางศิลปะ,Humans and Artistic Beauty,3,3,0,6,3(3-0-6),หมวดวิชาศึกษาทั่วไป สมรรถนะด้านสังคมและความเป็นมนุษย์,True,2026-08-18T06:54:41.237Z,2026-08-18T06:54:41.237Z,2570
e49e58af-7c8d-40c7-9e96-589566ca9187,10700205,จิตอาสาเพื่อพัฒนาสังคม,Volunteer Spirit for Social Development,3,3,0,6,3(3-0-6),หมวดวิชาศึกษาทั่วไป สมรรถนะด้านสังคมและความเป็นมนุษย์,True,2026-08-18T06:54:41.230Z,2026-08-18T06:54:41.230Z,2570
de6bf7fe-5ddd-4136-8ef6-1062e7bb4dbd,10700204,จิตวิทยาเพื่อการทำงานและการดำเนินชีวิตในยุคดิจิทัล,Psychology for Working and Living in Digital Age,3,3,0,6,3(3-0-6),หมวดวิชาศึกษาทั่วไป สมรรถนะด้านสังคมและความเป็นมนุษย์,True,2026-08-18T06:54:41.224Z,2026-08-18T06:54:41.224Z,2570
de0eb7da-ce88-4226-b4f4-ffc03ee05663,10700203,จิตวิทยาพฤติกรรมมนุษย์,The Psychology of Human Behavior,3,3,0,6,3(3-0-6),หมวดวิชาศึกษาทั่วไป สมรรถนะด้านสังคมและความเป็นมนุษย์,True,2026-08-18T06:54:41.218Z,2026-08-18T06:54:41.218Z,2570
5763f457-efcf-46d5-ac35-d50ab59975ed,10700202,จิตวิทยาการปรับตัวในยุคดิจิทัล,Psychology of Adjustment in Digital Age,3,3,0,6,3(3-0-6),หมวดวิชาศึกษาทั่วไป สมรรถนะด้านสังคมและความเป็นมนุษย์,True,2026-08-18T06:54:41.212Z,2026-08-18T06:54:41.212Z,2570
904f1e5d-cc50-4fab-ad24-bf8913874efe,10300201,การเงินส่วนบุคคลเพื่อชีวิตยุคใหม่,Personal Finance for Modern Life,3,2,2,5,3(2-2-5),หมวดวิชาศึกษาทั่วไป สมรรถนะด้านสังคมและความเป็นมนุษย์,True,2026-08-18T06:54:41.205Z,2026-08-18T06:54:41.205Z,2570
360c8cac-f939-4549-ba8b-a70c3ad831ef,10100202,วิถีเกษตรกับสุนทรียภาพในชีวิตประจำวัน,Agri-Aesthetics and Everyday Life,3,3,0,6,3(3-0-6),หมวดวิชาศึกษาทั่วไป สมรรถนะด้านสังคมและความเป็นมนุษย์,True,2026-08-18T06:54:41.199Z,2026-08-18T06:54:41.199Z,2570
b71af719-e021-4503-86c0-c305fef8b41a,10700108,สมาร์ตทอล์ก,Smart Talk,3,2,2,5,3(2-2-5),หมวดวิชาศึกษาทั่วไป สมรรถนะด้านภาษาและการสื่อสาร รายวิชาภาษาต่างประเทศ ระดับ B1,True,2026-08-18T06:54:41.193Z,2026-08-18T06:54:41.193Z,2570
a5f89b6e-7cda-4eb8-bc07-8fe3a272479f,10700107,ภาษาอังกฤษเพื่อการเกษตรอัจฉริยะและยั่งยืน,English for Smart and Sustainable Agriculture,3,3,0,6,3(3-0-6),หมวดวิชาศึกษาทั่วไป สมรรถนะด้านภาษาและการสื่อสาร รายวิชาภาษาต่างประเทศ ระดับ B1,True,2026-08-18T06:54:41.187Z,2026-08-18T06:54:41.187Z,2570
5325dadc-1a21-4107-a4b8-5dd4f0d37bf1,10700106,ภาษาอังกฤษผ่านวัฒนธรรมป๊อป,English through Pop Culture,3,2,2,5,3(2-2-5),หมวดวิชาศึกษาทั่วไป สมรรถนะด้านภาษาและการสื่อสาร รายวิชาภาษาต่างประเทศ ระดับ B1,True,2026-08-18T06:54:41.180Z,2026-08-18T06:54:41.180Z,2570
03c4cefc-55e1-45e5-8405-fa23d856145c,10700105-68,ภาษาอังกฤษเบื้องต้นสำหรับธุรกิจและสตาร์ทอัพ,Basic English for Business Startups,3,2,2,5,3(2-2-5),หมวดวิชาศึกษาทั่วไป สมรรถนะด้านภาษาและการสื่อสาร รายวิชาภาษาต่างประเทศ ระดับ B1,True,2026-08-18T06:54:41.174Z,2026-08-18T06:54:41.174Z,2570
7190bb1d-d2d3-42a0-823a-da83fb912313,10700104,ภาษาอังกฤษในชีวิตประจำวัน,English for Everyday Life,3,2,2,5,3(2-2-5),หมวดวิชาศึกษาทั่วไป สมรรถนะด้านภาษาและการสื่อสาร รายวิชาภาษาต่างประเทศ ระดับ A2,True,2026-08-18T06:54:41.168Z,2026-08-18T06:54:41.168Z,2570
4eb1d554-ae10-4cf7-ae3d-bb58c475507e,10700102,ภาษาไทยเพื่อการสื่อสาร,Thai Language for Communication,3,2,2,5,3(2-2-5),หมวดวิชาศึกษาทั่วไป สมรรถนะด้านภาษาและการสื่อสาร รายวิชาภาษาไทย,True,2026-08-18T06:54:41.162Z,2026-08-18T06:54:41.162Z,2570
5ced78a4-de77-47c4-955e-bd30591530bb,10700101,ภาษาไทยเพื่อการนำเสนอ,Thai Language for Presentation,3,2,2,5,3(2-2-5),หมวดวิชาศึกษาทั่วไป สมรรถนะด้านภาษาและการสื่อสาร รายวิชาภาษาไทย,True,2026-08-18T06:54:41.051Z,2026-08-18T06:54:41.051Z,2570
b4801c55-e9fa-4934-82bc-8293162cf369,SC497,สหกิจศึกษา,Co-operative Education,9,0,0,0,9(0-0-0),วิชาเอกบังคับ,True,2026-08-18T06:54:41.044Z,2026-08-18T06:54:41.044Z,
c60bb5ef-6bbb-4da0-85af-7b41588f30c4,ST301,หลักสถิติ,Principles of Statistics,3,3,0,6,3(3-0-6),วิชาแกน,True,2026-08-18T06:54:41.037Z,2026-08-18T06:54:41.037Z,
ca8878d9-62a6-407c-8775-8cfdc412a1bf,PH105,ฟิสิกส์ทั่วไป 1,General Physics 1,3,2,3,5,3(2-3-5),วิชาแกน,True,2026-08-18T06:54:41.031Z,2026-08-18T06:54:41.031Z,
c423aa70-a6d8-4ba0-aed4-148df0c36311,MA101,แคลคูลัส 1,Calculus 1,3,3,0,6,3(3-0-6),วิชาแกน,True,2026-08-18T06:54:41.025Z,2026-08-18T06:54:41.025Z,
7f474779-d07b-4cc7-951d-e1b2e4092c36,AP101,เกษตรเพื่อชีวิต,Agriculture for Life,3,3,0,6,3(3-0-6),ศึกษาทั่วไป,True,2026-08-18T06:54:41.018Z,2026-08-18T06:54:41.018Z,
8a53f5f1-18bf-4268-8586-ee4d22acd3e1,GE242,ภาษาอังกฤษเชิงวิทยาศาสตร์และเทคโนโลยี 2,English for Science and Technology 2,3,2,2,5,3(2-2-5),ศึกษาทั่วไป,True,2026-08-18T06:54:41.012Z,2026-08-18T06:54:41.012Z,
a03ae3fb-c6f5-494d-b24c-13a333917c9b,GE241,ภาษาอังกฤษเชิงวิทยาศาสตร์และเทคโนโลยี 1,English for Science and Technology 1,3,2,2,5,3(2-2-5),ศึกษาทั่วไป,True,2026-08-18T06:54:41.004Z,2026-08-18T06:54:41.004Z,
938dddfe-58b2-49d4-bc78-d294b84e4bd5,GE142,ภาษาอังกฤษพื้นฐาน 2,Fundamental English 2,3,2,2,5,3(2-2-5),ศึกษาทั่วไป,True,2026-08-18T06:54:40.996Z,2026-08-18T06:54:40.996Z,
84eeb6b4-49fd-4abd-9207-d70ac5634fad,GE141,ภาษาอังกฤษพื้นฐาน 1,Fundamental English 1,3,2,2,5,3(2-2-5),ศึกษาทั่วไป,True,2026-08-18T06:54:40.990Z,2026-08-18T06:54:40.990Z,
e21a01ba-78d1-4787-a7f8-ae2f59c7b53f,GE031,การใช้ภาษาไทย,Thai Language Usage,3,2,2,5,3(2-2-5),ศึกษาทั่วไป,True,2026-08-18T06:54:40.983Z,2026-08-18T06:54:40.983Z,
7d54694b-b29a-4566-9231-902198454542,CS492,สัมมนาวิชาการทางวิทยาการคอมพิวเตอร์,Seminar in Computer Science,1,0,2,1,1(0-2-1),วิชาเอกบังคับ,True,2026-08-18T06:54:40.977Z,2026-08-18T06:54:40.977Z,
7823a28e-6bd3-4323-bf1a-289104c95dd5,CS392,การเป็นผู้ประกอบการทางด้านคอมพิวเตอร์และนวัตกรรม,Innovation and Computer-Based Entrepreneurship,3,2,3,5,3(2-3-5),วิชาแกน,True,2026-08-18T06:54:40.970Z,2026-08-18T06:54:40.970Z,
c7c4e2cc-e6b4-4d62-8084-d2bda60007b0,CS391,การบริหารโครงการคอมพิวเตอร์,Computer Project Management,1,1,0,2,1(1-0-2),วิชาเอกบังคับ,True,2026-08-18T06:54:40.964Z,2026-08-18T06:54:40.964Z,
faf81826-9ee8-469d-9b53-42f653a2298b,CS347,วิศวกรรมซอฟต์แวร์,Software Engineering,3,2,3,5,3(2-3-5),วิชาเอกบังคับ,True,2026-08-18T06:54:40.958Z,2026-08-18T06:54:40.958Z,
5e4d63ae-d904-468e-b641-4df71c3231fd,CS344,การพัฒนาระบบซอฟต์แวร์เชิงวัตถุ,Object Oriented Software Development,3,2,3,5,3(2-3-5),วิชาเอกบังคับ,True,2026-08-18T06:54:40.952Z,2026-08-18T06:54:40.952Z,
b2073c6c-6a21-4aff-b199-0f1ce0b92989,CS343,การวิเคราะห์และออกแบบเชิงวัตถุ,Object Oriented Analysis and Design,3,2,3,5,3(2-3-5),วิชาเอกบังคับ,True,2026-08-18T06:54:40.945Z,2026-08-18T06:54:40.945Z,
50ef7cc5-31ae-489a-858e-ee6671947d1a,CS341,วิทยาการข้อมูล,Data Science,3,2,3,5,3(2-3-5),วิชาเอกบังคับ,True,2026-08-18T06:54:40.939Z,2026-08-18T06:54:40.939Z,
69a8c839-ac49-4cb1-938f-41ae4b3dbca4,CS330,การสื่อสารข้อมูลและเครือข่ายคอมพิวเตอร์,Data Communication and Computer Network,3,2,3,5,3(2-3-5),วิชาเอกบังคับ,True,2026-08-18T06:54:40.932Z,2026-08-18T06:54:40.932Z,
4098c29d-d6f1-4834-8e1b-c2f27909b864,CS320,ระบบปฏิบัติการ,Operating System,3,2,3,5,3(2-3-5),วิชาเอกบังคับ,True,2026-08-18T06:54:40.926Z,2026-08-18T06:54:40.926Z,
b5db74df-396c-4d52-b089-7ef0337fa0e0,CS313,การพัฒนาโปรแกรมประยุกต์บนเว็บ,Web Application Development,3,2,3,5,3(2-3-5),วิชาเอกบังคับ,True,2026-08-18T06:54:40.920Z,2026-08-18T06:54:40.920Z,
f8adc0e8-5a1c-4c51-afdd-d97a65364a14,CS252,คณิตศาสตร์สำหรับวิทยาการคอมพิวเตอร์,Mathematics for Computer Science,3,3,0,6,3(3-0-6),วิชาแกน,True,2026-08-18T06:54:40.914Z,2026-08-18T06:54:40.914Z,
ff469b57-62b6-401f-8ecf-51d276347358,CS241,ระบบฐานข้อมูล,Database Systems,3,2,3,5,3(2-3-5),วิชาเอกบังคับ,True,2026-08-18T06:54:40.907Z,2026-08-18T06:54:40.907Z,
88697132-62e7-4296-8274-b0552cf3f15d,CS232,สถาปัตยกรรมคอมพิวเตอร์,Computer Architecture,3,2,3,5,3(2-3-5),วิชาเอกบังคับ,True,2026-08-18T06:54:40.901Z,2026-08-18T06:54:40.901Z,
097c8b50-fabd-4a4f-812a-f75f4b2825ec,CS231,ระบบคอมพิวเตอร์และภาษาแอสเซมบลี,Computer System and Assembly Language,1,0,3,1,1(0-3-1),วิชาเอกบังคับ,True,2026-08-18T06:54:40.895Z,2026-08-18T06:54:40.895Z,
e0963064-53ea-47b0-b288-cdadeb1a95ca,CS222,การเขียนโปรแกรมมัลติมีเดีย,Multimedia Programming,3,2,3,5,3(2-3-5),วิชาเอกบังคับ,True,2026-08-18T06:54:40.887Z,2026-08-18T06:54:40.887Z,
6ea31753-b88d-4422-a35b-fb20feffbb2e,CS221,โครงสร้างข้อมูล,Data Structures,3,2,3,5,3(2-3-5),วิชาเอกบังคับ,True,2026-08-18T06:54:40.882Z,2026-08-18T06:54:40.882Z,
f799f1a0-5910-4918-abaa-089d42b75370,CS213,การวิเคราะห์และออกแบบอัลกอริทึม,Algorithm Analysis and Design,3,2,3,5,3(2-3-5),วิชาเอกบังคับ,True,2026-08-18T06:54:40.876Z,2026-08-18T06:54:40.876Z,
560ed91e-cf1e-4877-b301-b565167be803,CS151,คณิตศาสตร์ดีสครีต,Discrete Mathematics,3,3,0,6,3(3-0-6),วิชาแกน,True,2026-08-18T06:54:40.870Z,2026-08-18T06:54:40.870Z,
347a5745-7bf1-4ebd-9212-46c89822067e,CS121,ตรรกศาสตร์เชิงดิจิทัลและอุปกรณ์อัจฉริยะ,Digital Logic and Smart Device,3,2,3,5,3(2-3-5),วิชาแกน,True,2026-08-18T06:54:40.863Z,2026-08-18T06:54:40.863Z,
b55faf57-5ffa-4112-8983-64287f83ddaa,CS117,หลักการเขียนโปรแกรมเชิงวัตถุ,Principles of Object-Oriented Programming,3,2,3,5,3(2-3-5),วิชาเอกบังคับ,True,2026-08-18T06:54:40.857Z,2026-08-18T06:54:40.857Z,
26554e03-6ab4-42d2-9073-ba6b9cf23f1f,CS112,วิทยาการคอมพิวเตอร์ 2,Computer Science 2,3,2,3,5,3(2-3-5),วิชาแกน,True,2026-08-18T06:54:40.851Z,2026-08-18T06:54:40.851Z,
d7d43f77-2778-4c29-b46b-cc1d4054f853,CS111,วิทยาการคอมพิวเตอร์ 1,Computer Science 1,3,2,3,5,3(2-3-5),วิชาแกน,True,2026-08-18T06:54:40.845Z,2026-08-18T06:54:40.845Z,
37964c7c-18f4-410f-b058-69d31e29e7a6,20314539,หัวข้อที่สนใจทางนวัตกรรมเทคโนโลยีดิจิทัล 3,Selected Topics in Digital Technology Innovation 3,3,2,2,5,3(2-2-5),กลุ่มวิชาบริหารจัดการนวัตกรรม,True,2026-08-18T06:54:40.840Z,2026-08-18T06:54:40.840Z,
de36b84a-099c-4851-a961-49bbe0a1a8ac,20314538,นวัตกรรมทางธุรกิจ,Innovation in Business,3,2,2,5,3(2-2-5),กลุ่มวิชาบริหารจัดการนวัตกรรม,True,2026-08-18T06:54:40.834Z,2026-08-18T06:54:40.834Z,
7d2d0df7-b396-410f-b30a-d098da818c01,20314537,โมเดลธุรกิจอัจฉริยะ,Business Intelligence Model,3,2,2,5,3(2-2-5),กลุ่มวิชาบริหารจัดการนวัตกรรม,True,2026-08-18T06:54:40.828Z,2026-08-18T06:54:40.828Z,
c7a11c05-0348-4720-bce4-580297872ea5,20314536,การจัดการนวัตกรรมทางห่วงโซ่อุปทานและโลจิสติกส์,Innovation Management in Supply Chain and Logistic,3,2,2,5,3(2-2-5),กลุ่มวิชาบริหารจัดการนวัตกรรม,True,2026-08-18T06:54:40.821Z,2026-08-18T06:54:40.821Z,
bb068d96-9f4b-43bd-a29f-633e31b552d2,20314535,บริหารจัดการโครงการนวัตกรรม,Innovation Project Management,3,2,2,5,3(2-2-5),กลุ่มวิชาบริหารจัดการนวัตกรรม,True,2026-08-18T06:54:40.814Z,2026-08-18T06:54:40.814Z,
f407bb74-0812-4606-ba0d-d788cf0db73a,20314534,การจัดการตลาดสินค้าดิจิทัล,Digital Marketing Management,3,2,2,5,3(2-2-5),กลุ่มวิชาบริหารจัดการนวัตกรรม,True,2026-08-18T06:54:40.808Z,2026-08-18T06:54:40.808Z,
4169a4af-f942-4619-8aa2-2809aa8004e7,20314533,ทักษะการเป็นผู้ประกอบการนวัตกรรมดิจิทัล,Digital Innopreneur Skill,3,2,2,5,3(2-2-5),กลุ่มวิชาบริหารจัดการนวัตกรรม,True,2026-08-18T06:54:40.801Z,2026-08-18T06:54:40.801Z,
903a267e-dc18-4108-a2bc-6669b027f72f,20314532,นวัตกรรมสีเขียว,Green Innovation,3,2,2,5,3(2-2-5),กลุ่มวิชาบริหารจัดการนวัตกรรม,True,2026-08-18T06:54:40.795Z,2026-08-18T06:54:40.795Z,
1c742402-6b62-463e-ba6c-6021bfa24694,20314531,การจัดการกระบวนการนวัตกรรม,Innovation Process Management,3,2,2,5,3(2-2-5),กลุ่มวิชาบริหารจัดการนวัตกรรม,True,2026-08-18T06:54:40.789Z,2026-08-18T06:54:40.789Z,
b9998c32-1be2-4a10-a436-e13378a9ecce,20314529,หัวข้อที่สนใจทางนวัตกรรมเทคโนโลยีดิจิทัล 2,Selected Topics in Digital Technology Innovation 2,3,2,2,5,3(2-2-5),กลุ่มวิชานวัตกรรมดิจิทัลเพื่อการเรียนรู้,True,2026-08-18T06:54:40.782Z,2026-08-18T06:54:40.782Z,
66b8152d-a095-403b-b1a2-2de1dcc6dda5,20314528,อนาคตศึกษาในการเรียนรู้ดิจิทัล,Future Studies in Digital Learning,3,2,2,5,3(2-2-5),กลุ่มวิชานวัตกรรมดิจิทัลเพื่อการเรียนรู้,True,2026-08-18T06:54:40.776Z,2026-08-18T06:54:40.776Z,
191f8363-e175-44b3-a357-e45ccf8ed16c,20314527,การจำลองระบบและการสร้างตัวแบบข้อมูล,System Simulation and Data Modeling,3,2,2,5,3(2-2-5),กลุ่มวิชานวัตกรรมดิจิทัลเพื่อการเรียนรู้,True,2026-08-18T06:54:40.772Z,2026-08-18T06:54:40.772Z,
496d4e25-64e9-4591-a260-acf1c6b1997c,20314526,การจัดการความรู้ในนวัตกรรมเทคโนโลยีดิจิทัล,Knowledge Management in Digital Technology Innovation,3,2,2,5,3(2-2-5),กลุ่มวิชานวัตกรรมดิจิทัลเพื่อการเรียนรู้,True,2026-08-18T06:54:40.768Z,2026-08-18T06:54:40.768Z,
492c9102-d1e0-4aa1-92f3-53d905235e8f,20314525,นวัตกรรมการเรียนรู้ดิจิทัลในชุมชนออนไลน์,Digital Learning Innovation in Online Communities,3,2,2,5,3(2-2-5),กลุ่มวิชานวัตกรรมดิจิทัลเพื่อการเรียนรู้,True,2026-08-18T06:54:40.663Z,2026-08-18T06:54:40.663Z,
26031cf3-9ea3-4880-9786-5acaeaadf720,20314524,การผลิตสื่อดิจิทัลอัจฉริยะเพื่อการเรียนรู้,Smart Digital Media Production for Learning,3,2,2,5,3(2-2-5),กลุ่มวิชานวัตกรรมดิจิทัลเพื่อการเรียนรู้,True,2026-08-18T06:54:40.661Z,2026-08-18T06:54:40.661Z,
914ef23e-13e3-435a-a6af-e465d08031c6,20314523,นวัตกรรมเทคโนโลยีดิจิทัลเพื่อพัฒนากระบวนการเรียนรู้,Digital Technology Innovation for Development of Learning Process,3,2,2,5,3(2-2-5),กลุ่มวิชานวัตกรรมดิจิทัลเพื่อการเรียนรู้,True,2026-08-18T06:54:40.659Z,2026-08-18T06:54:40.659Z,
3cb6ccf9-3fb8-49fc-8582-b823901e038b,20314522,นวัตกรรมเทคโนโลยีดิจิทัลเพื่อการศึกษา,Digital Technology Innovation for Education,3,2,2,5,3(2-2-5),กลุ่มวิชานวัตกรรมดิจิทัลเพื่อการเรียนรู้,True,2026-08-18T06:54:40.657Z,2026-08-18T06:54:40.657Z,
ad49e60d-aec0-4578-8293-2800a930ae15,20314521,การคิดเชิงนวัตกรรมเพื่อการเรียนรู้ดิจิทัล,Innovative Thinking for Digital Learning,3,3,0,6,3(3-0-6),กลุ่มวิชานวัตกรรมดิจิทัลเพื่อการเรียนรู้,True,2026-08-18T06:54:40.655Z,2026-08-18T06:54:40.655Z,
1886ada5-582c-4ffd-b14b-7121185f4df2,20314519,หัวข้อที่สนใจทางนวัตกรรมเทคโนโลยีดิจิทัล 1,Selected Topics in Digital Technology Innovation 1,3,2,2,5,3(2-2-5),กลุ่มวิชาพัฒนาระบบสารสนเทศอัจฉริยะ,True,2026-08-18T06:54:40.653Z,2026-08-18T06:54:40.653Z,
776b789c-3f38-4ac2-90ae-a76cf0a2c7c5,20314518,การประมวลผลบนกลุ่มเมฆขั้นสูง,Advanced Cloud Computing,3,2,2,5,3(2-2-5),กลุ่มวิชาพัฒนาระบบสารสนเทศอัจฉริยะ,True,2026-08-18T06:54:40.651Z,2026-08-18T06:54:40.651Z,
41b04cb2-09ad-47ff-bf33-71271b27689a,20314517,นวัตกรรมภูมิสารสนเทศเกษตร,Agricultural Geo-informatics Innovation,3,2,2,5,3(2-2-5),กลุ่มวิชาพัฒนาระบบสารสนเทศอัจฉริยะ,True,2026-08-18T06:54:40.648Z,2026-08-18T06:54:40.648Z,
daddc1ce-7426-496e-84a4-08e5dcf68174,20314516,การประมวลผลเชิงมัลติมีเดีย,Multimedia Processing,3,2,2,5,3(2-2-5),กลุ่มวิชาพัฒนาระบบสารสนเทศอัจฉริยะ,True,2026-08-18T06:54:40.645Z,2026-08-18T06:54:40.645Z,
b0b53187-a033-4bcf-b131-1f62f8647236,20314515,การค้นคืนสารสนเทศ,Information Retrieval,3,2,2,5,3(2-2-5),กลุ่มวิชาพัฒนาระบบสารสนเทศอัจฉริยะ,True,2026-08-18T06:54:40.643Z,2026-08-18T06:54:40.643Z,
92e37f12-b0a5-41a3-9633-7c0ea616b686,20314514,การพัฒนาแอพพลิเคชันบนอุปกรณ์อัจฉริยะ,Smart Devices Application Development,3,2,2,5,3(2-2-5),กลุ่มวิชาพัฒนาระบบสารสนเทศอัจฉริยะ,True,2026-08-18T06:54:40.640Z,2026-08-18T06:54:40.640Z,
b81a86fb-07fa-40b1-90e5-3bea39d5dd2e,20314513,การพัฒนานวัตกรรมเทคโนโลยีดิจิทัล,Digital Technology Innovation Development,3,2,2,5,3(2-2-5),กลุ่มวิชาพัฒนาระบบสารสนเทศอัจฉริยะ,True,2026-08-18T06:54:40.638Z,2026-08-18T06:54:40.638Z,
b7db35ec-7cd7-48e8-aea5-3ba981e64e6d,20314512,การเรียนรู้ของเครื่องจักรและปัญญาประดิษฐ์,Machine Learning and Artificial Intelligence,3,2,2,5,3(2-2-5),กลุ่มวิชาพัฒนาระบบสารสนเทศอัจฉริยะ,True,2026-08-18T06:54:40.636Z,2026-08-18T06:54:40.636Z,
93bd8cf9-431c-48fe-9c64-42f73e5f4eae,20314511,วิทยาการข้อมูล,Data Science,3,2,2,5,3(2-2-5),กลุ่มวิชาพัฒนาระบบสารสนเทศอัจฉริยะ,True,2026-08-18T06:54:40.634Z,2026-08-18T06:54:40.634Z,
0e5e931d-34c7-47cc-9890-01a8709de520,20314504,นวัตกรรมการสื่อสารแบบครบวงจร,Unified Communication Innovation,3,2,2,5,3(2-2-5),วิชาเอกบังคับ,True,2026-08-18T06:54:40.630Z,2026-08-18T06:54:40.630Z,
4d49101c-328d-4adf-a503-af2cc5856c23,20314503,การพัฒนาแอพพลิเคชันและเซอร์วิส,Application and Services Development,3,2,2,5,3(2-2-5),วิชาเอกบังคับ,True,2026-08-18T06:54:40.628Z,2026-08-18T06:54:40.628Z,
4c91caff-eaa9-482a-af28-24bd20b6dd0d,20314502,แก่นนวัตกรรมเทคโนโลยีดิจิทัล,Digital Technology Innovation Essential,3,2,2,5,3(2-2-5),วิชาเอกบังคับ,True,2026-08-18T06:54:40.626Z,2026-08-18T06:54:40.626Z,
96f7d7ba-c8c6-48d2-bc4f-5cc0e597cfce,20314694,วิทยานิพนธ์ 4,Thesis 4,12,0,36,0,12(0-36-0),วิทยานิพนธ์,True,2026-08-18T06:54:40.521Z,2026-08-18T06:54:40.521Z,
34550897-0dcf-4998-a7d0-74d777138751,20314693,วิทยานิพนธ์ 3,Thesis 3,12,0,36,0,12(0-36-0),วิทยานิพนธ์,True,2026-08-18T06:54:40.515Z,2026-08-18T06:54:40.515Z,
07a5b1ff-308b-44ee-a327-cca69a170fc1,20314692,วิทยานิพนธ์ 2,Thesis 2,6,0,18,0,6(0-18-0),วิทยานิพนธ์,True,2026-08-18T06:54:40.509Z,2026-08-18T06:54:40.509Z,
2ca9e21a-53df-4552-8ed1-6a037f256a86,20314691,วิทยานิพนธ์ 1,Thesis 1,6,0,18,0,6(0-18-0),วิทยานิพนธ์,True,2026-08-18T06:54:40.503Z,2026-08-18T06:54:40.503Z,
406a10b2-cce1-4095-8c70-d36c3b4b0fc6,20314594,สัมมนา 4,Seminar 4,1,0,2,1,1(0-2-1),รายวิชาที่ไม่นับหน่วยกิต,True,2026-08-18T06:54:40.497Z,2026-08-18T06:54:40.497Z,
9d967f35-f15f-44ac-8418-1a251a573eef,20314593,สัมมนา 3,Seminar 3,1,0,2,1,1(0-2-1),รายวิชาที่ไม่นับหน่วยกิต,True,2026-08-18T06:54:40.491Z,2026-08-18T06:54:40.491Z,
3e4ced41-3453-4ae8-9174-4b5a89c97ccb,20314592,สัมมนา 2,Seminar 2,1,0,2,1,1(0-2-1),รายวิชาที่ไม่นับหน่วยกิต,True,2026-08-18T06:54:40.485Z,2026-08-18T06:54:40.485Z,
e9561999-51a4-4190-82af-224aea0f87e5,20314591,สัมมนา 1,Seminar 1,1,0,2,1,1(0-2-1),รายวิชาที่ไม่นับหน่วยกิต,True,2026-08-18T06:54:40.479Z,2026-08-18T06:54:40.479Z,
08cf768c-fae0-4119-baf2-7e812eca9fe4,20314501,ระเบียบวิธีวิจัยทางนวัตกรรมเทคโนโลยีดิจิทัล,Research Methodology in Digital Technology Innovation,3,2,2,5,3(2-2-5),รายวิชาที่ไม่นับหน่วยกิต,True,2026-08-18T06:54:40.473Z,2026-08-18T06:54:40.473Z,
a1a3180d-6058-4642-a018-161d9226bac4,10301392,Course 10301392,Course 10301392,3,3,0,6,3(3-0-6),Placeholder for course 10301392,True,2026-08-18T06:54:40.467Z,2026-08-18T06:54:40.467Z,2565
936f3a20-46a3-48e3-9cd8-701ae97701a0,10301391,Course 10301391,Course 10301391,3,3,0,6,3(3-0-6),Placeholder for course 10301391,True,2026-08-18T06:54:40.462Z,2026-08-18T06:54:40.462Z,2565
bd72fb94-835e-4797-9a71-f8a24e2563ad,10301385,Course 10301385,Course 10301385,3,3,0,6,3(3-0-6),Placeholder for course 10301385,True,2026-08-18T06:54:40.455Z,2026-08-18T06:54:40.455Z,2565
72d913c1-f80d-4859-83b5-cba3e20116bb,10301384,Course 10301384,Course 10301384,3,3,0,6,3(3-0-6),Placeholder for course 10301384,True,2026-08-18T06:54:40.449Z,2026-08-18T06:54:40.449Z,2565
686ef30f-3049-4fe1-a527-f42c10d36ec5,10301383,Course 10301383,Course 10301383,3,3,0,6,3(3-0-6),Placeholder for course 10301383,True,2026-08-18T06:54:40.443Z,2026-08-18T06:54:40.443Z,2565
6e4ec36b-c06f-4932-98f4-f8e2354b141f,10301382,Course 10301382,Course 10301382,3,3,0,6,3(3-0-6),Placeholder for course 10301382,True,2026-08-18T06:54:40.437Z,2026-08-18T06:54:40.437Z,2565
af977e2f-c1e0-4d0f-9e79-663ac1238f5d,10301381,Course 10301381,Course 10301381,3,3,0,6,3(3-0-6),Placeholder for course 10301381,True,2026-08-18T06:54:40.431Z,2026-08-18T06:54:40.431Z,2565
fb6fbcae-81eb-4a76-923f-3784d0919310,10301379,Course 10301379,Course 10301379,3,3,0,6,3(3-0-6),Placeholder for course 10301379,True,2026-08-18T06:54:40.425Z,2026-08-18T06:54:40.425Z,2565
6b4386a8-1356-4a76-947c-3d5192a7babb,10301378,Course 10301378,Course 10301378,3,3,0,6,3(3-0-6),Placeholder for course 10301378,True,2026-08-18T06:54:40.420Z,2026-08-18T06:54:40.420Z,2565
78f1c162-298d-4d7a-8992-8fd117c73891,10301377,Course 10301377,Course 10301377,3,3,0,6,3(3-0-6),Placeholder for course 10301377,True,2026-08-18T06:54:40.412Z,2026-08-18T06:54:40.412Z,2565
cf1dc532-3a55-46a9-b326-8aae14bf779f,10301376,Course 10301376,Course 10301376,3,3,0,6,3(3-0-6),Placeholder for course 10301376,True,2026-08-18T06:54:40.407Z,2026-08-18T06:54:40.407Z,2565
2cbd5e31-bfa2-4084-a22c-070c961315c2,10301375,Course 10301375,Course 10301375,3,3,0,6,3(3-0-6),Placeholder for course 10301375,True,2026-08-18T06:54:40.401Z,2026-08-18T06:54:40.401Z,2565
798f007f-4021-4240-877d-097720522999,10301374,Course 10301374,Course 10301374,3,3,0,6,3(3-0-6),Placeholder for course 10301374,True,2026-08-18T06:54:40.395Z,2026-08-18T06:54:40.395Z,2565
e45007fe-4543-468a-b9d0-c2eecde572a4,10301373,Course 10301373,Course 10301373,3,3,0,6,3(3-0-6),Placeholder for course 10301373,True,2026-08-18T06:54:40.387Z,2026-08-18T06:54:40.387Z,2565
61e4f7cc-3896-483b-b226-99073e67a124,10301372,Course 10301372,Course 10301372,3,3,0,6,3(3-0-6),Placeholder for course 10301372,True,2026-08-18T06:54:40.381Z,2026-08-18T06:54:40.381Z,2565
c7b353aa-c13c-4ae5-9c56-4cbd7cbc5ae7,10301371,Course 10301371,Course 10301371,3,3,0,6,3(3-0-6),Placeholder for course 10301371,True,2026-08-18T06:54:40.375Z,2026-08-18T06:54:40.375Z,2565
16c4659e-916b-49f9-9425-49c26cda5cae,10301367,Course 10301367,Course 10301367,3,3,0,6,3(3-0-6),Placeholder for course 10301367,True,2026-08-18T06:54:40.369Z,2026-08-18T06:54:40.369Z,2565
42fb1309-0863-48c8-bdde-4b7654334478,10301366,Course 10301366,Course 10301366,3,3,0,6,3(3-0-6),Placeholder for course 10301366,True,2026-08-18T06:54:40.364Z,2026-08-18T06:54:40.364Z,2565
5db0b8db-6741-4a84-9dba-c5ee9372ac8f,10301365,Course 10301365,Course 10301365,3,3,0,6,3(3-0-6),Placeholder for course 10301365,True,2026-08-18T06:54:40.358Z,2026-08-18T06:54:40.358Z,2565
398ccebf-624d-4a16-941f-f47d0576720f,10301364,Course 10301364,Course 10301364,3,3,0,6,3(3-0-6),Placeholder for course 10301364,True,2026-08-18T06:54:40.351Z,2026-08-18T06:54:40.351Z,2565
df7a85cf-c48c-45b8-bd0e-f54d26c5756c,10301363,Course 10301363,Course 10301363,3,3,0,6,3(3-0-6),Placeholder for course 10301363,True,2026-08-18T06:54:40.345Z,2026-08-18T06:54:40.345Z,2565
77f83ffd-6653-4ab3-aadb-5024dc22083a,10301362,Course 10301362,Course 10301362,3,3,0,6,3(3-0-6),Placeholder for course 10301362,True,2026-08-18T06:54:40.338Z,2026-08-18T06:54:40.338Z,2565
0a627c22-a927-4ad9-8201-601b16227c18,10301361,Course 10301361,Course 10301361,3,3,0,6,3(3-0-6),Placeholder for course 10301361,True,2026-08-18T06:54:40.332Z,2026-08-18T06:54:40.332Z,2565
45a9f855-77a6-48a9-b689-6aa2ec4449a3,10301358,Course 10301358,Course 10301358,3,3,0,6,3(3-0-6),Placeholder for course 10301358,True,2026-08-18T06:54:40.326Z,2026-08-18T06:54:40.326Z,2565
53939b23-7686-4947-b1ea-8b590b98f3b1,10301357,วิศวกรรมเครือข่ายคอมพิวเตอร์,Computer Network Engineering,3,2,3,5,3(2-3-5),กลุ่มวิชาโครงสร้างพื้นฐานดิจิทัลและเทคโนโลยีล้ำสมัย,True,2026-08-18T06:54:40.320Z,2026-08-18T06:54:40.320Z,2565
1ae6ddf6-fc46-43b5-ac39-55be500de897,10301356,การประมวลผลสัญญาณดิจิทัล,Digital Signal Processing,3,2,3,5,3(2-3-5),กลุ่มวิชาโครงสร้างพื้นฐานดิจิทัลและเทคโนโลยีล้ำสมัย,True,2026-08-18T06:54:40.314Z,2026-08-18T06:54:40.314Z,2565
0e1e3866-fe75-4a4f-adc2-4df70bd844f7,10301355,การประมวลผลเชิงควอนตัม,Quantum Computing,3,2,3,5,3(2-3-5),กลุ่มวิชาโครงสร้างพื้นฐานดิจิทัลและเทคโนโลยีล้ำสมัย,True,2026-08-18T06:54:40.307Z,2026-08-18T06:54:40.307Z,2565
45378b5e-b9c4-4737-a321-2febe8cac684,10301354,ความมั่นคงปลอดภัยไซเบอร์,Cybersecurity,3,2,3,5,3(2-3-5),กลุ่มวิชาโครงสร้างพื้นฐานดิจิทัลและเทคโนโลยีล้ำสมัย,True,2026-08-18T06:54:40.301Z,2026-08-18T06:54:40.301Z,2565
852372ea-643e-470c-ba05-f24b5e713e15,10301353,ตรรกศาสตร์เชิงดิจิทัลและอุปกรณ์อัจฉริยะ,Digital Logic and Intelligent Devices,3,2,3,5,3(2-3-5),กลุ่มวิชาโครงสร้างพื้นฐานดิจิทัลและเทคโนโลยีล้ำสมัย,True,2026-08-18T06:54:40.295Z,2026-08-18T06:54:40.295Z,2565
06880c76-da10-4e3c-9120-2403c1733890,10301352,อินเทอร์เน็ตในทุกสิ่ง,Internet of Things,3,2,3,5,3(2-3-5),กลุ่มวิชาโครงสร้างพื้นฐานดิจิทัลและเทคโนโลยีล้ำสมัย,True,2026-08-18T06:54:40.287Z,2026-08-18T06:54:40.287Z,2565
969df052-2643-40df-b1ed-8d7080bcf98a,10301351,การประมวลผลแบบกลุ่มเมฆ,Cloud Computing,3,2,3,5,3(2-3-5),กลุ่มวิชาโครงสร้างพื้นฐานดิจิทัลและเทคโนโลยีล้ำสมัย,True,2026-08-18T06:54:40.281Z,2026-08-18T06:54:40.281Z,2565
679f5481-0f8c-498c-871a-85740983eadd,10301347,Course 10301347,Course 10301347,3,3,0,6,3(3-0-6),Placeholder for course 10301347,True,2026-08-18T06:54:40.274Z,2026-08-18T06:54:40.274Z,2565
2bd6395e-7e3b-47e8-b239-316a4f6a7221,10301346,Course 10301346,Course 10301346,3,3,0,6,3(3-0-6),Placeholder for course 10301346,True,2026-08-18T06:54:40.265Z,2026-08-18T06:54:40.265Z,2565
e6fdb222-600f-4f8d-81c8-5648f4dfd64a,10301345,Course 10301345,Course 10301345,3,3,0,6,3(3-0-6),Placeholder for course 10301345,True,2026-08-18T06:54:40.258Z,2026-08-18T06:54:40.258Z,2565
a8bb43d8-fbf6-47cb-a3a9-51a96ef4f823,10301344,Course 10301344,Course 10301344,3,3,0,6,3(3-0-6),Placeholder for course 10301344,True,2026-08-18T06:54:40.251Z,2026-08-18T06:54:40.251Z,2565
1041c703-21ca-497e-9d26-51fdbc811829,10301343,Course 10301343,Course 10301343,3,3,0,6,3(3-0-6),Placeholder for course 10301343,True,2026-08-18T06:54:40.245Z,2026-08-18T06:54:40.245Z,2565
018e6d35-aaee-425c-9199-0785c413801e,10301342,Course 10301342,Course 10301342,3,3,0,6,3(3-0-6),Placeholder for course 10301342,True,2026-08-18T06:54:40.136Z,2026-08-18T06:54:40.136Z,2565
91132883-0bab-4325-9613-49d399962940,10301341,Course 10301341,Course 10301341,3,3,0,6,3(3-0-6),Placeholder for course 10301341,True,2026-08-18T06:54:40.130Z,2026-08-18T06:54:40.130Z,2565
60c78159-1dd4-4da9-88f9-7792ba44c9ed,10301336,Course 10301336,Course 10301336,3,3,0,6,3(3-0-6),Placeholder for course 10301336,True,2026-08-18T06:54:40.124Z,2026-08-18T06:54:40.124Z,2565
294d8bf6-bb57-4491-899c-822bffaba605,10301335,Course 10301335,Course 10301335,3,3,0,6,3(3-0-6),Placeholder for course 10301335,True,2026-08-18T06:54:40.118Z,2026-08-18T06:54:40.118Z,2565
46174b68-88c0-4b17-8aae-c32dbff0b170,10301334,Course 10301334,Course 10301334,3,3,0,6,3(3-0-6),Placeholder for course 10301334,True,2026-08-18T06:54:40.111Z,2026-08-18T06:54:40.111Z,2565
aa96d3f5-c5c1-4ef6-af24-0c8f552e4f40,10301333,Course 10301333,Course 10301333,3,3,0,6,3(3-0-6),Placeholder for course 10301333,True,2026-08-18T06:54:40.105Z,2026-08-18T06:54:40.105Z,2565
9ffda06f-7036-433b-bb89-78f95065cd29,10301332,Course 10301332,Course 10301332,3,3,0,6,3(3-0-6),Placeholder for course 10301332,True,2026-08-18T06:54:40.099Z,2026-08-18T06:54:40.099Z,2565
9eff65e8-8404-4ec8-a1a6-1fcc1ab74d6e,10301331,Course 10301331,Course 10301331,3,3,0,6,3(3-0-6),Placeholder for course 10301331,True,2026-08-18T06:54:40.093Z,2026-08-18T06:54:40.093Z,2565
6c29d6f6-326f-4f07-a705-fa9d3c018ffa,10301314,Course 10301314,Course 10301314,3,3,0,6,3(3-0-6),Placeholder for course 10301314,True,2026-08-18T06:54:40.087Z,2026-08-18T06:54:40.087Z,2565
154af2f8-f015-40ff-b0bd-3480ba87ce00,10301313,Course 10301313,Course 10301313,3,3,0,6,3(3-0-6),Placeholder for course 10301313,True,2026-08-18T06:54:40.079Z,2026-08-18T06:54:40.079Z,2565
8b3c93a3-faf7-4d27-91fd-a794db1d0c23,10301312,Course 10301312,Course 10301312,3,3,0,6,3(3-0-6),Placeholder for course 10301312,True,2026-08-18T06:54:40.072Z,2026-08-18T06:54:40.072Z,2565
5a6b80c8-5754-4539-a265-088cd1abbe70,10301311,Course 10301311,Course 10301311,3,3,0,6,3(3-0-6),Placeholder for course 10301311,True,2026-08-18T06:54:40.066Z,2026-08-18T06:54:40.066Z,2565
50029a76-5db6-4542-a308-32312f2b6b97,10301233,Course 10301233,Course 10301233,3,3,0,6,3(3-0-6),Placeholder for course 10301233,True,2026-08-18T06:54:40.059Z,2026-08-18T06:54:40.059Z,2565
7b6321c2-6516-4ed2-8650-f0cb9b8c2355,10301232,Course 10301232,Course 10301232,3,3,0,6,3(3-0-6),Placeholder for course 10301232,True,2026-08-18T06:54:40.053Z,2026-08-18T06:54:40.053Z,2565
a568e0ee-5b15-4703-9e82-d6a0bb7ab37e,10301231,Course 10301231,Course 10301231,3,3,0,6,3(3-0-6),Placeholder for course 10301231,True,2026-08-18T06:54:40.046Z,2026-08-18T06:54:40.046Z,2565
8893a731-0195-4f0a-84b5-6e47082031bc,10301225,Course 10301225,Course 10301225,3,3,0,6,3(3-0-6),Placeholder for course 10301225,True,2026-08-18T06:54:40.040Z,2026-08-18T06:54:40.040Z,2565
1e5ffdcd-418e-4625-bbf6-cf7d9e250b53,10301224,Course 10301224,Course 10301224,3,3,0,6,3(3-0-6),Placeholder for course 10301224,True,2026-08-18T06:54:40.034Z,2026-08-18T06:54:40.034Z,2565
2d2083de-823d-4a01-a676-207834ba262d,10301223,Course 10301223,Course 10301223,3,3,0,6,3(3-0-6),Placeholder for course 10301223,True,2026-08-18T06:54:40.028Z,2026-08-18T06:54:40.028Z,2565
c18c64ed-a7f6-416b-9a98-21e563da9502,10301222,Course 10301222,Course 10301222,3,3,0,6,3(3-0-6),Placeholder for course 10301222,True,2026-08-18T06:54:40.021Z,2026-08-18T06:54:40.021Z,2565
f5e55201-a92a-48b9-adcc-da8774b518b6,10301221,Course 10301221,Course 10301221,3,3,0,6,3(3-0-6),Placeholder for course 10301221,True,2026-08-18T06:54:40.015Z,2026-08-18T06:54:40.015Z,2565
1ec67f19-82d3-4b5f-a3fc-76284b7c5074,10301212,Course 10301212,Course 10301212,3,3,0,6,3(3-0-6),Placeholder for course 10301212,True,2026-08-18T06:54:40.009Z,2026-08-18T06:54:40.009Z,2565
4259d9b9-9c7c-4507-ab7f-f346e367d0de,10301141,Course 10301141,Course 10301141,3,3,0,6,3(3-0-6),Placeholder for course 10301141,True,2026-08-18T06:54:40.003Z,2026-08-18T06:54:40.003Z,2565
dfc37723-6aa9-41dc-b4c0-26f85970067f,10301114,Course 10301114,Course 10301114,3,3,0,6,3(3-0-6),Placeholder for course 10301114,True,2026-08-18T06:54:39.996Z,2026-08-18T06:54:39.996Z,2565
1d0cd686-741a-435c-a8ae-66a8ac2f09a6,10301112,Course 10301112,Course 10301112,3,3,0,6,3(3-0-6),Placeholder for course 10301112,True,2026-08-18T06:54:39.990Z,2026-08-18T06:54:39.990Z,2565
3e79bab4-21f7-42f6-a759-a2b826a9fd9e,10301211,Course 10301211,Course 10301211,3,3,0,6,3(3-0-6),Placeholder for course 10301211,True,2026-08-18T06:54:39.984Z,2026-08-18T06:54:39.984Z,2565
87e4b06a-33c9-4db9-82b1-73d0eaa29ee0,10305108,Course 10305108,Course 10305108,3,3,0,6,3(3-0-6),Placeholder for course 10305108,True,2026-08-18T06:54:39.978Z,2026-08-18T06:54:39.978Z,2565
ffe8661c-111b-4d93-9360-6350f8d47769,10301111,Course 10301111,Course 10301111,3,3,0,6,3(3-0-6),Placeholder for course 10301111,True,2026-08-18T06:54:39.971Z,2026-08-18T06:54:39.971Z,2565
d8d59106-a196-494a-bfc1-4e6ed558b121,10300499,การศึกษา หรือ ฝึกงาน หรือฝึกอบรมต่างประเทศ,Study or Internship or Training Abroad,0,0,0,0,0(0-0-0),,True,2026-08-18T06:54:39.965Z,2026-08-18T06:54:39.965Z,2565
27f09671-2e03-4adc-8071-d416e78923b2,10300498,การเรียนรู้อิสระ,Independent Study,0,0,0,0,0(0-0-0),,True,2026-08-18T06:54:39.959Z,2026-08-18T06:54:39.959Z,2565
3fd36aa3-1b21-4758-a370-da72cc43825e,10300497,สหกิจศึกษา,Cooperative Education,0,0,0,0,0(0-0-0),,True,2026-08-18T06:54:39.953Z,2026-08-18T06:54:39.953Z,2565
f4abaa34-1c6e-4aa0-98d9-56616882da8a,10200504,การเป็นผู้ประกอบการ,Entrepreneurship,3,2,2,5,3(2-2-5),หมวดวิชาศึกษาทั่วไป กลุ่มการเป็นผู้ประกอบการ (ELO 5),True,2026-08-18T06:54:39.947Z,2026-08-18T06:54:39.947Z,2565
7c1a82df-6b74-4f0a-a3c1-2c7f76945d3f,10300410,ความฉลาดรู้ด้านวิทยาศาสตร์สำหรับโลกสมัยใหม่,Scientific Literacy for the Modern World,3,3,0,6,3(3-0-6),หมวดวิชาศึกษาทั่วไป กลุ่มการคิดคำนวณการใช้เหตุผลและเทคโนโลยี (ELO 4),True,2026-08-18T06:54:39.940Z,2026-08-18T06:54:39.940Z,2565
c16db456-27ff-42bd-ab82-ee90c14e5ef0,10301491,สัมมนาวิชาการทางวิทยาการคอมพิวเตอร์,Seminar in Computer Science,3,3,0,6,3(3-0-6),,True,2026-08-18T06:54:39.934Z,2026-08-18T06:54:39.934Z,2565
641c86b1-ff08-4308-b5c7-7b10a6aee3fb,10300411,วิทยาศาสตร์เพื่อชีวิต,Science for Life,3,2,2,5,3(2-2-5),หมวดวิชาศึกษาทั่วไป กลุ่มการคิดคำนวณการใช้เหตุผลและเทคโนโลยี (ELO 4),True,2026-08-18T06:54:39.928Z,2026-08-18T06:54:39.928Z,2565
d9184a74-a718-47b7-8cfd-72793e0cd052,10700320,ภาษาอังกฤษเพื่อการศึกษาต่อและการประกอบอาชีพ,English for Further Study and Careers,3,2,2,5,3(2-2-5),หมวดวิชาศึกษาทั่วไป กลุ่มวิชาภาษาและการสื่อสาร (ELO 3) รายวิชาภาษาต่างประเทศ,True,2026-08-18T06:54:39.922Z,2026-08-18T06:54:39.922Z,2565
4f9e0f88-c7f4-414c-a9ae-acace1c67519,10700105,มนุษย์ สังคม เทคโนโลยีและสิ่งแวดล้อม,"Man, Society, Technology and Environment",3,3,0,6,3(3-0-6),หมวดวิชาศึกษาทั่วไป กลุ่มวิชาสังคมและวัฒนธรรม (ELO 1),True,2026-08-18T06:54:39.916Z,2026-08-18T06:54:39.916Z,2565
103f1591-0044-465d-93af-0fabd8c2e029,10304205,ความน่าจะเป็นและสถิติ,Probability and Statistics,3,3,0,6,3(3-0-6),,True,2026-08-18T06:54:39.909Z,2026-08-18T06:54:39.909Z,2565
7375902c-18ec-4d41-8039-8eb94a8f0a12,10700313,ภาษาอังกฤษเชิงวิทยาศาสตร์และนวัตกรรม,English for Science and Innovation,3,2,2,5,3(2-2-5),หมวดวิชาศึกษาทั่วไป กลุ่มวิชาภาษาและการสื่อสาร (ELO 3),True,2026-08-18T06:54:39.903Z,2026-08-18T06:54:39.903Z,2565
851ce869-4316-45b2-86fe-66703cb9c92d,10700309,สนทนาภาษาอังกฤษ,English Conversation,3,2,2,5,3(2-2-5),หมวดวิชาศึกษาทั่วไป กลุ่มวิชาภาษาและการสื่อสาร (ELO 3) รายวิชาภาษาต่างประเทศ,True,2026-08-18T06:54:39.897Z,2026-08-18T06:54:39.897Z,2565
e4e7e727-e153-4a2a-bb32-0bc54e4ec69d,10800113,พลเมืองดิจิทัล,Digital Citizenship,3,3,0,6,3(3-0-6),หมวดวิชาศึกษาทั่วไป กลุ่มวิชาสังคมและวัฒนธรรม (ELO 1),True,2026-08-18T06:54:39.890Z,2026-08-18T06:54:39.890Z,2565
7e556c07-dfc4-4f15-9667-6f1b0c3c57db,10301113,คณิตศาสตร์ดีสครีต,Discrete Mathematics,3,3,0,6,3(3-0-6),,True,2026-08-18T06:54:39.884Z,2026-08-18T06:54:39.884Z,2565
cb8dbf5e-fa16-4f13-bf18-d11449108b71,10700308,ภาษาอังกฤษในชีวิตประจำวัน,English in Everyday Life,3,2,2,5,3(2-2-5),หมวดวิชาศึกษาทั่วไป กลุ่มวิชาภาษาและการสื่อสาร (ELO 3) รายวิชาภาษาต่างประเทศ,True,2026-08-18T06:54:39.878Z,2026-08-18T06:54:39.878Z,2565
b0ab34ab-e4b0-4ec0-9c99-d2f7a71e9b07,10700301,ภาษาไทยเพื่อการนำเสนอ,Thai for Presentation,3,2,2,5,3(2-2-5),หมวดวิชาศึกษาทั่วไป กลุ่มวิชาภาษาและการสื่อสาร (ELO 3) รายวิชาภาษาไทย,True,2026-08-18T06:54:39.870Z,2026-08-18T06:54:39.870Z,2565
74e0fb02-827e-4a35-b043-e4e260377815,10100214,เกษตรเพื่อชีวิต,Agriculture for Life,3,3,0,6,3(3-0-6),หมวดวิชาศึกษาทั่วไป กลุ่มคุณค่าความเป็นมนุษย์และการใช้ชีวิต (ELO 2),True,2026-08-18T06:54:39.863Z,2026-08-18T06:54:39.863Z,2565
