program_course_id,program_id,revision_year_be,category,group_id,group_name,group_required_credits,course_id,course_code,title_th,title_en,credits,credit_format
de9446ec-a790-4131-9aaa-d1e5fbd61f06,30274689-46d6-4552-89eb-f99f418f3c5f,2565,หมวดวิชาศึกษาทั่วไป,9f1ba495-c263-41f3-b998-b304457e9b67,กลุ่มสังคมและวัฒนธรรม (ELO 1),6,4f9e0f88-c7f4-414c-a9ae-acace1c67519,10700105,มนุษย์ สังคม เทคโนโลยีและสิ่งแวดล้อม,"Man, Society, Technology and Environment",3,3(3-0-6)
9b880190-07f3-4f70-9a8d-c475bc51cea9,30274689-46d6-4552-89eb-f99f418f3c5f,2565,หมวดวิชาศึกษาทั่วไป,9f1ba495-c263-41f3-b998-b304457e9b67,กลุ่มสังคมและวัฒนธรรม (ELO 1),6,e4e7e727-e153-4a2a-bb32-0bc54e4ec69d,10800113,พลเมืองดิจิทัล,Digital Citizenship,3,3(3-0-6)
db8872ed-b7b5-422c-a7e7-beecadb6735b,30274689-46d6-4552-89eb-f99f418f3c5f,2565,หมวดวิชาศึกษาทั่วไป,0c14a1e5-4cbd-4bbe-9b7d-e1735fc285d2,กลุ่มคุณค่าความเป็นมนุษย์และการใช้ชีวิต (ELO 2),3,74e0fb02-827e-4a35-b043-e4e260377815,10100214,เกษตรเพื่อชีวิต,Agriculture for Life,3,3(3-0-6)
f0f6832c-0110-45ba-b17d-ae4b9c8e6719,30274689-46d6-4552-89eb-f99f418f3c5f,2565,กลุ่มภาษาและการสื่อสาร (ELO 3),a3cf5f1a-ff16-4acf-9ac7-e998e1d82bc3,รายวิชาภาษาไทย,3,b0ab34ab-e4b0-4ec0-9c99-d2f7a71e9b07,10700301,ภาษาไทยเพื่อการนำเสนอ,Thai for Presentation,3,3(2-2-5)
525228a7-95fc-4838-ba2f-f62ba03046d9,30274689-46d6-4552-89eb-f99f418f3c5f,2565,กลุ่มภาษาและการสื่อสาร (ELO 3),40225020-b64e-40ed-89de-fb7e6b10d00d,รายวิชาภาษาต่างประเทศ,9,cb8dbf5e-fa16-4f13-bf18-d11449108b71,10700308,ภาษาอังกฤษในชีวิตประจำวัน,English in Everyday Life,3,3(2-2-5)
b2aa4c13-f751-4829-9252-ad07e3e54e7c,30274689-46d6-4552-89eb-f99f418f3c5f,2565,กลุ่มภาษาและการสื่อสาร (ELO 3),40225020-b64e-40ed-89de-fb7e6b10d00d,รายวิชาภาษาต่างประเทศ,9,851ce869-4316-45b2-86fe-66703cb9c92d,10700309,สนทนาภาษาอังกฤษ,English Conversation,3,3(2-2-5)
b42757c6-8045-48f5-927f-f662ceed48d2,30274689-46d6-4552-89eb-f99f418f3c5f,2565,กลุ่มภาษาและการสื่อสาร (ELO 3),40225020-b64e-40ed-89de-fb7e6b10d00d,รายวิชาภาษาต่างประเทศ,9,7375902c-18ec-4d41-8039-8eb94a8f0a12,10700313,ภาษาอังกฤษเชิงวิทยาศาสตร์และนวัตกรรม,English for Science and Innovation,3,3(2-2-5)
e254705a-89f1-4efc-873b-706c6e9dce20,30274689-46d6-4552-89eb-f99f418f3c5f,2565,หมวดวิชาศึกษาทั่วไป,69036cb6-d8ad-4059-aca1-b4c448b8f1de,กลุ่มการคิดคำนวณ การใช้เหตุผลและเทคโนโลยี(ELO 4),6,7c1a82df-6b74-4f0a-a3c1-2c7f76945d3f,10300410,ความฉลาดรู้ด้านวิทยาศาสตร์สำหรับโลกสมัยใหม่,Scientific Literacy for the Modern World,3,3(3-0-6)
dc8d9c1a-07e6-4500-9ebf-f073276af2a1,30274689-46d6-4552-89eb-f99f418f3c5f,2565,หมวดวิชาศึกษาทั่วไป,69036cb6-d8ad-4059-aca1-b4c448b8f1de,กลุ่มการคิดคำนวณ การใช้เหตุผลและเทคโนโลยี(ELO 4),6,641c86b1-ff08-4308-b5c7-7b10a6aee3fb,10300411,วิทยาศาสตร์เพื่อชีวิต,Science for Life,3,3(2-2-5)
df4118bb-454b-4e87-adfe-a80793e2e09e,30274689-46d6-4552-89eb-f99f418f3c5f,2565,หมวดวิชาศึกษาทั่วไป,9b48a9c3-63ec-48fb-969e-6d2dc8d96b35,กลุ่มการเป็นผู้ประกอบการ (ELO 5),3,f4abaa34-1c6e-4aa0-98d9-56616882da8a,10200504,การเป็นผู้ประกอบการ,Entrepreneurship,3,3(2-2-5)
18743095-281c-4ec8-aa7d-6c35d93a8cf0,30274689-46d6-4552-89eb-f99f418f3c5f,2565,หมวดวิชาเฉพาะ,2f1d888e-64c9-4cdf-854b-413c9a1c9c7a,กลุ่มวิชาแกน,18,ffe8661c-111b-4d93-9360-6350f8d47769,10301111,Course 10301111,Course 10301111,3,3(3-0-6)
a50afc91-2679-482e-957a-346b2598cd58,30274689-46d6-4552-89eb-f99f418f3c5f,2565,หมวดวิชาเฉพาะ,2f1d888e-64c9-4cdf-854b-413c9a1c9c7a,กลุ่มวิชาแกน,18,7e556c07-dfc4-4f15-9667-6f1b0c3c57db,10301113,คณิตศาสตร์ดีสครีต,Discrete Mathematics,3,3(3-0-6)
228242b7-768f-4f8a-b4d2-4c20b440138c,30274689-46d6-4552-89eb-f99f418f3c5f,2565,หมวดวิชาเฉพาะ,2f1d888e-64c9-4cdf-854b-413c9a1c9c7a,กลุ่มวิชาแกน,18,103f1591-0044-465d-93af-0fabd8c2e029,10304205,ความน่าจะเป็นและสถิติ,Probability and Statistics,3,3(3-0-6)
9604ecb6-0b6f-4505-9b08-543b7e9ac91a,30274689-46d6-4552-89eb-f99f418f3c5f,2565,หมวดวิชาเฉพาะ,2f1d888e-64c9-4cdf-854b-413c9a1c9c7a,กลุ่มวิชาแกน,18,87e4b06a-33c9-4db9-82b1-73d0eaa29ee0,10305108,Course 10305108,Course 10305108,3,3(3-0-6)
2f07d412-2c2a-4327-8c11-051fbdb6e8db,30274689-46d6-4552-89eb-f99f418f3c5f,2565,หมวดวิชาเฉพาะ,2f1d888e-64c9-4cdf-854b-413c9a1c9c7a,กลุ่มวิชาแกน,18,3e79bab4-21f7-42f6-a759-a2b826a9fd9e,10301211,Course 10301211,Course 10301211,3,3(3-0-6)
79542744-ef7f-4c89-95d7-c256ecf4fc25,30274689-46d6-4552-89eb-f99f418f3c5f,2565,หมวดวิชาเฉพาะ,2f1d888e-64c9-4cdf-854b-413c9a1c9c7a,กลุ่มวิชาแกน,18,d9184a74-a718-47b7-8cfd-72793e0cd052,10700320,ภาษาอังกฤษเพื่อการศึกษาต่อและการประกอบอาชีพ,English for Further Study and Careers,3,3(2-2-5)
c8c4529b-918e-40b8-becc-d69a9b66fdf9,30274689-46d6-4552-89eb-f99f418f3c5f,2565,หมวดวิชาเฉพาะ,92b08fda-ccd2-4100-9438-3a55b4607c96,กลุ่มวิชาเอกบังคับ,45,1d0cd686-741a-435c-a8ae-66a8ac2f09a6,10301112,Course 10301112,Course 10301112,3,3(3-0-6)
8019299b-b45d-42c3-a413-a68342c29f2c,30274689-46d6-4552-89eb-f99f418f3c5f,2565,หมวดวิชาเฉพาะ,92b08fda-ccd2-4100-9438-3a55b4607c96,กลุ่มวิชาเอกบังคับ,45,dfc37723-6aa9-41dc-b4c0-26f85970067f,10301114,Course 10301114,Course 10301114,3,3(3-0-6)
2c0e926d-e84e-4830-be16-b5893fa61e01,30274689-46d6-4552-89eb-f99f418f3c5f,2565,หมวดวิชาเฉพาะ,92b08fda-ccd2-4100-9438-3a55b4607c96,กลุ่มวิชาเอกบังคับ,45,4259d9b9-9c7c-4507-ab7f-f346e367d0de,10301141,Course 10301141,Course 10301141,3,3(3-0-6)
a410fd14-2e2e-4302-a975-e03444cd64cc,30274689-46d6-4552-89eb-f99f418f3c5f,2565,หมวดวิชาเฉพาะ,92b08fda-ccd2-4100-9438-3a55b4607c96,กลุ่มวิชาเอกบังคับ,45,1ec67f19-82d3-4b5f-a3fc-76284b7c5074,10301212,Course 10301212,Course 10301212,3,3(3-0-6)
88b37d63-a0f2-4753-9b42-c7a54d7d9656,30274689-46d6-4552-89eb-f99f418f3c5f,2565,หมวดวิชาเฉพาะ,92b08fda-ccd2-4100-9438-3a55b4607c96,กลุ่มวิชาเอกบังคับ,45,f5e55201-a92a-48b9-adcc-da8774b518b6,10301221,Course 10301221,Course 10301221,3,3(3-0-6)
49d3a5ff-85d0-4005-b7de-d0993527f188,30274689-46d6-4552-89eb-f99f418f3c5f,2565,หมวดวิชาเฉพาะ,92b08fda-ccd2-4100-9438-3a55b4607c96,กลุ่มวิชาเอกบังคับ,45,c18c64ed-a7f6-416b-9a98-21e563da9502,10301222,Course 10301222,Course 10301222,3,3(3-0-6)
7d496247-5d35-4c18-b292-1d54b62da8eb,30274689-46d6-4552-89eb-f99f418f3c5f,2565,หมวดวิชาเฉพาะ,92b08fda-ccd2-4100-9438-3a55b4607c96,กลุ่มวิชาเอกบังคับ,45,2d2083de-823d-4a01-a676-207834ba262d,10301223,Course 10301223,Course 10301223,3,3(3-0-6)
7e9ea7d8-2e03-4533-9559-46cb3316a73f,30274689-46d6-4552-89eb-f99f418f3c5f,2565,หมวดวิชาเฉพาะ,92b08fda-ccd2-4100-9438-3a55b4607c96,กลุ่มวิชาเอกบังคับ,45,1e5ffdcd-418e-4625-bbf6-cf7d9e250b53,10301224,Course 10301224,Course 10301224,3,3(3-0-6)
4e8ebdf0-a009-49b8-b7e8-18bdf783deb9,30274689-46d6-4552-89eb-f99f418f3c5f,2565,หมวดวิชาเฉพาะ,92b08fda-ccd2-4100-9438-3a55b4607c96,กลุ่มวิชาเอกบังคับ,45,8893a731-0195-4f0a-84b5-6e47082031bc,10301225,Course 10301225,Course 10301225,3,3(3-0-6)
3c2efe47-4b67-4fce-8dd9-2690f6e89351,30274689-46d6-4552-89eb-f99f418f3c5f,2565,หมวดวิชาเฉพาะ,92b08fda-ccd2-4100-9438-3a55b4607c96,กลุ่มวิชาเอกบังคับ,45,a568e0ee-5b15-4703-9e82-d6a0bb7ab37e,10301231,Course 10301231,Course 10301231,3,3(3-0-6)
af1ad83b-d98a-4f69-a9cf-2bbd21e16ff7,30274689-46d6-4552-89eb-f99f418f3c5f,2565,หมวดวิชาเฉพาะ,92b08fda-ccd2-4100-9438-3a55b4607c96,กลุ่มวิชาเอกบังคับ,45,7b6321c2-6516-4ed2-8650-f0cb9b8c2355,10301232,Course 10301232,Course 10301232,3,3(3-0-6)
dd2e77db-cb19-46f3-aa7d-1fbb3620b8e9,30274689-46d6-4552-89eb-f99f418f3c5f,2565,หมวดวิชาเฉพาะ,92b08fda-ccd2-4100-9438-3a55b4607c96,กลุ่มวิชาเอกบังคับ,45,50029a76-5db6-4542-a308-32312f2b6b97,10301233,Course 10301233,Course 10301233,3,3(3-0-6)
dc8ccc9d-198e-4038-94b3-fd2d7ca231c8,30274689-46d6-4552-89eb-f99f418f3c5f,2565,หมวดวิชาเฉพาะ,92b08fda-ccd2-4100-9438-3a55b4607c96,กลุ่มวิชาเอกบังคับ,45,c16db456-27ff-42bd-ab82-ee90c14e5ef0,10301491,สัมมนาวิชาการทางวิทยาการคอมพิวเตอร์,Seminar in Computer Science,3,3(3-0-6)
fbd20a37-cc28-4cbd-b03c-a139f1dc086d,30274689-46d6-4552-89eb-f99f418f3c5f,2565,หมวดวิชาเฉพาะ,92b08fda-ccd2-4100-9438-3a55b4607c96,กลุ่มวิชาเอกบังคับ,45,3fd36aa3-1b21-4758-a370-da72cc43825e,10300497,สหกิจศึกษา,Cooperative Education,0,0(0-0-0)
85b015f2-c048-4d5a-9d4d-2fddb64deb36,30274689-46d6-4552-89eb-f99f418f3c5f,2565,หมวดวิชาเฉพาะ,92b08fda-ccd2-4100-9438-3a55b4607c96,กลุ่มวิชาเอกบังคับ,45,27f09671-2e03-4adc-8071-d416e78923b2,10300498,การเรียนรู้อิสระ,Independent Study,0,0(0-0-0)
f38220d6-a9bd-46e8-9426-a6c14c47accd,30274689-46d6-4552-89eb-f99f418f3c5f,2565,หมวดวิชาเฉพาะ,92b08fda-ccd2-4100-9438-3a55b4607c96,กลุ่มวิชาเอกบังคับ,45,d8d59106-a196-494a-bfc1-4e6ed558b121,10300499,การศึกษา หรือ ฝึกงาน หรือฝึกอบรมต่างประเทศ,Study or Internship or Training Abroad,0,0(0-0-0)
7ab21698-5447-43f7-affe-ecb2f75364ce,30274689-46d6-4552-89eb-f99f418f3c5f,2565,กลุ่มวิชาเอกเลือก,6c4088e4-23b0-4840-8c7f-ff8067b945a7,กลุ่มวิชาความรู้พื้นฐานทางวิทยาการคอมพิวเตอร์(Fundamental Computer Science),12,5a6b80c8-5754-4539-a265-088cd1abbe70,10301311,Course 10301311,Course 10301311,3,3(3-0-6)
7b05094c-c4d7-4be7-a026-2370d7e886ac,30274689-46d6-4552-89eb-f99f418f3c5f,2565,กลุ่มวิชาเอกเลือก,6c4088e4-23b0-4840-8c7f-ff8067b945a7,กลุ่มวิชาความรู้พื้นฐานทางวิทยาการคอมพิวเตอร์(Fundamental Computer Science),12,8b3c93a3-faf7-4d27-91fd-a794db1d0c23,10301312,Course 10301312,Course 10301312,3,3(3-0-6)
8997b2de-8849-4803-8852-4e6186bf7571,30274689-46d6-4552-89eb-f99f418f3c5f,2565,กลุ่มวิชาเอกเลือก,6c4088e4-23b0-4840-8c7f-ff8067b945a7,กลุ่มวิชาความรู้พื้นฐานทางวิทยาการคอมพิวเตอร์(Fundamental Computer Science),12,154af2f8-f015-40ff-b0bd-3480ba87ce00,10301313,Course 10301313,Course 10301313,3,3(3-0-6)
49ba6671-fb75-4be7-8089-6bcc4db6e247,30274689-46d6-4552-89eb-f99f418f3c5f,2565,กลุ่มวิชาเอกเลือก,6c4088e4-23b0-4840-8c7f-ff8067b945a7,กลุ่มวิชาความรู้พื้นฐานทางวิทยาการคอมพิวเตอร์(Fundamental Computer Science),12,6c29d6f6-326f-4f07-a705-fa9d3c018ffa,10301314,Course 10301314,Course 10301314,3,3(3-0-6)
9f22fb74-e52e-4c15-b4ed-ab8618c8305c,30274689-46d6-4552-89eb-f99f418f3c5f,2565,กลุ่มวิชาเอกเลือก,9b3ab411-88db-431e-b5cb-a02b3a24a917,กลุ่มวิชาการพัฒนาระบบแอปพลิเคชัน (Application Development),18,9eff65e8-8404-4ec8-a1a6-1fcc1ab74d6e,10301331,Course 10301331,Course 10301331,3,3(3-0-6)
4337a3eb-e4c3-48b9-a37c-77092f2aaf45,30274689-46d6-4552-89eb-f99f418f3c5f,2565,กลุ่มวิชาเอกเลือก,9b3ab411-88db-431e-b5cb-a02b3a24a917,กลุ่มวิชาการพัฒนาระบบแอปพลิเคชัน (Application Development),18,9ffda06f-7036-433b-bb89-78f95065cd29,10301332,Course 10301332,Course 10301332,3,3(3-0-6)
3366ff0c-a0f7-4baf-8429-46733be22484,30274689-46d6-4552-89eb-f99f418f3c5f,2565,กลุ่มวิชาเอกเลือก,9b3ab411-88db-431e-b5cb-a02b3a24a917,กลุ่มวิชาการพัฒนาระบบแอปพลิเคชัน (Application Development),18,aa96d3f5-c5c1-4ef6-af24-0c8f552e4f40,10301333,Course 10301333,Course 10301333,3,3(3-0-6)
9f9eae69-e32d-425f-be24-d61807e63ac0,30274689-46d6-4552-89eb-f99f418f3c5f,2565,กลุ่มวิชาเอกเลือก,9b3ab411-88db-431e-b5cb-a02b3a24a917,กลุ่มวิชาการพัฒนาระบบแอปพลิเคชัน (Application Development),18,46174b68-88c0-4b17-8aae-c32dbff0b170,10301334,Course 10301334,Course 10301334,3,3(3-0-6)
d04916d6-daa3-465e-95f5-2c7f6227a4b4,30274689-46d6-4552-89eb-f99f418f3c5f,2565,กลุ่มวิชาเอกเลือก,9b3ab411-88db-431e-b5cb-a02b3a24a917,กลุ่มวิชาการพัฒนาระบบแอปพลิเคชัน (Application Development),18,294d8bf6-bb57-4491-899c-822bffaba605,10301335,Course 10301335,Course 10301335,3,3(3-0-6)
1726634f-dbba-4ccf-be58-e7fb8d1cd272,30274689-46d6-4552-89eb-f99f418f3c5f,2565,กลุ่มวิชาเอกเลือก,9b3ab411-88db-431e-b5cb-a02b3a24a917,กลุ่มวิชาการพัฒนาระบบแอปพลิเคชัน (Application Development),18,60c78159-1dd4-4da9-88f9-7792ba44c9ed,10301336,Course 10301336,Course 10301336,3,3(3-0-6)
a45919da-e26c-4b1e-a166-e9459aae5399,30274689-46d6-4552-89eb-f99f418f3c5f,2565,กลุ่มวิชาเอกเลือก,3cfeea9e-ca94-4ad3-8d77-b9a3eb4a6fc7,กลุ่มวิชาระบบเครือข่าย (Network System),21,91132883-0bab-4325-9613-49d399962940,10301341,Course 10301341,Course 10301341,3,3(3-0-6)
3f1df0b3-4d67-475a-b7db-c5ffc3c5d834,30274689-46d6-4552-89eb-f99f418f3c5f,2565,กลุ่มวิชาเอกเลือก,3cfeea9e-ca94-4ad3-8d77-b9a3eb4a6fc7,กลุ่มวิชาระบบเครือข่าย (Network System),21,018e6d35-aaee-425c-9199-0785c413801e,10301342,Course 10301342,Course 10301342,3,3(3-0-6)
c2e19ddd-1d7d-4e82-a899-04cab3224ba0,30274689-46d6-4552-89eb-f99f418f3c5f,2565,กลุ่มวิชาเอกเลือก,3cfeea9e-ca94-4ad3-8d77-b9a3eb4a6fc7,กลุ่มวิชาระบบเครือข่าย (Network System),21,1041c703-21ca-497e-9d26-51fdbc811829,10301343,Course 10301343,Course 10301343,3,3(3-0-6)
5fe19f3d-176d-4016-9a9d-93c884a7107c,30274689-46d6-4552-89eb-f99f418f3c5f,2565,กลุ่มวิชาเอกเลือก,3cfeea9e-ca94-4ad3-8d77-b9a3eb4a6fc7,กลุ่มวิชาระบบเครือข่าย (Network System),21,a8bb43d8-fbf6-47cb-a3a9-51a96ef4f823,10301344,Course 10301344,Course 10301344,3,3(3-0-6)
ee749eeb-ab94-400e-ab91-832a6e76b84d,30274689-46d6-4552-89eb-f99f418f3c5f,2565,กลุ่มวิชาเอกเลือก,3cfeea9e-ca94-4ad3-8d77-b9a3eb4a6fc7,กลุ่มวิชาระบบเครือข่าย (Network System),21,e6fdb222-600f-4f8d-81c8-5648f4dfd64a,10301345,Course 10301345,Course 10301345,3,3(3-0-6)
137d025a-c4b0-4cc7-b016-d5b40f5eb298,30274689-46d6-4552-89eb-f99f418f3c5f,2565,กลุ่มวิชาเอกเลือก,3cfeea9e-ca94-4ad3-8d77-b9a3eb4a6fc7,กลุ่มวิชาระบบเครือข่าย (Network System),21,2bd6395e-7e3b-47e8-b239-316a4f6a7221,10301346,Course 10301346,Course 10301346,3,3(3-0-6)
17c5f034-ce7b-4bff-98e1-87756b8fbc2b,30274689-46d6-4552-89eb-f99f418f3c5f,2565,กลุ่มวิชาเอกเลือก,3cfeea9e-ca94-4ad3-8d77-b9a3eb4a6fc7,กลุ่มวิชาระบบเครือข่าย (Network System),21,679f5481-0f8c-498c-871a-85740983eadd,10301347,Course 10301347,Course 10301347,3,3(3-0-6)
19b5acd1-b39f-4998-a858-a2221e4d685b,30274689-46d6-4552-89eb-f99f418f3c5f,2565,กลุ่มวิชาเอกเลือก,fe1ba98d-9b72-4148-b487-4ba91da327b3,กลุ่มวิชาวิทยาการข้อมูล (Data Science),32,969df052-2643-40df-b1ed-8d7080bcf98a,10301351,การประมวลผลแบบกลุ่มเมฆ,Cloud Computing,3,3(2-3-5)
8f40ea3f-96b3-4df9-ac70-e45dd5f61cfc,30274689-46d6-4552-89eb-f99f418f3c5f,2565,กลุ่มวิชาเอกเลือก,fe1ba98d-9b72-4148-b487-4ba91da327b3,กลุ่มวิชาวิทยาการข้อมูล (Data Science),32,06880c76-da10-4e3c-9120-2403c1733890,10301352,อินเทอร์เน็ตในทุกสิ่ง,Internet of Things,3,3(2-3-5)
d1fe8e73-062a-494b-94a6-518f987c7053,30274689-46d6-4552-89eb-f99f418f3c5f,2565,กลุ่มวิชาเอกเลือก,fe1ba98d-9b72-4148-b487-4ba91da327b3,กลุ่มวิชาวิทยาการข้อมูล (Data Science),32,852372ea-643e-470c-ba05-f24b5e713e15,10301353,ตรรกศาสตร์เชิงดิจิทัลและอุปกรณ์อัจฉริยะ,Digital Logic and Intelligent Devices,3,3(2-3-5)
f2562124-c8bd-4a5b-b50c-3c69e8b93e40,30274689-46d6-4552-89eb-f99f418f3c5f,2565,กลุ่มวิชาเอกเลือก,fe1ba98d-9b72-4148-b487-4ba91da327b3,กลุ่มวิชาวิทยาการข้อมูล (Data Science),32,45378b5e-b9c4-4737-a321-2febe8cac684,10301354,ความมั่นคงปลอดภัยไซเบอร์,Cybersecurity,3,3(2-3-5)
335587b8-e4f8-41a1-be98-08657111b892,30274689-46d6-4552-89eb-f99f418f3c5f,2565,กลุ่มวิชาเอกเลือก,fe1ba98d-9b72-4148-b487-4ba91da327b3,กลุ่มวิชาวิทยาการข้อมูล (Data Science),32,0e1e3866-fe75-4a4f-adc2-4df70bd844f7,10301355,การประมวลผลเชิงควอนตัม,Quantum Computing,3,3(2-3-5)
14a4d049-db54-46af-bc4a-459cfb673381,30274689-46d6-4552-89eb-f99f418f3c5f,2565,กลุ่มวิชาเอกเลือก,fe1ba98d-9b72-4148-b487-4ba91da327b3,กลุ่มวิชาวิทยาการข้อมูล (Data Science),32,1ae6ddf6-fc46-43b5-ac39-55be500de897,10301356,การประมวลผลสัญญาณดิจิทัล,Digital Signal Processing,3,3(2-3-5)
d7e080d4-36f1-45c9-b826-ba7473191c7a,30274689-46d6-4552-89eb-f99f418f3c5f,2565,กลุ่มวิชาเอกเลือก,fe1ba98d-9b72-4148-b487-4ba91da327b3,กลุ่มวิชาวิทยาการข้อมูล (Data Science),32,53939b23-7686-4947-b1ea-8b590b98f3b1,10301357,วิศวกรรมเครือข่ายคอมพิวเตอร์,Computer Network Engineering,3,3(2-3-5)
c707944d-2529-49c6-bc21-85fa9c9a2f7e,30274689-46d6-4552-89eb-f99f418f3c5f,2565,กลุ่มวิชาเอกเลือก,fe1ba98d-9b72-4148-b487-4ba91da327b3,กลุ่มวิชาวิทยาการข้อมูล (Data Science),32,45a9f855-77a6-48a9-b689-6aa2ec4449a3,10301358,Course 10301358,Course 10301358,3,3(3-0-6)
d8d5f06b-183f-4e06-87b6-84b4a858e156,30274689-46d6-4552-89eb-f99f418f3c5f,2565,กลุ่มวิชาเอกเลือก,7c678788-15be-4b3a-a88a-2849279c2ed1,กลุ่มวิชาอินเทอร์เน็ตในทุกสิ่ง (Internet of Things),21,0a627c22-a927-4ad9-8201-601b16227c18,10301361,Course 10301361,Course 10301361,3,3(3-0-6)
42c1d7d7-0424-4eed-a9ac-941b6f35b0f7,30274689-46d6-4552-89eb-f99f418f3c5f,2565,กลุ่มวิชาเอกเลือก,7c678788-15be-4b3a-a88a-2849279c2ed1,กลุ่มวิชาอินเทอร์เน็ตในทุกสิ่ง (Internet of Things),21,77f83ffd-6653-4ab3-aadb-5024dc22083a,10301362,Course 10301362,Course 10301362,3,3(3-0-6)
e12003f7-0055-4a0e-810a-a4dd6482247f,30274689-46d6-4552-89eb-f99f418f3c5f,2565,กลุ่มวิชาเอกเลือก,7c678788-15be-4b3a-a88a-2849279c2ed1,กลุ่มวิชาอินเทอร์เน็ตในทุกสิ่ง (Internet of Things),21,df7a85cf-c48c-45b8-bd0e-f54d26c5756c,10301363,Course 10301363,Course 10301363,3,3(3-0-6)
e0e8104a-fd63-44e9-a3de-39100170d324,30274689-46d6-4552-89eb-f99f418f3c5f,2565,กลุ่มวิชาเอกเลือก,7c678788-15be-4b3a-a88a-2849279c2ed1,กลุ่มวิชาอินเทอร์เน็ตในทุกสิ่ง (Internet of Things),21,398ccebf-624d-4a16-941f-f47d0576720f,10301364,Course 10301364,Course 10301364,3,3(3-0-6)
fb7d1452-167a-431a-ae9d-cfef747aa0f3,30274689-46d6-4552-89eb-f99f418f3c5f,2565,กลุ่มวิชาเอกเลือก,7c678788-15be-4b3a-a88a-2849279c2ed1,กลุ่มวิชาอินเทอร์เน็ตในทุกสิ่ง (Internet of Things),21,5db0b8db-6741-4a84-9dba-c5ee9372ac8f,10301365,Course 10301365,Course 10301365,3,3(3-0-6)
88e50ca8-48ed-49a6-8c51-98dcfbd8fc57,30274689-46d6-4552-89eb-f99f418f3c5f,2565,กลุ่มวิชาเอกเลือก,7c678788-15be-4b3a-a88a-2849279c2ed1,กลุ่มวิชาอินเทอร์เน็ตในทุกสิ่ง (Internet of Things),21,42fb1309-0863-48c8-bdde-4b7654334478,10301366,Course 10301366,Course 10301366,3,3(3-0-6)
7a64a897-5e66-4cc6-8501-e479e9832be1,30274689-46d6-4552-89eb-f99f418f3c5f,2565,กลุ่มวิชาเอกเลือก,7c678788-15be-4b3a-a88a-2849279c2ed1,กลุ่มวิชาอินเทอร์เน็ตในทุกสิ่ง (Internet of Things),21,16c4659e-916b-49f9-9425-49c26cda5cae,10301367,Course 10301367,Course 10301367,3,3(3-0-6)
00ea159f-0d56-4880-ab81-1ac63630a5cf,30274689-46d6-4552-89eb-f99f418f3c5f,2565,กลุ่มวิชาเอกเลือก,729fcecc-ceda-460f-9010-205dbb7426a1,กลุ่มวิชาปัญญาประดิษฐ์ (Artificial Intelligence),27,c7b353aa-c13c-4ae5-9c56-4cbd7cbc5ae7,10301371,Course 10301371,Course 10301371,3,3(3-0-6)
42ada323-5ebe-48e3-9ff7-71497e31dcb8,30274689-46d6-4552-89eb-f99f418f3c5f,2565,กลุ่มวิชาเอกเลือก,729fcecc-ceda-460f-9010-205dbb7426a1,กลุ่มวิชาปัญญาประดิษฐ์ (Artificial Intelligence),27,61e4f7cc-3896-483b-b226-99073e67a124,10301372,Course 10301372,Course 10301372,3,3(3-0-6)
0b727a27-3faf-4ff8-95c5-6224b6703359,30274689-46d6-4552-89eb-f99f418f3c5f,2565,กลุ่มวิชาเอกเลือก,729fcecc-ceda-460f-9010-205dbb7426a1,กลุ่มวิชาปัญญาประดิษฐ์ (Artificial Intelligence),27,e45007fe-4543-468a-b9d0-c2eecde572a4,10301373,Course 10301373,Course 10301373,3,3(3-0-6)
3c4f3c8a-0356-4d4b-8f3d-e700e88608ea,30274689-46d6-4552-89eb-f99f418f3c5f,2565,กลุ่มวิชาเอกเลือก,729fcecc-ceda-460f-9010-205dbb7426a1,กลุ่มวิชาปัญญาประดิษฐ์ (Artificial Intelligence),27,798f007f-4021-4240-877d-097720522999,10301374,Course 10301374,Course 10301374,3,3(3-0-6)
5a0a6ee4-311a-44a9-b079-88a7908c85cf,30274689-46d6-4552-89eb-f99f418f3c5f,2565,กลุ่มวิชาเอกเลือก,729fcecc-ceda-460f-9010-205dbb7426a1,กลุ่มวิชาปัญญาประดิษฐ์ (Artificial Intelligence),27,2cbd5e31-bfa2-4084-a22c-070c961315c2,10301375,Course 10301375,Course 10301375,3,3(3-0-6)
46128e00-a075-43ff-a8c4-def0138dfce9,30274689-46d6-4552-89eb-f99f418f3c5f,2565,กลุ่มวิชาเอกเลือก,729fcecc-ceda-460f-9010-205dbb7426a1,กลุ่มวิชาปัญญาประดิษฐ์ (Artificial Intelligence),27,cf1dc532-3a55-46a9-b326-8aae14bf779f,10301376,Course 10301376,Course 10301376,3,3(3-0-6)
0ac3e1b2-9c6b-4893-b2a5-6bcfb5f16547,30274689-46d6-4552-89eb-f99f418f3c5f,2565,กลุ่มวิชาเอกเลือก,729fcecc-ceda-460f-9010-205dbb7426a1,กลุ่มวิชาปัญญาประดิษฐ์ (Artificial Intelligence),27,78f1c162-298d-4d7a-8992-8fd117c73891,10301377,Course 10301377,Course 10301377,3,3(3-0-6)
f51bbb71-6387-442a-9ff5-4ba39c15935e,30274689-46d6-4552-89eb-f99f418f3c5f,2565,กลุ่มวิชาเอกเลือก,729fcecc-ceda-460f-9010-205dbb7426a1,กลุ่มวิชาปัญญาประดิษฐ์ (Artificial Intelligence),27,6b4386a8-1356-4a76-947c-3d5192a7babb,10301378,Course 10301378,Course 10301378,3,3(3-0-6)
bcc68a24-1674-4512-9423-1bd360482054,30274689-46d6-4552-89eb-f99f418f3c5f,2565,กลุ่มวิชาเอกเลือก,729fcecc-ceda-460f-9010-205dbb7426a1,กลุ่มวิชาปัญญาประดิษฐ์ (Artificial Intelligence),27,fb6fbcae-81eb-4a76-923f-3784d0919310,10301379,Course 10301379,Course 10301379,3,3(3-0-6)
9097155d-29fa-4337-88bd-8702217d5093,30274689-46d6-4552-89eb-f99f418f3c5f,2565,กลุ่มวิชาเอกเลือก,d43e88d7-6767-4d81-8f35-d811d8a65539,กลุ่มวิชาการประยุกต์งานด้านธุรกิจ (Computer Science for Business),15,af977e2f-c1e0-4d0f-9e79-663ac1238f5d,10301381,Course 10301381,Course 10301381,3,3(3-0-6)
9f8167e5-8894-43ee-ab08-00037a15f75d,30274689-46d6-4552-89eb-f99f418f3c5f,2565,กลุ่มวิชาเอกเลือก,d43e88d7-6767-4d81-8f35-d811d8a65539,กลุ่มวิชาการประยุกต์งานด้านธุรกิจ (Computer Science for Business),15,6e4ec36b-c06f-4932-98f4-f8e2354b141f,10301382,Course 10301382,Course 10301382,3,3(3-0-6)
7f14fce7-007f-412e-9409-e50efb61d7e7,30274689-46d6-4552-89eb-f99f418f3c5f,2565,กลุ่มวิชาเอกเลือก,d43e88d7-6767-4d81-8f35-d811d8a65539,กลุ่มวิชาการประยุกต์งานด้านธุรกิจ (Computer Science for Business),15,686ef30f-3049-4fe1-a527-f42c10d36ec5,10301383,Course 10301383,Course 10301383,3,3(3-0-6)
3b84c881-3b38-471c-9afc-573b4b9aa5aa,30274689-46d6-4552-89eb-f99f418f3c5f,2565,กลุ่มวิชาเอกเลือก,d43e88d7-6767-4d81-8f35-d811d8a65539,กลุ่มวิชาการประยุกต์งานด้านธุรกิจ (Computer Science for Business),15,72d913c1-f80d-4859-83b5-cba3e20116bb,10301384,Course 10301384,Course 10301384,3,3(3-0-6)
9d4be316-2445-493b-9ab5-05f04e76b725,30274689-46d6-4552-89eb-f99f418f3c5f,2565,กลุ่มวิชาเอกเลือก,d43e88d7-6767-4d81-8f35-d811d8a65539,กลุ่มวิชาการประยุกต์งานด้านธุรกิจ (Computer Science for Business),15,bd72fb94-835e-4797-9a71-f8a24e2563ad,10301385,Course 10301385,Course 10301385,3,3(3-0-6)
3b94d8e9-f958-4e81-8327-b7757f872961,30274689-46d6-4552-89eb-f99f418f3c5f,2565,กลุ่มวิชาเอกเลือก,aaf0e23f-dc11-49d1-9171-608d0e3d37ea,กลุ่มวิชาหัวข้อพิเศษ (Special Topics),6,936f3a20-46a3-48e3-9cd8-701ae97701a0,10301391,Course 10301391,Course 10301391,3,3(3-0-6)
c9c18b89-d836-47e8-9231-661741c6c547,30274689-46d6-4552-89eb-f99f418f3c5f,2565,กลุ่มวิชาเอกเลือก,aaf0e23f-dc11-49d1-9171-608d0e3d37ea,กลุ่มวิชาหัวข้อพิเศษ (Special Topics),6,a1a3180d-6058-4642-a018-161d9226bac4,10301392,Course 10301392,Course 10301392,3,3(3-0-6)
6114bced-baee-4146-b739-b6e469592b6c,d7b54fbf-46cd-4982-984e-36ca370d884e,2570,สมรรถนะด้านภาษาและการสื่อสาร,5ed47c4c-cac7-4a1b-894e-522fdefb348e,รายวิชาภาษาไทย (2570),3,5ced78a4-de77-47c4-955e-bd30591530bb,10700101,ภาษาไทยเพื่อการนำเสนอ,Thai Language for Presentation,3,3(2-2-5)
cf91e19b-a1ec-43cd-817c-c6d236de42dc,d7b54fbf-46cd-4982-984e-36ca370d884e,2570,สมรรถนะด้านภาษาและการสื่อสาร,5ed47c4c-cac7-4a1b-894e-522fdefb348e,รายวิชาภาษาไทย (2570),3,4eb1d554-ae10-4cf7-ae3d-bb58c475507e,10700102,ภาษาไทยเพื่อการสื่อสาร,Thai Language for Communication,3,3(2-2-5)
4c7bb79f-d81a-4131-a3ab-0d12b573b65b,d7b54fbf-46cd-4982-984e-36ca370d884e,2570,สมรรถนะด้านภาษาและการสื่อสาร,9443720d-6b7d-4618-bb79-df8032270e1a,รายวิชาภาษาต่างประเทศ (2570),9,7190bb1d-d2d3-42a0-823a-da83fb912313,10700104,ภาษาอังกฤษในชีวิตประจำวัน,English for Everyday Life,3,3(2-2-5)
f4523911-2781-4a1f-b5e2-83b6d418ef3a,d7b54fbf-46cd-4982-984e-36ca370d884e,2570,สมรรถนะด้านภาษาและการสื่อสาร,9443720d-6b7d-4618-bb79-df8032270e1a,รายวิชาภาษาต่างประเทศ (2570),9,03c4cefc-55e1-45e5-8405-fa23d856145c,10700105-68,ภาษาอังกฤษเบื้องต้นสำหรับธุรกิจและสตาร์ทอัพ,Basic English for Business Startups,3,3(2-2-5)
0a3a4690-8860-4123-a0a9-a4f98f46332e,d7b54fbf-46cd-4982-984e-36ca370d884e,2570,สมรรถนะด้านภาษาและการสื่อสาร,9443720d-6b7d-4618-bb79-df8032270e1a,รายวิชาภาษาต่างประเทศ (2570),9,5325dadc-1a21-4107-a4b8-5dd4f0d37bf1,10700106,ภาษาอังกฤษผ่านวัฒนธรรมป๊อป,English through Pop Culture,3,3(2-2-5)
1508e40f-9891-4081-8e29-ecefdce1857d,d7b54fbf-46cd-4982-984e-36ca370d884e,2570,สมรรถนะด้านภาษาและการสื่อสาร,9443720d-6b7d-4618-bb79-df8032270e1a,รายวิชาภาษาต่างประเทศ (2570),9,a5f89b6e-7cda-4eb8-bc07-8fe3a272479f,10700107,ภาษาอังกฤษเพื่อการเกษตรอัจฉริยะและยั่งยืน,English for Smart and Sustainable Agriculture,3,3(3-0-6)
aeb75a99-7cc4-4373-a419-7f13e936e16f,d7b54fbf-46cd-4982-984e-36ca370d884e,2570,สมรรถนะด้านภาษาและการสื่อสาร,9443720d-6b7d-4618-bb79-df8032270e1a,รายวิชาภาษาต่างประเทศ (2570),9,b71af719-e021-4503-86c0-c305fef8b41a,10700108,สมาร์ตทอล์ก,Smart Talk,3,3(2-2-5)
08001858-9e48-4612-aff5-226cb1c089c8,d7b54fbf-46cd-4982-984e-36ca370d884e,2570,หมวดวิชาศึกษาทั่วไป (2570),ddd4bf66-757e-4b27-96cb-e6e0749d9b2d,สมรรถนะด้านสังคมและความเป็นมนุษย์,3,360c8cac-f939-4549-ba8b-a70c3ad831ef,10100202,วิถีเกษตรกับสุนทรียภาพในชีวิตประจำวัน,Agri-Aesthetics and Everyday Life,3,3(3-0-6)
8ed311d9-b03b-4dd7-96b9-16131f0d829d,d7b54fbf-46cd-4982-984e-36ca370d884e,2570,กลุ่มวิชาพื้นฐานวิชาชีพและวิชาชีพ (2570),772c6971-0bb6-4ec8-857a-be2b32136003,กลุ่มวิชาปัญญาประดิษฐ์และวิทยาการข้อมูล (Artificial Intelligence & Data Science),27,809e8281-d2e3-4d8b-9224-acc4ab49b4f3,10301335-68,การเรียนรู้ของเครื่องจักร,Machine Learning,3,3(2-3-5)
ce059c5a-8db1-4f87-b76c-7a609137b8d4,d7b54fbf-46cd-4982-984e-36ca370d884e,2570,กลุ่มวิชาพื้นฐานวิชาชีพและวิชาชีพ (2570),772c6971-0bb6-4ec8-857a-be2b32136003,กลุ่มวิชาปัญญาประดิษฐ์และวิทยาการข้อมูล (Artificial Intelligence & Data Science),27,379f3765-284b-45c4-8a1f-bc7785011e70,10301336-68,คอมพิวเตอร์วิทัศน์,Computer Vision,3,3(2-3-5)
1d3e3351-dd69-4bec-931c-1f50ece581a7,d7b54fbf-46cd-4982-984e-36ca370d884e,2570,กลุ่มวิชาพื้นฐานวิชาชีพและวิชาชีพ (2570),772c6971-0bb6-4ec8-857a-be2b32136003,กลุ่มวิชาปัญญาประดิษฐ์และวิทยาการข้อมูล (Artificial Intelligence & Data Science),27,aa432af7-00a5-4e8c-ac7e-205fdb093aa7,10301337,ปัญญาประดิษฐ์สร้างสรรค์และการออกแบบคำสั่ง,Generative Artificial Intelligence and Prompt Engineering,3,3(2-3-5)
4effaf68-f54c-4d48-a6d3-ab0373736336,d7b54fbf-46cd-4982-984e-36ca370d884e,2570,กลุ่มวิชาพื้นฐานวิชาชีพและวิชาชีพ (2570),772c6971-0bb6-4ec8-857a-be2b32136003,กลุ่มวิชาปัญญาประดิษฐ์และวิทยาการข้อมูล (Artificial Intelligence & Data Science),27,8069c373-a351-4012-a345-a801406145e4,10301338,ปัญญาประดิษฐ์เพื่อสุขภาวะที่ยั่งยืน,Artificial Intelligence for Sustainable Well-being,3,3(2-3-5)
d96e200b-c43d-478b-964b-fd4870197d51,d7b54fbf-46cd-4982-984e-36ca370d884e,2570,กลุ่มวิชาพื้นฐานวิชาชีพและวิชาชีพ (2570),772c6971-0bb6-4ec8-857a-be2b32136003,กลุ่มวิชาปัญญาประดิษฐ์และวิทยาการข้อมูล (Artificial Intelligence & Data Science),27,6bb3c19c-c398-4c12-9811-559875411ee1,10301339,เครื่องมือและการประยุกต์ใช้การเล่าเรื่องข้อมูล,Tools and Applications for Data Storytelling,3,3(2-3-5)
8cc57ee0-7abb-4b28-819e-84929d626528,d7b54fbf-46cd-4982-984e-36ca370d884e,2570,กลุ่มวิชาพื้นฐานวิชาชีพและวิชาชีพ (2570),e0d88147-d737-4073-bfdd-2c35438dfecb,กลุ่มวิชาวิศวกรรมซอฟต์แวร์และนวัตกรรมดิจิทัล (Software Engineering & Digital Innovation),27,bbb439eb-6c5d-47f4-912e-a8bed4a1b293,10301341-68,วิศวกรรมซอฟต์แวร์และการเข้าถึง,Software Engineering and Accessibility,3,3(2-3-5)
5b734e39-cddd-4a72-b0f6-6b2c4bdcbd49,d7b54fbf-46cd-4982-984e-36ca370d884e,2570,กลุ่มวิชาพื้นฐานวิชาชีพและวิชาชีพ (2570),e0d88147-d737-4073-bfdd-2c35438dfecb,กลุ่มวิชาวิศวกรรมซอฟต์แวร์และนวัตกรรมดิจิทัล (Software Engineering & Digital Innovation),27,daed82d0-b3e9-4b2f-b4a6-0c307d824c31,10301342-68,การพัฒนาแอปพลิเคชันเชิงสร้างสรรค์ข้ามแพลตฟอร์ม,Creative Cross-Platform Application Development,3,3(2-3-5)
f8c390bf-cdd3-4bc7-b268-7d16bc9825ce,d7b54fbf-46cd-4982-984e-36ca370d884e,2570,กลุ่มวิชาพื้นฐานวิชาชีพและวิชาชีพ (2570),e0d88147-d737-4073-bfdd-2c35438dfecb,กลุ่มวิชาวิศวกรรมซอฟต์แวร์และนวัตกรรมดิจิทัล (Software Engineering & Digital Innovation),27,a4dced5f-aba4-4c52-b3e9-db09eb30b264,10301343-68,การพัฒนามัลติมีเดียและเกม,Multimedia and Game Development,3,3(2-3-5)
fdea092a-b027-4e7c-b104-33ffbfb70e25,d7b54fbf-46cd-4982-984e-36ca370d884e,2570,กลุ่มวิชาพื้นฐานวิชาชีพและวิชาชีพ (2570),e0d88147-d737-4073-bfdd-2c35438dfecb,กลุ่มวิชาวิศวกรรมซอฟต์แวร์และนวัตกรรมดิจิทัล (Software Engineering & Digital Innovation),27,028ec0f8-d436-4338-83ce-7117311e6427,10301344-68,การพัฒนาซอฟต์แวร์การซื้อขายอัตโนมัติ,Automated Trading Software Development,3,3(2-3-5)
5a644d54-f6b5-454a-a1b3-058a9f379dae,d7b54fbf-46cd-4982-984e-36ca370d884e,2570,กลุ่มวิชาพื้นฐานวิชาชีพและวิชาชีพ (2570),e0d88147-d737-4073-bfdd-2c35438dfecb,กลุ่มวิชาวิศวกรรมซอฟต์แวร์และนวัตกรรมดิจิทัล (Software Engineering & Digital Innovation),27,938c90e2-1adc-40d3-9d0f-be312d997156,10301345-68,การพัฒนาซอฟต์แวร์สำหรับการซื้อขายความถี่สูง,High Frequency Trading Software Development,3,3(2-3-5)
51813dfd-51c8-472f-b349-b539fa705e33,d7b54fbf-46cd-4982-984e-36ca370d884e,2570,กลุ่มวิชาพื้นฐานวิชาชีพและวิชาชีพ (2570),e0d88147-d737-4073-bfdd-2c35438dfecb,กลุ่มวิชาวิศวกรรมซอฟต์แวร์และนวัตกรรมดิจิทัล (Software Engineering & Digital Innovation),27,a6a62e4e-d4c9-42b9-bb72-77175f3034b2,10301346-68,ธุรกิจอัจฉริยะ,Business Intelligence,3,3(2-3-5)
13b52b04-df18-4601-b5d0-18ea0c5eac38,d7b54fbf-46cd-4982-984e-36ca370d884e,2570,กลุ่มวิชาพื้นฐานวิชาชีพและวิชาชีพ (2570),e0d88147-d737-4073-bfdd-2c35438dfecb,กลุ่มวิชาวิศวกรรมซอฟต์แวร์และนวัตกรรมดิจิทัล (Software Engineering & Digital Innovation),27,aacab904-a074-4509-9896-625a33dd78a8,10301347-68,ระบบสารสนเทศเพื่อการจัดการ,Management Information System,3,3(2-3-5)
591ad97d-479e-4639-8171-ae1c8da81328,d7b54fbf-46cd-4982-984e-36ca370d884e,2570,กลุ่มวิชาพื้นฐานวิชาชีพและวิชาชีพ (2570),e0d88147-d737-4073-bfdd-2c35438dfecb,กลุ่มวิชาวิศวกรรมซอฟต์แวร์และนวัตกรรมดิจิทัล (Software Engineering & Digital Innovation),27,b0b27396-9595-44f0-8237-5d244ebbf104,10301348,บล็อกเชน และคริปโทเคอร์เรนซี่,Blockchain and Cryptocurrency,3,3(2-3-5)
960c7384-f650-40f1-bc8b-7001d62d7673,d7b54fbf-46cd-4982-984e-36ca370d884e,2570,กลุ่มวิชาพื้นฐานวิชาชีพและวิชาชีพ (2570),e0d88147-d737-4073-bfdd-2c35438dfecb,กลุ่มวิชาวิศวกรรมซอฟต์แวร์และนวัตกรรมดิจิทัล (Software Engineering & Digital Innovation),27,70003e8a-1c72-4410-b304-43e3c49715d6,10301349,ฟินเทคและการวิเคราะห์ข้อมูลขนาดใหญ่,FinTech and Big Data Analytics,3,3(2-3-5)
ca0dff19-fca5-4438-af3d-f053257ce509,d7b54fbf-46cd-4982-984e-36ca370d884e,2570,กลุ่มวิชาพื้นฐานวิชาชีพและวิชาชีพ (2570),f36d2e13-8641-426f-8f92-cceda5b197e8,กลุ่มวิชาโครงสร้างพื้นฐานดิจิทัลและเทคโนโลยีล้ำสมัย (Digital Infrastructure & Emerging Technologies),21,5e2ef34c-ca2e-4e7f-8b43-bf7564beaf9a,10301351-68,การประมวลผลแบบกลุ่มเมฆ,Cloud Computing,3,3(2-3-5)
e5e7d2d1-fda7-4204-bc90-d7dd9f1770a0,d7b54fbf-46cd-4982-984e-36ca370d884e,2570,กลุ่มวิชาพื้นฐานวิชาชีพและวิชาชีพ (2570),f36d2e13-8641-426f-8f92-cceda5b197e8,กลุ่มวิชาโครงสร้างพื้นฐานดิจิทัลและเทคโนโลยีล้ำสมัย (Digital Infrastructure & Emerging Technologies),21,5cfad46b-3411-4a20-9b04-7ce00be1e368,10301352-68,อินเทอร์เน็ตในทุกสิ่ง,Internet of Things,3,3(2-3-5)
b3173816-1cb7-427e-8cbc-bd66881d4620,d7b54fbf-46cd-4982-984e-36ca370d884e,2570,กลุ่มวิชาพื้นฐานวิชาชีพและวิชาชีพ (2570),f36d2e13-8641-426f-8f92-cceda5b197e8,กลุ่มวิชาโครงสร้างพื้นฐานดิจิทัลและเทคโนโลยีล้ำสมัย (Digital Infrastructure & Emerging Technologies),21,d94249f5-c72a-494b-8bdb-e13677210656,10301353-68,ตรรกศาสตร์เชิงดิจิทัลและอุปกรณ์อัจฉริยะ,Digital Logic and Intelligent Devices,3,3(2-3-5)
54126572-4aa7-4cc0-a388-2ce4a4a18e9c,d7b54fbf-46cd-4982-984e-36ca370d884e,2570,กลุ่มวิชาพื้นฐานวิชาชีพและวิชาชีพ (2570),f36d2e13-8641-426f-8f92-cceda5b197e8,กลุ่มวิชาโครงสร้างพื้นฐานดิจิทัลและเทคโนโลยีล้ำสมัย (Digital Infrastructure & Emerging Technologies),21,a8fd5984-e721-4c86-8225-dfce6c0e64dd,10301354-68,ความมั่นคงปลอดภัยไซเบอร์,Cybersecurity,3,3(2-3-5)
2eb7d29d-267f-44e1-9f2b-fb0e357efe9a,d7b54fbf-46cd-4982-984e-36ca370d884e,2570,กลุ่มวิชาพื้นฐานวิชาชีพและวิชาชีพ (2570),f36d2e13-8641-426f-8f92-cceda5b197e8,กลุ่มวิชาโครงสร้างพื้นฐานดิจิทัลและเทคโนโลยีล้ำสมัย (Digital Infrastructure & Emerging Technologies),21,8f07ddab-b65f-41a5-9774-49bec2b42fe3,10301355-68,การประมวลผลเชิงควอนตัม,Quantum Computing,3,3(2-3-5)
9f1ec82f-aaf1-447e-a4e1-b7e24793085d,d7b54fbf-46cd-4982-984e-36ca370d884e,2570,กลุ่มวิชาพื้นฐานวิชาชีพและวิชาชีพ (2570),f36d2e13-8641-426f-8f92-cceda5b197e8,กลุ่มวิชาโครงสร้างพื้นฐานดิจิทัลและเทคโนโลยีล้ำสมัย (Digital Infrastructure & Emerging Technologies),21,a0425e83-17d6-41d2-af07-5fdfef14ee78,10301356-68,การประมวลผลสัญญาณดิจิทัล,Digital Signal Processing,3,3(2-3-5)
7c893f25-edcc-4ed1-9409-3b213c89e090,d7b54fbf-46cd-4982-984e-36ca370d884e,2570,กลุ่มวิชาพื้นฐานวิชาชีพและวิชาชีพ (2570),f36d2e13-8641-426f-8f92-cceda5b197e8,กลุ่มวิชาโครงสร้างพื้นฐานดิจิทัลและเทคโนโลยีล้ำสมัย (Digital Infrastructure & Emerging Technologies),21,91ab8851-6386-4f9d-95d7-dc22d7cf3475,10301357-68,วิศวกรรมเครือข่ายคอมพิวเตอร์,Computer Network Engineering,3,3(2-3-5)
f2879127-fa9a-4a58-971d-9df3c997919b,d7b54fbf-46cd-4982-984e-36ca370d884e,2570,กลุ่มวิชาพื้นฐานวิชาชีพและวิชาชีพ (2570),da017de0-1195-4803-b5c4-8e20c40dc836,กลุ่มวิชาหัวข้อพิเศษ (Special Topics) (2570),6,171db115-b376-4861-8bcb-98a3248b30c6,10301361-68,หัวข้อพิเศษทางวิทยาการคอมพิวเตอร์ 1,Special Topics in Computer Science 1,3,3(2-3-5)
db377a6f-3667-4784-8842-537f87bbef3c,d7b54fbf-46cd-4982-984e-36ca370d884e,2570,กลุ่มวิชาพื้นฐานวิชาชีพและวิชาชีพ (2570),da017de0-1195-4803-b5c4-8e20c40dc836,กลุ่มวิชาหัวข้อพิเศษ (Special Topics) (2570),6,56fb8ca8-ef2e-4771-8792-a392ba7af7cf,10301362-68,หัวข้อพิเศษทางวิทยาการคอมพิวเตอร์ 2,Special Topics in Computer Science 2,3,3(2-3-5)
3ac9c222-31e6-43ad-8268-105ba6124876,d7b54fbf-46cd-4982-984e-36ca370d884e,2570,หมวดวิชาศึกษาทั่วไป (2570),ddd4bf66-757e-4b27-96cb-e6e0749d9b2d,สมรรถนะด้านสังคมและความเป็นมนุษย์,3,904f1e5d-cc50-4fab-ad24-bf8913874efe,10300201,การเงินส่วนบุคคลเพื่อชีวิตยุคใหม่,Personal Finance for Modern Life,3,3(2-2-5)
29f8987e-425f-4e47-b207-2e959dd12ac0,d7b54fbf-46cd-4982-984e-36ca370d884e,2570,หมวดวิชาศึกษาทั่วไป (2570),ddd4bf66-757e-4b27-96cb-e6e0749d9b2d,สมรรถนะด้านสังคมและความเป็นมนุษย์,3,5763f457-efcf-46d5-ac35-d50ab59975ed,10700202,จิตวิทยาการปรับตัวในยุคดิจิทัล,Psychology of Adjustment in Digital Age,3,3(3-0-6)
8e1a2a61-caec-484d-b4fb-9029f3c1fd13,d7b54fbf-46cd-4982-984e-36ca370d884e,2570,หมวดวิชาศึกษาทั่วไป (2570),ddd4bf66-757e-4b27-96cb-e6e0749d9b2d,สมรรถนะด้านสังคมและความเป็นมนุษย์,3,de0eb7da-ce88-4226-b4f4-ffc03ee05663,10700203,จิตวิทยาพฤติกรรมมนุษย์,The Psychology of Human Behavior,3,3(3-0-6)
73f90775-d1d3-4179-9d8c-96e440f779ce,d7b54fbf-46cd-4982-984e-36ca370d884e,2570,หมวดวิชาศึกษาทั่วไป (2570),ddd4bf66-757e-4b27-96cb-e6e0749d9b2d,สมรรถนะด้านสังคมและความเป็นมนุษย์,3,de6bf7fe-5ddd-4136-8ef6-1062e7bb4dbd,10700204,จิตวิทยาเพื่อการทำงานและการดำเนินชีวิตในยุคดิจิทัล,Psychology for Working and Living in Digital Age,3,3(3-0-6)
fbc3e581-f7ec-43fd-8fe5-b772790c79b8,d7b54fbf-46cd-4982-984e-36ca370d884e,2570,หมวดวิชาศึกษาทั่วไป (2570),ddd4bf66-757e-4b27-96cb-e6e0749d9b2d,สมรรถนะด้านสังคมและความเป็นมนุษย์,3,e49e58af-7c8d-40c7-9e96-589566ca9187,10700205,จิตอาสาเพื่อพัฒนาสังคม,Volunteer Spirit for Social Development,3,3(3-0-6)
943089d2-ed5a-49d0-867d-0fd71a4b5852,d7b54fbf-46cd-4982-984e-36ca370d884e,2570,หมวดวิชาศึกษาทั่วไป (2570),ddd4bf66-757e-4b27-96cb-e6e0749d9b2d,สมรรถนะด้านสังคมและความเป็นมนุษย์,3,1b5db6e2-c494-4c58-8314-1ac14a416308,10700209,มนุษย์กับความงามทางศิลปะ,Humans and Artistic Beauty,3,3(3-0-6)
7f59f1ec-d961-43ad-8817-b86eb0840472,d7b54fbf-46cd-4982-984e-36ca370d884e,2570,หมวดวิชาศึกษาทั่วไป (2570),ddd4bf66-757e-4b27-96cb-e6e0749d9b2d,สมรรถนะด้านสังคมและความเป็นมนุษย์,3,09d4ab6b-e2cc-47b3-81aa-956ee2807234,10700211,ศิลปะกับความคิดสร้างสรรค์,Art and Creative Thinking,3,3(1-4-4)
786893ca-6252-4d6d-8fdc-4cf5ef7f7ffe,d7b54fbf-46cd-4982-984e-36ca370d884e,2570,หมวดวิชาศึกษาทั่วไป (2570),ddd4bf66-757e-4b27-96cb-e6e0749d9b2d,สมรรถนะด้านสังคมและความเป็นมนุษย์,3,5e293152-4cb6-4ab1-89ea-c557645ba74e,10700212,ศิลปะการใช้ชีวิตในสังคมที่หลากหลาย,The Arts of Living in a Diverse Society,3,3(3-0-6)
204d3964-a9cc-48ad-aa16-2719fda98ece,d7b54fbf-46cd-4982-984e-36ca370d884e,2570,หมวดวิชาศึกษาทั่วไป (2570),ddd4bf66-757e-4b27-96cb-e6e0749d9b2d,สมรรถนะด้านสังคมและความเป็นมนุษย์,3,e59bb623-8dda-45bb-bdec-75000f82dec0,10700213,สังคมร่วมสมัย,Contemporary World and Society,3,3(3-0-6)
dde1381c-e0d9-4e6e-92d3-6342680521dc,d7b54fbf-46cd-4982-984e-36ca370d884e,2570,หมวดวิชาศึกษาทั่วไป (2570),ddd4bf66-757e-4b27-96cb-e6e0749d9b2d,สมรรถนะด้านสังคมและความเป็นมนุษย์,3,297844b2-238c-4b7a-89a3-870f2e399072,10700215,สังคมและสิ่งแวดล้อมยั่งยืน,"Society, Environment and Sustainability",3,3(3-0-6)
bd6d4203-e6f7-4e1a-9a2b-18cbcd4560f1,d7b54fbf-46cd-4982-984e-36ca370d884e,2570,หมวดวิชาศึกษาทั่วไป (2570),ddd4bf66-757e-4b27-96cb-e6e0749d9b2d,สมรรถนะด้านสังคมและความเป็นมนุษย์,3,5d1ac6bc-a187-48f5-ae90-9b53881bf0b0,10700216,อารยธรรมและโลกสมัยใหม่,Civilizations and the Modern World,3,3(3-0-6)
5b3f3313-e32b-401b-9198-de4d63343b40,d7b54fbf-46cd-4982-984e-36ca370d884e,2570,หมวดวิชาศึกษาทั่วไป (2570),ddd4bf66-757e-4b27-96cb-e6e0749d9b2d,สมรรถนะด้านสังคมและความเป็นมนุษย์,3,c9cb16e2-094f-4b05-be96-33cca2e50627,10800201,พลเมืองดิจิทัลและการรู้เท่าทันดิจิทัล,Digital Citizenship and Digital Literacy,3,3(3-0-6)
4f528716-2493-4b18-bd81-227e00e93bcb,d7b54fbf-46cd-4982-984e-36ca370d884e,2570,หมวดวิชาศึกษาทั่วไป (2570),85ce8166-5765-42c0-8695-d9398328bd78,สมรรถนะด้านการคิดคำนวณ การใช้เหตุผล และการใช้เทคโนโลยี,3,29cd5498-0969-4102-a985-8e7b15194d7c,10300301,การใช้ชีวิตในสังคมดิจิทัล,Living in Digital Society,3,3(2-2-5)
f50ae1dc-fef8-49dd-a80d-35449d775d36,d7b54fbf-46cd-4982-984e-36ca370d884e,2570,หมวดวิชาศึกษาทั่วไป (2570),85ce8166-5765-42c0-8695-d9398328bd78,สมรรถนะด้านการคิดคำนวณ การใช้เหตุผล และการใช้เทคโนโลยี,3,34ea8bcd-31ad-4dca-b44f-2dffa5de4958,10300302,การตัดสินใจอย่างชาญฉลาดในศตวรรษที่ 21,Intelligent Decision-Making in the 21st Century,3,3(3-0-6)
b3cb4189-87e0-4140-b0a3-28ab849afd0f,d7b54fbf-46cd-4982-984e-36ca370d884e,2570,หมวดวิชาศึกษาทั่วไป (2570),85ce8166-5765-42c0-8695-d9398328bd78,สมรรถนะด้านการคิดคำนวณ การใช้เหตุผล และการใช้เทคโนโลยี,3,8d16468c-6234-42d8-97cf-1310aa8ea6f3,10300303,ตรรกะดิจิทัลเพื่อการตัดสินใจ,Digital Logic Approach for Decision Making,3,3(3-0-6)
9d938ab5-8a2e-435a-9a6d-8d44b5f80106,d7b54fbf-46cd-4982-984e-36ca370d884e,2570,หมวดวิชาศึกษาทั่วไป (2570),85ce8166-5765-42c0-8695-d9398328bd78,สมรรถนะด้านการคิดคำนวณ การใช้เหตุผล และการใช้เทคโนโลยี,3,2f14e40a-be23-453b-86f6-28c8937e0e09,10300304,ถอดรหัสวิทยาศาสตร์เพื่อชีวิตยุคใหม่,Decoding Science for Modern Life,3,3(2-2-5)
0bf24b68-3cd5-4aab-b6f9-ba1ed7bc707e,d7b54fbf-46cd-4982-984e-36ca370d884e,2570,หมวดวิชาศึกษาทั่วไป (2570),85ce8166-5765-42c0-8695-d9398328bd78,สมรรถนะด้านการคิดคำนวณ การใช้เหตุผล และการใช้เทคโนโลยี,3,065d2231-6aab-4b9a-9a5c-4c83c122dad6,10300305,วิทยาศาสตร์และเทคโนโลยีลวง,Misleading Science and Technology,3,3(3-0-6)
df7b1cd0-38a2-4864-a588-1ca058828405,d7b54fbf-46cd-4982-984e-36ca370d884e,2570,หมวดวิชาศึกษาทั่วไป (2570),85ce8166-5765-42c0-8695-d9398328bd78,สมรรถนะด้านการคิดคำนวณ การใช้เหตุผล และการใช้เทคโนโลยี,3,e9abd705-58ee-4352-9df0-afc976fd1a23,10400301,ทักษะดิจิทัลในศตวรรษที่ 21,Digital Skills in 21st Century,3,3(3-0-6)
b561a033-a69d-4bf3-99f5-5839c118a0d8,d7b54fbf-46cd-4982-984e-36ca370d884e,2570,หมวดวิชาศึกษาทั่วไป (2570),85ce8166-5765-42c0-8695-d9398328bd78,สมรรถนะด้านการคิดคำนวณ การใช้เหตุผล และการใช้เทคโนโลยี,3,9e19e147-1476-4252-8b8c-b2f82445877a,10400303,อาหารและเทคโนโลยี,Food and Technology,3,3(3-0-6)
340499e8-37dc-4fc9-9a9c-146cf3d77bfc,d7b54fbf-46cd-4982-984e-36ca370d884e,2570,หมวดวิชาศึกษาทั่วไป (2570),85ce8166-5765-42c0-8695-d9398328bd78,สมรรถนะด้านการคิดคำนวณ การใช้เหตุผล และการใช้เทคโนโลยี,3,d278143b-8e8e-4a48-b67c-f6d40a03ac48,10800301,จักรวาล AI,AI Universe,3,3(2-2-5)
84b7d1c5-8102-4e96-8fd2-ecf870cecc52,d7b54fbf-46cd-4982-984e-36ca370d884e,2570,หมวดวิชาศึกษาทั่วไป (2570),85ce8166-5765-42c0-8695-d9398328bd78,สมรรถนะด้านการคิดคำนวณ การใช้เหตุผล และการใช้เทคโนโลยี,3,8a413209-15e3-4bca-9859-9d18ea2f6be9,10800302,เทคโนโลยีดิจิทัลแห่งอนาคต,Future Digital Technologies,3,3(2-2-5)
56746b9c-1cb6-4155-9cdf-db5736a59da3,d7b54fbf-46cd-4982-984e-36ca370d884e,2570,หมวดวิชาศึกษาทั่วไป (2570),aaedf470-f568-439f-86ee-db00265658cd,สมรรถนะด้านการเป็นผู้ประกอบการ,6,d629db88-c388-4b51-9124-f153cff3eed9,10100401,ผู้ประกอบการนวัตกรรมด้านการผลิตพืช,Entrepreneurship and Innovation in Plant Production,3,3(2-2-5)
db112fcf-402f-44be-9e64-a37b8fe7dfef,d7b54fbf-46cd-4982-984e-36ca370d884e,2570,หมวดวิชาศึกษาทั่วไป (2570),aaedf470-f568-439f-86ee-db00265658cd,สมรรถนะด้านการเป็นผู้ประกอบการ,6,23cd4fb9-9e14-41eb-a372-7c7a78b68c18,10200401,การตลาดบนสมาร์ทโฟน,Marketing on Smartphone,3,3(2-2-5)
c1e4d666-c001-474e-9b58-a8b6122aa6f4,d7b54fbf-46cd-4982-984e-36ca370d884e,2570,หมวดวิชาศึกษาทั่วไป (2570),aaedf470-f568-439f-86ee-db00265658cd,สมรรถนะด้านการเป็นผู้ประกอบการ,6,123640f6-93a9-43d6-bcbf-5615f0d0cd5d,10200402,การเป็นผู้ประกอบการ,Entrepreneurship,3,3(2-2-5)
99281421-1c8f-450d-bf21-da4c82468605,d7b54fbf-46cd-4982-984e-36ca370d884e,2570,หมวดวิชาศึกษาทั่วไป (2570),aaedf470-f568-439f-86ee-db00265658cd,สมรรถนะด้านการเป็นผู้ประกอบการ,6,dfb88474-bd90-4851-99b7-ee664e23594e,10200403,ภาษีอากรสำหรับผู้ประกอบการ,Taxation for Entrepreneurship,3,3(2-2-5)
c781a40c-c707-47e1-b1e5-16cbf277daf4,d7b54fbf-46cd-4982-984e-36ca370d884e,2570,หมวดวิชาศึกษาทั่วไป (2570),aaedf470-f568-439f-86ee-db00265658cd,สมรรถนะด้านการเป็นผู้ประกอบการ,6,b7ff2f79-828d-4a9d-807e-1ce55c07d05b,10200404,สมาร์ทไฟแนนซ์,Smart Finance,3,3(2-2-5)
d290eb05-90e7-4883-b96a-3b63440ad952,d7b54fbf-46cd-4982-984e-36ca370d884e,2570,หมวดวิชาศึกษาทั่วไป (2570),aaedf470-f568-439f-86ee-db00265658cd,สมรรถนะด้านการเป็นผู้ประกอบการ,6,75ee9222-811c-48f8-a635-23acfcdc45c1,10200405,เทคโนโลยีดิจิทัลสำหรับผู้ประกอบการ,Digital Technology for Entrepreneurs,3,3(2-2-5)
f0d14c6b-8bce-49cb-8053-02572ed0c83c,d7b54fbf-46cd-4982-984e-36ca370d884e,2570,หมวดวิชาศึกษาทั่วไป (2570),aaedf470-f568-439f-86ee-db00265658cd,สมรรถนะด้านการเป็นผู้ประกอบการ,6,ad71ba3f-28d9-4af0-ba3b-d876ad0cdc2e,10300401,การวางแผนธุรกิจและปัญญาประดิษฐ์สำหรับผู้ประกอบการยุคดิจิทัล,Business Planning and Artificial Intelligence for Digital Entrepreneurs,3,3(2-2-5)
59cea85c-8c87-467c-a1ea-3bd7c67876ff,d7b54fbf-46cd-4982-984e-36ca370d884e,2570,หมวดวิชาศึกษาทั่วไป (2570),aaedf470-f568-439f-86ee-db00265658cd,สมรรถนะด้านการเป็นผู้ประกอบการ,6,2b139af1-dfe3-44dd-86e7-45d7abcf1546,10300402,เทคนิคการคิดเพื่อการสร้างสรรค์นวัตกรรมสำหรับผู้ประกอบการ,Innovative Thinking Techniques for Entrepreneurs,3,3(2-2-5)
4a89b6de-4f9e-4c7e-aeab-cd01f89b5eed,d7b54fbf-46cd-4982-984e-36ca370d884e,2570,หมวดวิชาศึกษาทั่วไป (2570),aaedf470-f568-439f-86ee-db00265658cd,สมรรถนะด้านการเป็นผู้ประกอบการ,6,e9923962-5e9d-4d33-a0cd-0d330a30d5a6,10300403,วิทยาศาสตร์ในครัวเรือนสู่ไอเดียธุรกิจ,Home-based Science to Business Ideas,3,3(2-2-5)
d090cb5e-2b8c-4fcd-a684-fd81f0f8d0e2,d7b54fbf-46cd-4982-984e-36ca370d884e,2570,หมวดวิชาศึกษาทั่วไป (2570),aaedf470-f568-439f-86ee-db00265658cd,สมรรถนะด้านการเป็นผู้ประกอบการ,6,085d9c99-dec6-4b8b-965a-32a5100b4613,10400401,การออกแบบชีวิตและนวัตกรรมสำหรับผู้ประกอบการ,Life and Innovation Design for Entrepreneurs,3,3(2-2-5)
64dbcb8b-521e-40d3-85b5-cffa824eea9a,d7b54fbf-46cd-4982-984e-36ca370d884e,2570,หมวดวิชาศึกษาทั่วไป (2570),aaedf470-f568-439f-86ee-db00265658cd,สมรรถนะด้านการเป็นผู้ประกอบการ,6,ff698da3-f993-4d0d-be1e-7c16be0f0110,10400402,ผู้ประกอบการนวัตกรรมทางการเกษตร,Agripreneur,3,3(2-2-5)
9cf01563-7d8d-44a8-95da-65045b599680,d7b54fbf-46cd-4982-984e-36ca370d884e,2570,หมวดวิชาศึกษาทั่วไป (2570),aaedf470-f568-439f-86ee-db00265658cd,สมรรถนะด้านการเป็นผู้ประกอบการ,6,f00a2a39-862a-4e8b-89e6-b40a974961a4,10500401,เศรษฐศาสตร์เพื่อชีวิตประจำวันและการประกอบการ,Economics in Daily Life and Operations,3,3(2-2-5)
c3618896-0f82-4420-82be-6dddb2846a59,d7b54fbf-46cd-4982-984e-36ca370d884e,2570,หมวดวิชาศึกษาทั่วไป (2570),aaedf470-f568-439f-86ee-db00265658cd,สมรรถนะด้านการเป็นผู้ประกอบการ,6,ceeb61c4-4dbc-404e-aef7-b03967366b79,10800401,การออกแบบแนวคิดและการสร้างแบรนด์,Conceptualization and Brand Development,3,3(2-2-5)
5ec1afeb-4d83-42d7-bcea-41d1702592b8,d7b54fbf-46cd-4982-984e-36ca370d884e,2570,หมวดวิชาศึกษาทั่วไป (2570),7b8d586f-72ba-4e97-ba41-891f0b2d8863,สมรรถนะด้านการทำงานและการเรียนรู้ตลอดชีวิต,6,7a56793a-fe3a-4197-a21c-6d68a38bbb4f,10100501,เกษตรเพื่อชีวิต,Agriculture for Life,3,3(3-0-6)
22c9aeca-70db-4aff-95fb-2603bd2abb17,d7b54fbf-46cd-4982-984e-36ca370d884e,2570,หมวดวิชาศึกษาทั่วไป (2570),7b8d586f-72ba-4e97-ba41-891f0b2d8863,สมรรถนะด้านการทำงานและการเรียนรู้ตลอดชีวิต,6,a8acf341-64f4-4b39-a48a-4947ec645bb8,10300502,การสื่อสารข้อมูลเชิงเรื่องราวเพื่อการทำงานยุคใหม่,Data Storytelling for the Modern Workplace,3,3(2-2-5)
f1195d74-f8cd-478b-916d-91fc049d42ed,d7b54fbf-46cd-4982-984e-36ca370d884e,2570,หมวดวิชาศึกษาทั่วไป (2570),7b8d586f-72ba-4e97-ba41-891f0b2d8863,สมรรถนะด้านการทำงานและการเรียนรู้ตลอดชีวิต,6,73f1d573-1858-4408-9aa8-b2b52c81a36b,10300503,โปรแกรมสำเร็จรูปเพื่อการศึกษาเพื่อการเรียนรู้ตลอดชีวิต,Application Software for Education and Lifelong Learning,3,3(2-2-5)
4159b389-4842-4d99-a2dd-2f1193017000,d7b54fbf-46cd-4982-984e-36ca370d884e,2570,หมวดวิชาศึกษาทั่วไป (2570),7b8d586f-72ba-4e97-ba41-891f0b2d8863,สมรรถนะด้านการทำงานและการเรียนรู้ตลอดชีวิต,6,603a8bd8-a3d2-40df-9933-acb50af9176c,10300504,รู้เท่าทันวิทยาศาสตร์และเทคโนโลยี: กุญแจสู่ชีวิตอนาคต,Science & Technology Literacy: Key to the Future,3,3(2-2-5)
e8436340-9983-45a7-958b-1d3d7ed6227c,d7b54fbf-46cd-4982-984e-36ca370d884e,2570,หมวดวิชาศึกษาทั่วไป (2570),7b8d586f-72ba-4e97-ba41-891f0b2d8863,สมรรถนะด้านการทำงานและการเรียนรู้ตลอดชีวิต,6,ec36655e-7521-47b3-b76a-6601bd292ecd,10300505,วิทยาศาสตร์ฉลาดรู้ในยุคดิจิทัลเพื่อพัฒนาที่ยั่งยืน,Scientific Literacy in the Digital Era for Sustainable Development,3,3(3-0-6)
bbdeee75-983f-40b0-8249-f5587c79c939,d7b54fbf-46cd-4982-984e-36ca370d884e,2570,หมวดวิชาศึกษาทั่วไป (2570),7b8d586f-72ba-4e97-ba41-891f0b2d8863,สมรรถนะด้านการทำงานและการเรียนรู้ตลอดชีวิต,6,9a89bf4c-fc19-475b-be1b-c941de265529,10400501,นานาสาระเกี่ยวกับอาหารและยา,General Aspects of Food and Drug,3,3(3-0-6)
36be9f85-8be4-4aa4-a0e8-295f8a02106d,d7b54fbf-46cd-4982-984e-36ca370d884e,2570,หมวดวิชาศึกษาทั่วไป (2570),7b8d586f-72ba-4e97-ba41-891f0b2d8863,สมรรถนะด้านการทำงานและการเรียนรู้ตลอดชีวิต,6,6a53c927-091c-4472-b580-c0c637490b81,10700501,การรู้สารสนเทศและการใช้สื่อดิจิทัลเพื่อการเรียนรู้และการดำรงชีวิต,Information Literacy and Digital Media for Lifelong Learning,3,3(2-2-5)
761f5e04-526d-4547-915b-9fd78ac2b29a,d7b54fbf-46cd-4982-984e-36ca370d884e,2570,หมวดวิชาศึกษาทั่วไป (2570),7b8d586f-72ba-4e97-ba41-891f0b2d8863,สมรรถนะด้านการทำงานและการเรียนรู้ตลอดชีวิต,6,447ff24d-146f-4f10-92c1-7e7734eee59c,10700502,ความฉลาดรู้ดิจิทัลเพื่อการพัฒนาตน,Digital Intelligent for Self-Development,3,3(2-2-5)
56294478-92fb-4364-af58-3be250bd9bd0,d7b54fbf-46cd-4982-984e-36ca370d884e,2570,หมวดวิชาศึกษาทั่วไป (2570),7b8d586f-72ba-4e97-ba41-891f0b2d8863,สมรรถนะด้านการทำงานและการเรียนรู้ตลอดชีวิต,6,be4b2258-83f1-4b83-8c24-35b90f24cb2e,10700503,จิตวิทยาสำหรับผู้เรียนรู้ตลอดชีวิต,Psychology for Lifelong Learner,3,3(3-0-6)
3126eafd-0bf8-4c6a-9df3-4380e8be273b,d7b54fbf-46cd-4982-984e-36ca370d884e,2570,หมวดวิชาศึกษาทั่วไป (2570),7b8d586f-72ba-4e97-ba41-891f0b2d8863,สมรรถนะด้านการทำงานและการเรียนรู้ตลอดชีวิต,6,61407869-1142-4f82-bfac-4569fa4ee848,10700504,สุขภาวะองค์รวม 360 องศา,360° Wellness,3,3(3-0-6)
020b337a-856c-4de2-b36f-704f4f5c22c8,d7b54fbf-46cd-4982-984e-36ca370d884e,2570,หมวดวิชาศึกษาทั่วไป (2570),7b8d586f-72ba-4e97-ba41-891f0b2d8863,สมรรถนะด้านการทำงานและการเรียนรู้ตลอดชีวิต,6,3c504c45-6a3c-4f42-8d6e-688118ebfc6b,10800501,สื่อสร้างสรรค์เพื่อการเกษตร,Creative Media for Agriculture,3,3(3-0-6)
e4fbf351-cd3f-40c5-a3f3-c4f5d7ed32a7,d7b54fbf-46cd-4982-984e-36ca370d884e,2570,หมวดวิชาเฉพาะ (2570),aebf1e80-8de3-4fe3-a6e7-b5a13e631655,กลุ่มวิชาแกน (2570),18,e0419de1-8793-4e93-9772-5ab5b9b8b073,10301111-68,พื้นฐานการเขียนโปรแกรม,Fundamentals of Programming,3,3(2-3-5)
3659692b-b073-4102-94ae-ff3b0025d1ad,d7b54fbf-46cd-4982-984e-36ca370d884e,2570,หมวดวิชาเฉพาะ (2570),aebf1e80-8de3-4fe3-a6e7-b5a13e631655,กลุ่มวิชาแกน (2570),18,c98c7bc9-f241-48b3-bc30-3e511da35e72,10301112-68,เทคโนโลยีสารสนเทศและการสื่อสาร,Information and Communication Technology (ICT),3,3(2-3-5)
9e62eebd-dfc0-4121-a45e-659da440384e,d7b54fbf-46cd-4982-984e-36ca370d884e,2570,หมวดวิชาเฉพาะ (2570),aebf1e80-8de3-4fe3-a6e7-b5a13e631655,กลุ่มวิชาแกน (2570),18,ce630069-89ef-40b5-959d-e9f7274b92a6,10301113-68,คณิตศาสตร์ดีสครีต,Discrete Mathematics,3,3(3-0-6)
ab9a4c5a-d976-4b80-866b-a99795c35548,d7b54fbf-46cd-4982-984e-36ca370d884e,2570,หมวดวิชาเฉพาะ (2570),aebf1e80-8de3-4fe3-a6e7-b5a13e631655,กลุ่มวิชาแกน (2570),18,c993387e-93dc-4c27-8d9a-e685b0f936cd,10301115,คณิตศาสตร์สำหรับวิทยาการคอมพิวเตอร์,Mathematics for Computer Science,3,3(3-0-6)
bed3ca00-ca81-4774-8a0f-b007b82b8ca2,d7b54fbf-46cd-4982-984e-36ca370d884e,2570,หมวดวิชาเฉพาะ (2570),aebf1e80-8de3-4fe3-a6e7-b5a13e631655,กลุ่มวิชาแกน (2570),18,0b155c98-1eca-4bc6-922d-5ea96fd45450,10301211-68,หลักการเขียนโปรแกรมเชิงวัตถุ,Principles of Object-Oriented Programming,3,3(2-3-5)
4932fe0d-efd1-4fdb-86c0-cb98473dd766,d7b54fbf-46cd-4982-984e-36ca370d884e,2570,หมวดวิชาเฉพาะ (2570),aebf1e80-8de3-4fe3-a6e7-b5a13e631655,กลุ่มวิชาแกน (2570),18,c4169c3a-41d7-4931-bea3-0ecb78d436a6,10355205,ความน่าจะเป็นและสถิติ,Probability and Statistics,3,3(3-0-6)
780ebd21-15c1-4e65-94c8-198038d8d03d,d7b54fbf-46cd-4982-984e-36ca370d884e,2570,หมวดวิชาเฉพาะ (2570),f0dfec0e-af79-4a0c-88fb-5dfb44b18014,กลุ่มวิชาเฉพาะด้าน (2570),45,357abc19-ecc6-44c0-a45f-631c0ecae467,10301114-68,องค์ประกอบและสถาปัตยกรรมคอมพิวเตอร์,Computer Organization and Architecture,3,3(2-3-5)
6313ce37-2332-496a-8a63-6efa518c2501,d7b54fbf-46cd-4982-984e-36ca370d884e,2570,หมวดวิชาเฉพาะ (2570),f0dfec0e-af79-4a0c-88fb-5dfb44b18014,กลุ่มวิชาเฉพาะด้าน (2570),45,010054f1-00f7-4e3d-ae4b-2ee1514b2d20,10301141-68,การพัฒนาเว็บแอปพลิเคชัน,Web Application Development,3,3(2-3-5)
493a2099-b9d2-44c7-b564-c39e07ea07da,d7b54fbf-46cd-4982-984e-36ca370d884e,2570,หมวดวิชาเฉพาะ (2570),f0dfec0e-af79-4a0c-88fb-5dfb44b18014,กลุ่มวิชาเฉพาะด้าน (2570),45,821e691f-c179-4752-8553-55e342c25d74,10301151,เครือข่ายคอมพิวเตอร์เบื้องต้น,Computer Networks,3,3(2-3-5)
5a8b5b07-7327-456d-bab6-4b2c9d175934,d7b54fbf-46cd-4982-984e-36ca370d884e,2570,หมวดวิชาเฉพาะ (2570),f0dfec0e-af79-4a0c-88fb-5dfb44b18014,กลุ่มวิชาเฉพาะด้าน (2570),45,2b86f8eb-a646-41ba-9ce0-f7fcdb8eaacd,10301221-68,โครงสร้างข้อมูลและอัลกอริทึม,Data Structures and Algorithms,3,3(2-3-5)
e8984c58-5b18-4995-94d0-35ede0df4d80,d7b54fbf-46cd-4982-984e-36ca370d884e,2570,หมวดวิชาเฉพาะ (2570),f0dfec0e-af79-4a0c-88fb-5dfb44b18014,กลุ่มวิชาเฉพาะด้าน (2570),45,aa612207-c005-487d-a7c6-2c313d859124,10301222-68,ระบบฐานข้อมูล,Database Systems,3,3(2-3-5)
f19319ca-1171-462f-b1a9-cf697936b2ca,d7b54fbf-46cd-4982-984e-36ca370d884e,2570,หมวดวิชาเฉพาะ (2570),f0dfec0e-af79-4a0c-88fb-5dfb44b18014,กลุ่มวิชาเฉพาะด้าน (2570),45,842501f6-8e29-4cc0-8e47-60a8f4b8c6e8,10301223-68,การวิเคราะห์และออกแบบเชิงวัตถุ,Object-Oriented Analysis and Design,3,3(2-3-5)
73047ec5-85a3-4f94-944d-16cfcf091e11,d7b54fbf-46cd-4982-984e-36ca370d884e,2570,หมวดวิชาเฉพาะ (2570),f0dfec0e-af79-4a0c-88fb-5dfb44b18014,กลุ่มวิชาเฉพาะด้าน (2570),45,faff95a9-813d-4c3a-8b71-d48223697834,10301231-68,ปัญญาประดิษฐ์,Artificial Intelligence,3,3(2-3-5)
b35d22c9-4a79-4754-8bce-cca662ada9fa,d7b54fbf-46cd-4982-984e-36ca370d884e,2570,หมวดวิชาเฉพาะ (2570),f0dfec0e-af79-4a0c-88fb-5dfb44b18014,กลุ่มวิชาเฉพาะด้าน (2570),45,755650ca-e5ce-48cc-961c-b13aca2f9225,10301241,วิศวกรรมระบบฝั่งเซิร์ฟเวอร์,Server-Side System Engineering,3,3(2-3-5)
11373605-a69e-4f98-a5d6-e92da8dfb0c1,d7b54fbf-46cd-4982-984e-36ca370d884e,2570,หมวดวิชาเฉพาะ (2570),f0dfec0e-af79-4a0c-88fb-5dfb44b18014,กลุ่มวิชาเฉพาะด้าน (2570),45,eab08d85-4c29-4e01-9c45-10334bee9b4f,10301242,การพัฒนาซอฟต์แวร์บนอุปกรณ์เคลื่อนที่,Mobile Application Development,3,3(2-3-5)
141af33e-90c2-4889-9f2d-a876709de852,d7b54fbf-46cd-4982-984e-36ca370d884e,2570,หมวดวิชาเฉพาะ (2570),f0dfec0e-af79-4a0c-88fb-5dfb44b18014,กลุ่มวิชาเฉพาะด้าน (2570),45,240c8b95-932a-4e8f-ab01-9bb23818445c,10301243,การพัฒนาและการปฏิบัติการ,DevOps & CICD,3,3(2-3-5)
d785bf51-d658-44a8-b424-b457a546f339,d7b54fbf-46cd-4982-984e-36ca370d884e,2570,หมวดวิชาเฉพาะ (2570),f0dfec0e-af79-4a0c-88fb-5dfb44b18014,กลุ่มวิชาเฉพาะด้าน (2570),45,f7f80f94-0e79-4ee8-8419-a7354ee84793,10301311-68,ทักษะการเขียนโปรแกรมและการแก้ปัญหา,Programming and Problem-Solving Skills,3,3(2-3-5)
ad0ab839-fd8b-4b2e-962b-653cb8427f78,d7b54fbf-46cd-4982-984e-36ca370d884e,2570,หมวดวิชาเฉพาะ (2570),f0dfec0e-af79-4a0c-88fb-5dfb44b18014,กลุ่มวิชาเฉพาะด้าน (2570),45,56069156-45c0-4d86-a9d1-edfa6dae0e27,10301330,วิศวกรรมและธรรมาภิบาลข้อมูล,Data Engineering and Governance,3,3(2-3-5)
31e2b05f-a55a-40d2-83c3-3725e3b14878,d7b54fbf-46cd-4982-984e-36ca370d884e,2570,หมวดวิชาเฉพาะ (2570),f0dfec0e-af79-4a0c-88fb-5dfb44b18014,กลุ่มวิชาเฉพาะด้าน (2570),45,a218e1c3-58d3-48e2-ba98-bcabded91625,10301461,สัมมนาวิชาการทางวิทยาการคอมพิวเตอร์,Seminar for Computer Science,3,3(3-0-6)
bc2f7503-9f5a-476b-9fe8-adab0bfb3735,d7b54fbf-46cd-4982-984e-36ca370d884e,2570,หมวดวิชาเฉพาะ (2570),f0dfec0e-af79-4a0c-88fb-5dfb44b18014,กลุ่มวิชาเฉพาะด้าน (2570),45,ec1df78f-1bae-4b3f-8ade-18193863006f,10301497,สหกิจศึกษา,Co-Operative Education,6,6(0-0-0)
137c3490-8f1c-4124-81b6-ae81144d5bc1,d7b54fbf-46cd-4982-984e-36ca370d884e,2570,หมวดวิชาเฉพาะ (2570),f0dfec0e-af79-4a0c-88fb-5dfb44b18014,กลุ่มวิชาเฉพาะด้าน (2570),45,268ca592-7cce-4922-98e0-64657855616e,10301498,การเรียนรู้อิสระ,Independent Study,6,6(0-0-0)
7c7099f9-fb61-4cf5-9195-f4581b0ab782,d7b54fbf-46cd-4982-984e-36ca370d884e,2570,หมวดวิชาเฉพาะ (2570),f0dfec0e-af79-4a0c-88fb-5dfb44b18014,กลุ่มวิชาเฉพาะด้าน (2570),45,c57fea4d-5043-45ba-b4cc-a022cc3598d6,10301499,การศึกษา หรือ ฝึกงาน หรือ ฝึกอบรมต่างประเทศ,"Overseas Study, Training or Internship",6,6(0-0-0)
a41ef743-8d8d-4d94-895f-2a078bbd9829,d7b54fbf-46cd-4982-984e-36ca370d884e,2570,กลุ่มวิชาพื้นฐานวิชาชีพและวิชาชีพ (2570),772c6971-0bb6-4ec8-857a-be2b32136003,กลุ่มวิชาปัญญาประดิษฐ์และวิทยาการข้อมูล (Artificial Intelligence & Data Science),27,160a9675-9835-4146-b5fd-a05c96052701,10301331-68,พื้นฐานวิทยาการข้อมูล,Fundamental of Data Science,3,3(2-3-5)
8c59358d-3d21-42a0-a8b2-b73c08879bcb,d7b54fbf-46cd-4982-984e-36ca370d884e,2570,กลุ่มวิชาพื้นฐานวิชาชีพและวิชาชีพ (2570),772c6971-0bb6-4ec8-857a-be2b32136003,กลุ่มวิชาปัญญาประดิษฐ์และวิทยาการข้อมูล (Artificial Intelligence & Data Science),27,0646f786-7714-4b44-9a21-952f15db9596,10301332-68,การประมวลผลเชิงภาพ,Digital Image Processing,3,3(2-3-5)
8a6d80de-23c9-4c00-a542-ab9c1fe83c6f,d7b54fbf-46cd-4982-984e-36ca370d884e,2570,กลุ่มวิชาพื้นฐานวิชาชีพและวิชาชีพ (2570),772c6971-0bb6-4ec8-857a-be2b32136003,กลุ่มวิชาปัญญาประดิษฐ์และวิทยาการข้อมูล (Artificial Intelligence & Data Science),27,ae6cad6a-f6ed-4fcd-9799-d9a1cdb8665a,10301333-68,การประมวลผลภาษาธรรมชาติสมัยใหม่,Modern Natural Language Processing,3,3(2-3-5)
280a3965-8528-4128-9b3c-dad18329506a,d7b54fbf-46cd-4982-984e-36ca370d884e,2570,กลุ่มวิชาพื้นฐานวิชาชีพและวิชาชีพ (2570),772c6971-0bb6-4ec8-857a-be2b32136003,กลุ่มวิชาปัญญาประดิษฐ์และวิทยาการข้อมูล (Artificial Intelligence & Data Science),27,c03d9336-e041-49f1-8d11-5e7210b9d72c,10301334-68,การแยกแยะและการแบ่งกลุ่มข้อมูล,Data Classification and Clustering,3,3(2-3-5)
e7834b4f-79f1-4ac9-b807-11549aee3fd7,,,หมวดวิชาเฉพาะ,92b08fda-ccd2-4100-9438-3a55b4607c96,กลุ่มวิชาเอกบังคับ,45,b4801c55-e9fa-4934-82bc-8293162cf369,SC497,สหกิจศึกษา,Co-operative Education,9,9(0-0-0)
625a00b2-e514-42fb-a483-4e712120a251,,,หมวดวิชาเฉพาะ,92b08fda-ccd2-4100-9438-3a55b4607c96,กลุ่มวิชาเอกบังคับ,45,7d54694b-b29a-4566-9231-902198454542,CS492,สัมมนาวิชาการทางวิทยาการคอมพิวเตอร์,Seminar in Computer Science,1,1(0-2-1)
bdc119f0-8dd4-4556-a2cb-9af8df20e095,,,หมวดวิชาเฉพาะ,92b08fda-ccd2-4100-9438-3a55b4607c96,กลุ่มวิชาเอกบังคับ,45,c7c4e2cc-e6b4-4d62-8084-d2bda60007b0,CS391,การบริหารโครงการคอมพิวเตอร์,Computer Project Management,1,1(1-0-2)
4dbd20af-22c2-4a6e-85e9-7915639d4536,,,หมวดวิชาเฉพาะ,92b08fda-ccd2-4100-9438-3a55b4607c96,กลุ่มวิชาเอกบังคับ,45,faf81826-9ee8-469d-9b53-42f653a2298b,CS347,วิศวกรรมซอฟต์แวร์,Software Engineering,3,3(2-3-5)
ff79a564-2520-4c13-bce0-45bf807641ba,,,หมวดวิชาเฉพาะ,92b08fda-ccd2-4100-9438-3a55b4607c96,กลุ่มวิชาเอกบังคับ,45,5e4d63ae-d904-468e-b641-4df71c3231fd,CS344,การพัฒนาระบบซอฟต์แวร์เชิงวัตถุ,Object Oriented Software Development,3,3(2-3-5)
b20094dc-a978-4544-8d81-a935b2b23b28,,,หมวดวิชาเฉพาะ,92b08fda-ccd2-4100-9438-3a55b4607c96,กลุ่มวิชาเอกบังคับ,45,b2073c6c-6a21-4aff-b199-0f1ce0b92989,CS343,การวิเคราะห์และออกแบบเชิงวัตถุ,Object Oriented Analysis and Design,3,3(2-3-5)
52ff54d1-b2bc-432c-8ef7-94c5fcaa1b88,,,หมวดวิชาเฉพาะ,92b08fda-ccd2-4100-9438-3a55b4607c96,กลุ่มวิชาเอกบังคับ,45,50ef7cc5-31ae-489a-858e-ee6671947d1a,CS341,วิทยาการข้อมูล,Data Science,3,3(2-3-5)
31534e81-2629-4806-9f40-ea7799453dda,,,หมวดวิชาเฉพาะ,92b08fda-ccd2-4100-9438-3a55b4607c96,กลุ่มวิชาเอกบังคับ,45,69a8c839-ac49-4cb1-938f-41ae4b3dbca4,CS330,การสื่อสารข้อมูลและเครือข่ายคอมพิวเตอร์,Data Communication and Computer Network,3,3(2-3-5)
294cf2a3-2a75-4d3d-a2e6-dda7b68ff2d0,,,หมวดวิชาเฉพาะ,92b08fda-ccd2-4100-9438-3a55b4607c96,กลุ่มวิชาเอกบังคับ,45,4098c29d-d6f1-4834-8e1b-c2f27909b864,CS320,ระบบปฏิบัติการ,Operating System,3,3(2-3-5)
da6d3855-1abe-4b72-9ddb-3ae31bda083a,,,หมวดวิชาเฉพาะ,92b08fda-ccd2-4100-9438-3a55b4607c96,กลุ่มวิชาเอกบังคับ,45,b5db74df-396c-4d52-b089-7ef0337fa0e0,CS313,การพัฒนาโปรแกรมประยุกต์บนเว็บ,Web Application Development,3,3(2-3-5)
2c11050f-80ec-4f3d-85e7-c595af657b7a,,,หมวดวิชาเฉพาะ,92b08fda-ccd2-4100-9438-3a55b4607c96,กลุ่มวิชาเอกบังคับ,45,ff469b57-62b6-401f-8ecf-51d276347358,CS241,ระบบฐานข้อมูล,Database Systems,3,3(2-3-5)
48e91672-cb89-4712-832e-2eabb50fc46a,,,หมวดวิชาเฉพาะ,92b08fda-ccd2-4100-9438-3a55b4607c96,กลุ่มวิชาเอกบังคับ,45,88697132-62e7-4296-8274-b0552cf3f15d,CS232,สถาปัตยกรรมคอมพิวเตอร์,Computer Architecture,3,3(2-3-5)
75d059dd-2db3-4edc-9274-e6ad3777a471,,,หมวดวิชาเฉพาะ,92b08fda-ccd2-4100-9438-3a55b4607c96,กลุ่มวิชาเอกบังคับ,45,097c8b50-fabd-4a4f-812a-f75f4b2825ec,CS231,ระบบคอมพิวเตอร์และภาษาแอสเซมบลี,Computer System and Assembly Language,1,1(0-3-1)
7eda1712-e4f4-4cf4-8270-dc896aef7b6b,,,หมวดวิชาเฉพาะ,92b08fda-ccd2-4100-9438-3a55b4607c96,กลุ่มวิชาเอกบังคับ,45,e0963064-53ea-47b0-b288-cdadeb1a95ca,CS222,การเขียนโปรแกรมมัลติมีเดีย,Multimedia Programming,3,3(2-3-5)
bf2b544f-ffea-4645-9042-008c9760346c,,,หมวดวิชาเฉพาะ,92b08fda-ccd2-4100-9438-3a55b4607c96,กลุ่มวิชาเอกบังคับ,45,6ea31753-b88d-4422-a35b-fb20feffbb2e,CS221,โครงสร้างข้อมูล,Data Structures,3,3(2-3-5)
ecf0e6ff-9015-4955-9c25-130178f554b0,,,หมวดวิชาเฉพาะ,92b08fda-ccd2-4100-9438-3a55b4607c96,กลุ่มวิชาเอกบังคับ,45,f799f1a0-5910-4918-abaa-089d42b75370,CS213,การวิเคราะห์และออกแบบอัลกอริทึม,Algorithm Analysis and Design,3,3(2-3-5)
f246befe-7dbf-40b5-9f38-9c8dbdb57b9a,,,หมวดวิชาเฉพาะ,92b08fda-ccd2-4100-9438-3a55b4607c96,กลุ่มวิชาเอกบังคับ,45,b55faf57-5ffa-4112-8983-64287f83ddaa,CS117,หลักการเขียนโปรแกรมเชิงวัตถุ,Principles of Object-Oriented Programming,3,3(2-3-5)
60f440f0-4d2e-4deb-bda7-6902d864f59d,,,หมวดวิชาเฉพาะ,2f1d888e-64c9-4cdf-854b-413c9a1c9c7a,กลุ่มวิชาแกน,18,ca8878d9-62a6-407c-8775-8cfdc412a1bf,PH105,ฟิสิกส์ทั่วไป 1,General Physics 1,3,3(2-3-5)
9210818c-c50c-46cd-893c-21dfa3af723b,,,หมวดวิชาเฉพาะ,2f1d888e-64c9-4cdf-854b-413c9a1c9c7a,กลุ่มวิชาแกน,18,c60bb5ef-6bbb-4da0-85af-7b41588f30c4,ST301,หลักสถิติ,Principles of Statistics,3,3(3-0-6)
719986b4-9558-492c-ad79-390e925bd2cc,,,หมวดวิชาเฉพาะ,2f1d888e-64c9-4cdf-854b-413c9a1c9c7a,กลุ่มวิชาแกน,18,7823a28e-6bd3-4323-bf1a-289104c95dd5,CS392,การเป็นผู้ประกอบการทางด้านคอมพิวเตอร์และนวัตกรรม,Innovation and Computer-Based Entrepreneurship,3,3(2-3-5)
f2060152-bd22-48d9-a621-3e90eb8f92f2,,,หมวดวิชาเฉพาะ,2f1d888e-64c9-4cdf-854b-413c9a1c9c7a,กลุ่มวิชาแกน,18,f8adc0e8-5a1c-4c51-afdd-d97a65364a14,CS252,คณิตศาสตร์สำหรับวิทยาการคอมพิวเตอร์,Mathematics for Computer Science,3,3(3-0-6)
1637eef8-70f3-454c-b4f3-063bec077cd3,,,หมวดวิชาเฉพาะ,2f1d888e-64c9-4cdf-854b-413c9a1c9c7a,กลุ่มวิชาแกน,18,c423aa70-a6d8-4ba0-aed4-148df0c36311,MA101,แคลคูลัส 1,Calculus 1,3,3(3-0-6)
221859c0-c3c4-4db2-99ad-2fbc25e36f87,,,หมวดวิชาเฉพาะ,2f1d888e-64c9-4cdf-854b-413c9a1c9c7a,กลุ่มวิชาแกน,18,560ed91e-cf1e-4877-b301-b565167be803,CS151,คณิตศาสตร์ดีสครีต,Discrete Mathematics,3,3(3-0-6)
1f26067e-4e7a-4db6-bd7a-847d7c348047,,,หมวดวิชาเฉพาะ,2f1d888e-64c9-4cdf-854b-413c9a1c9c7a,กลุ่มวิชาแกน,18,347a5745-7bf1-4ebd-9212-46c89822067e,CS121,ตรรกศาสตร์เชิงดิจิทัลและอุปกรณ์อัจฉริยะ,Digital Logic and Smart Device,3,3(2-3-5)
2a2d8d83-ba55-45db-8b24-b93961ed2cbc,,,หมวดวิชาเฉพาะ,2f1d888e-64c9-4cdf-854b-413c9a1c9c7a,กลุ่มวิชาแกน,18,26554e03-6ab4-42d2-9073-ba6b9cf23f1f,CS112,วิทยาการคอมพิวเตอร์ 2,Computer Science 2,3,3(2-3-5)
f51dbdfe-21d8-4941-a605-ae08e4d4adcb,,,หมวดวิชาเฉพาะ,2f1d888e-64c9-4cdf-854b-413c9a1c9c7a,กลุ่มวิชาแกน,18,d7d43f77-2778-4c29-b46b-cc1d4054f853,CS111,วิทยาการคอมพิวเตอร์ 1,Computer Science 1,3,3(2-3-5)
3c88e9c3-35d6-41f2-9ae0-01c5d0f7d8d1,,,กลุ่มวิชาวิทยาศาสตร์และคณิตศาสตร์,92757ffd-a4dc-4493-a192-1cd73814c137,กลุ่มวิชาวิทยาศาสตร์และคณิตศาสตร์,,7f474779-d07b-4cc7-951d-e1b2e4092c36,AP101,เกษตรเพื่อชีวิต,Agriculture for Life,3,3(3-0-6)
066b179c-9c82-4938-8255-65204a03c227,,,กลุ่มภาษาและการสื่อสาร (ELO 3),40225020-b64e-40ed-89de-fb7e6b10d00d,รายวิชาภาษาต่างประเทศ,9,8a53f5f1-18bf-4268-8586-ee4d22acd3e1,GE242,ภาษาอังกฤษเชิงวิทยาศาสตร์และเทคโนโลยี 2,English for Science and Technology 2,3,3(2-2-5)
c800b77f-5907-4b0c-92d4-3e99ff2776be,,,กลุ่มภาษาและการสื่อสาร (ELO 3),40225020-b64e-40ed-89de-fb7e6b10d00d,รายวิชาภาษาต่างประเทศ,9,a03ae3fb-c6f5-494d-b24c-13a333917c9b,GE241,ภาษาอังกฤษเชิงวิทยาศาสตร์และเทคโนโลยี 1,English for Science and Technology 1,3,3(2-2-5)
538943e9-df55-4b4c-883e-ca499f58776e,,,กลุ่มภาษาและการสื่อสาร (ELO 3),40225020-b64e-40ed-89de-fb7e6b10d00d,รายวิชาภาษาต่างประเทศ,9,938dddfe-58b2-49d4-bc78-d294b84e4bd5,GE142,ภาษาอังกฤษพื้นฐาน 2,Fundamental English 2,3,3(2-2-5)
e40d816d-15d3-43c2-91ab-403322337e63,,,กลุ่มภาษาและการสื่อสาร (ELO 3),40225020-b64e-40ed-89de-fb7e6b10d00d,รายวิชาภาษาต่างประเทศ,9,84eeb6b4-49fd-4abd-9207-d70ac5634fad,GE141,ภาษาอังกฤษพื้นฐาน 1,Fundamental English 1,3,3(2-2-5)
d59c2828-f1b9-48af-b8d3-19e23063101b,,,กลุ่มภาษาและการสื่อสาร (ELO 3),a3cf5f1a-ff16-4acf-9ac7-e998e1d82bc3,รายวิชาภาษาไทย,3,e21a01ba-78d1-4787-a7f8-ae2f59c7b53f,GE031,การใช้ภาษาไทย,Thai Language Usage,3,3(2-2-5)
25b96eb9-beb6-4c58-a544-2ebcbc777046,,,กลุ่มวิชาบริหารจัดการนวัตกรรม (Innovation Management),80964862-4ba3-4146-959a-77b30f92e038,กลุ่มวิชาบริหารจัดการนวัตกรรม (Innovation Management),,37964c7c-18f4-410f-b058-69d31e29e7a6,20314539,หัวข้อที่สนใจทางนวัตกรรมเทคโนโลยีดิจิทัล 3,Selected Topics in Digital Technology Innovation 3,3,3(2-2-5)
2a0d37e1-9409-40d0-86a3-969e1b0e84c4,,,กลุ่มวิชาบริหารจัดการนวัตกรรม (Innovation Management),80964862-4ba3-4146-959a-77b30f92e038,กลุ่มวิชาบริหารจัดการนวัตกรรม (Innovation Management),,de36b84a-099c-4851-a961-49bbe0a1a8ac,20314538,นวัตกรรมทางธุรกิจ,Innovation in Business,3,3(2-2-5)
a6bbee66-97d1-4016-bfeb-b632fc0760a7,,,กลุ่มวิชาบริหารจัดการนวัตกรรม (Innovation Management),80964862-4ba3-4146-959a-77b30f92e038,กลุ่มวิชาบริหารจัดการนวัตกรรม (Innovation Management),,7d2d0df7-b396-410f-b30a-d098da818c01,20314537,โมเดลธุรกิจอัจฉริยะ,Business Intelligence Model,3,3(2-2-5)
89e8569c-5c9c-4f4f-a327-d89468dc2c33,,,กลุ่มวิชาบริหารจัดการนวัตกรรม (Innovation Management),80964862-4ba3-4146-959a-77b30f92e038,กลุ่มวิชาบริหารจัดการนวัตกรรม (Innovation Management),,c7a11c05-0348-4720-bce4-580297872ea5,20314536,การจัดการนวัตกรรมทางห่วงโซ่อุปทานและโลจิสติกส์,Innovation Management in Supply Chain and Logistic,3,3(2-2-5)
93e5c48e-c925-4d26-ad68-8797d8042f93,,,กลุ่มวิชาบริหารจัดการนวัตกรรม (Innovation Management),80964862-4ba3-4146-959a-77b30f92e038,กลุ่มวิชาบริหารจัดการนวัตกรรม (Innovation Management),,bb068d96-9f4b-43bd-a29f-633e31b552d2,20314535,บริหารจัดการโครงการนวัตกรรม,Innovation Project Management,3,3(2-2-5)
6199bbbe-3764-40b1-8a3b-3566f255e786,,,กลุ่มวิชาบริหารจัดการนวัตกรรม (Innovation Management),80964862-4ba3-4146-959a-77b30f92e038,กลุ่มวิชาบริหารจัดการนวัตกรรม (Innovation Management),,f407bb74-0812-4606-ba0d-d788cf0db73a,20314534,การจัดการตลาดสินค้าดิจิทัล,Digital Marketing Management,3,3(2-2-5)
79315bb2-fd7a-433c-a911-355e037d6c17,,,กลุ่มวิชาบริหารจัดการนวัตกรรม (Innovation Management),80964862-4ba3-4146-959a-77b30f92e038,กลุ่มวิชาบริหารจัดการนวัตกรรม (Innovation Management),,4169a4af-f942-4619-8aa2-2809aa8004e7,20314533,ทักษะการเป็นผู้ประกอบการนวัตกรรมดิจิทัล,Digital Innopreneur Skill,3,3(2-2-5)
f79c5355-5a2f-449a-a492-ef32d49738e7,,,กลุ่มวิชาบริหารจัดการนวัตกรรม (Innovation Management),80964862-4ba3-4146-959a-77b30f92e038,กลุ่มวิชาบริหารจัดการนวัตกรรม (Innovation Management),,903a267e-dc18-4108-a2bc-6669b027f72f,20314532,นวัตกรรมสีเขียว,Green Innovation,3,3(2-2-5)
154fa0f5-7569-407c-ad14-e111fc271037,,,กลุ่มวิชาบริหารจัดการนวัตกรรม (Innovation Management),80964862-4ba3-4146-959a-77b30f92e038,กลุ่มวิชาบริหารจัดการนวัตกรรม (Innovation Management),,1c742402-6b62-463e-ba6c-6021bfa24694,20314531,การจัดการกระบวนการนวัตกรรม,Innovation Process Management,3,3(2-2-5)
67d74fad-cc86-494a-89c0-20082d4bf9af,,,กลุ่มวิชานวัตกรรมดิจิทัลเพื่อการเรียนรู้ (Digital Innovation for Learning),7c157012-4250-48ef-ae99-014ec4b9cadc,กลุ่มวิชานวัตกรรมดิจิทัลเพื่อการเรียนรู้ (Digital Innovation for Learning),,b9998c32-1be2-4a10-a436-e13378a9ecce,20314529,หัวข้อที่สนใจทางนวัตกรรมเทคโนโลยีดิจิทัล 2,Selected Topics in Digital Technology Innovation 2,3,3(2-2-5)
4bf692f1-cde0-4e60-80e3-e3e7c6474c87,,,กลุ่มวิชานวัตกรรมดิจิทัลเพื่อการเรียนรู้ (Digital Innovation for Learning),7c157012-4250-48ef-ae99-014ec4b9cadc,กลุ่มวิชานวัตกรรมดิจิทัลเพื่อการเรียนรู้ (Digital Innovation for Learning),,66b8152d-a095-403b-b1a2-2de1dcc6dda5,20314528,อนาคตศึกษาในการเรียนรู้ดิจิทัล,Future Studies in Digital Learning,3,3(2-2-5)
242797e9-79dc-4ee5-8c31-fa4f92c4d051,,,กลุ่มวิชานวัตกรรมดิจิทัลเพื่อการเรียนรู้ (Digital Innovation for Learning),7c157012-4250-48ef-ae99-014ec4b9cadc,กลุ่มวิชานวัตกรรมดิจิทัลเพื่อการเรียนรู้ (Digital Innovation for Learning),,191f8363-e175-44b3-a357-e45ccf8ed16c,20314527,การจำลองระบบและการสร้างตัวแบบข้อมูล,System Simulation and Data Modeling,3,3(2-2-5)
4ce7fd1f-8982-4b22-816f-f994830163c3,,,กลุ่มวิชานวัตกรรมดิจิทัลเพื่อการเรียนรู้ (Digital Innovation for Learning),7c157012-4250-48ef-ae99-014ec4b9cadc,กลุ่มวิชานวัตกรรมดิจิทัลเพื่อการเรียนรู้ (Digital Innovation for Learning),,496d4e25-64e9-4591-a260-acf1c6b1997c,20314526,การจัดการความรู้ในนวัตกรรมเทคโนโลยีดิจิทัล,Knowledge Management in Digital Technology Innovation,3,3(2-2-5)
3caa5c48-7d1f-4084-b232-1fb407ba00d0,,,กลุ่มวิชานวัตกรรมดิจิทัลเพื่อการเรียนรู้ (Digital Innovation for Learning),7c157012-4250-48ef-ae99-014ec4b9cadc,กลุ่มวิชานวัตกรรมดิจิทัลเพื่อการเรียนรู้ (Digital Innovation for Learning),,492c9102-d1e0-4aa1-92f3-53d905235e8f,20314525,นวัตกรรมการเรียนรู้ดิจิทัลในชุมชนออนไลน์,Digital Learning Innovation in Online Communities,3,3(2-2-5)
cf60d8d0-f7c0-472e-892b-65542ea87f55,,,กลุ่มวิชานวัตกรรมดิจิทัลเพื่อการเรียนรู้ (Digital Innovation for Learning),7c157012-4250-48ef-ae99-014ec4b9cadc,กลุ่มวิชานวัตกรรมดิจิทัลเพื่อการเรียนรู้ (Digital Innovation for Learning),,26031cf3-9ea3-4880-9786-5acaeaadf720,20314524,การผลิตสื่อดิจิทัลอัจฉริยะเพื่อการเรียนรู้,Smart Digital Media Production for Learning,3,3(2-2-5)
81327b96-d6ea-4db8-86a9-d9c79c6b9c36,,,กลุ่มวิชานวัตกรรมดิจิทัลเพื่อการเรียนรู้ (Digital Innovation for Learning),7c157012-4250-48ef-ae99-014ec4b9cadc,กลุ่มวิชานวัตกรรมดิจิทัลเพื่อการเรียนรู้ (Digital Innovation for Learning),,914ef23e-13e3-435a-a6af-e465d08031c6,20314523,นวัตกรรมเทคโนโลยีดิจิทัลเพื่อพัฒนากระบวนการเรียนรู้,Digital Technology Innovation for Development of Learning Process,3,3(2-2-5)
20809292-618d-4be8-b6c4-6961e51d7ffb,,,กลุ่มวิชานวัตกรรมดิจิทัลเพื่อการเรียนรู้ (Digital Innovation for Learning),7c157012-4250-48ef-ae99-014ec4b9cadc,กลุ่มวิชานวัตกรรมดิจิทัลเพื่อการเรียนรู้ (Digital Innovation for Learning),,3cb6ccf9-3fb8-49fc-8582-b823901e038b,20314522,นวัตกรรมเทคโนโลยีดิจิทัลเพื่อการศึกษา,Digital Technology Innovation for Education,3,3(2-2-5)
3daf18c6-40f6-4a3b-8238-1d351750152c,,,กลุ่มวิชานวัตกรรมดิจิทัลเพื่อการเรียนรู้ (Digital Innovation for Learning),7c157012-4250-48ef-ae99-014ec4b9cadc,กลุ่มวิชานวัตกรรมดิจิทัลเพื่อการเรียนรู้ (Digital Innovation for Learning),,ad49e60d-aec0-4578-8293-2800a930ae15,20314521,การคิดเชิงนวัตกรรมเพื่อการเรียนรู้ดิจิทัล,Innovative Thinking for Digital Learning,3,3(3-0-6)
7756d728-f781-4d1b-a70d-6bc05485a91c,,,กลุ่มวิชาพัฒนาระบบสารสนเทศอัจฉริยะ (Smart Information System Development),dd21c9fe-7676-46ec-b413-605f72caf152,กลุ่มวิชาพัฒนาระบบสารสนเทศอัจฉริยะ (Smart Information System Development),,1886ada5-582c-4ffd-b14b-7121185f4df2,20314519,หัวข้อที่สนใจทางนวัตกรรมเทคโนโลยีดิจิทัล 1,Selected Topics in Digital Technology Innovation 1,3,3(2-2-5)
aff48176-44e3-404f-8e91-9913a9497142,,,กลุ่มวิชาพัฒนาระบบสารสนเทศอัจฉริยะ (Smart Information System Development),dd21c9fe-7676-46ec-b413-605f72caf152,กลุ่มวิชาพัฒนาระบบสารสนเทศอัจฉริยะ (Smart Information System Development),,776b789c-3f38-4ac2-90ae-a76cf0a2c7c5,20314518,การประมวลผลบนกลุ่มเมฆขั้นสูง,Advanced Cloud Computing,3,3(2-2-5)
98943789-e778-473d-9adf-41f5cca3c735,,,กลุ่มวิชาพัฒนาระบบสารสนเทศอัจฉริยะ (Smart Information System Development),dd21c9fe-7676-46ec-b413-605f72caf152,กลุ่มวิชาพัฒนาระบบสารสนเทศอัจฉริยะ (Smart Information System Development),,41b04cb2-09ad-47ff-bf33-71271b27689a,20314517,นวัตกรรมภูมิสารสนเทศเกษตร,Agricultural Geo-informatics Innovation,3,3(2-2-5)
28d88dce-b33c-4176-8f1a-da898d743c64,,,กลุ่มวิชาพัฒนาระบบสารสนเทศอัจฉริยะ (Smart Information System Development),dd21c9fe-7676-46ec-b413-605f72caf152,กลุ่มวิชาพัฒนาระบบสารสนเทศอัจฉริยะ (Smart Information System Development),,daddc1ce-7426-496e-84a4-08e5dcf68174,20314516,การประมวลผลเชิงมัลติมีเดีย,Multimedia Processing,3,3(2-2-5)
177ac200-ba71-44bf-8709-1e7d85769420,,,กลุ่มวิชาพัฒนาระบบสารสนเทศอัจฉริยะ (Smart Information System Development),dd21c9fe-7676-46ec-b413-605f72caf152,กลุ่มวิชาพัฒนาระบบสารสนเทศอัจฉริยะ (Smart Information System Development),,b0b53187-a033-4bcf-b131-1f62f8647236,20314515,การค้นคืนสารสนเทศ,Information Retrieval,3,3(2-2-5)
9dc8b384-ab78-46bf-8e28-2436e090054a,,,กลุ่มวิชาพัฒนาระบบสารสนเทศอัจฉริยะ (Smart Information System Development),dd21c9fe-7676-46ec-b413-605f72caf152,กลุ่มวิชาพัฒนาระบบสารสนเทศอัจฉริยะ (Smart Information System Development),,92e37f12-b0a5-41a3-9633-7c0ea616b686,20314514,การพัฒนาแอพพลิเคชันบนอุปกรณ์อัจฉริยะ,Smart Devices Application Development,3,3(2-2-5)
5f56cfad-9834-489b-97b4-f52717aa9576,,,กลุ่มวิชาพัฒนาระบบสารสนเทศอัจฉริยะ (Smart Information System Development),dd21c9fe-7676-46ec-b413-605f72caf152,กลุ่มวิชาพัฒนาระบบสารสนเทศอัจฉริยะ (Smart Information System Development),,b81a86fb-07fa-40b1-90e5-3bea39d5dd2e,20314513,การพัฒนานวัตกรรมเทคโนโลยีดิจิทัล,Digital Technology Innovation Development,3,3(2-2-5)
b7670831-4bc0-4041-be6a-34819b4feea8,,,กลุ่มวิชาพัฒนาระบบสารสนเทศอัจฉริยะ (Smart Information System Development),dd21c9fe-7676-46ec-b413-605f72caf152,กลุ่มวิชาพัฒนาระบบสารสนเทศอัจฉริยะ (Smart Information System Development),,b7db35ec-7cd7-48e8-aea5-3ba981e64e6d,20314512,การเรียนรู้ของเครื่องจักรและปัญญาประดิษฐ์,Machine Learning and Artificial Intelligence,3,3(2-2-5)
b80ef147-df14-47e5-b68f-39b6f017654a,,,กลุ่มวิชาพัฒนาระบบสารสนเทศอัจฉริยะ (Smart Information System Development),dd21c9fe-7676-46ec-b413-605f72caf152,กลุ่มวิชาพัฒนาระบบสารสนเทศอัจฉริยะ (Smart Information System Development),,93bd8cf9-431c-48fe-9c64-42f73e5f4eae,20314511,วิทยาการข้อมูล,Data Science,3,3(2-2-5)
130d2d70-b0f9-4c3d-9def-6d4076f7e7a7,,,วิชาเอกบังคับ,50d1b0af-9aa6-46c7-859a-8886aaf70275,วิชาเอกบังคับ,,0e5e931d-34c7-47cc-9890-01a8709de520,20314504,นวัตกรรมการสื่อสารแบบครบวงจร,Unified Communication Innovation,3,3(2-2-5)
6769d1f2-1ce7-4f52-862a-567d65536b0e,,,วิชาเอกบังคับ,50d1b0af-9aa6-46c7-859a-8886aaf70275,วิชาเอกบังคับ,,4d49101c-328d-4adf-a503-af2cc5856c23,20314503,การพัฒนาแอพพลิเคชันและเซอร์วิส,Application and Services Development,3,3(2-2-5)
ae7f4e16-8d51-4652-a0e3-8e64e79bbee6,,,วิชาเอกบังคับ,50d1b0af-9aa6-46c7-859a-8886aaf70275,วิชาเอกบังคับ,,4c91caff-eaa9-482a-af28-24bd20b6dd0d,20314502,แก่นนวัตกรรมเทคโนโลยีดิจิทัล,Digital Technology Innovation Essential,3,3(2-2-5)
c25498de-e050-456d-bc1a-453cbb6d1c7f,,,วิทยานิพนธ์,286f0057-f721-4d89-892f-bd86c6e2970e,วิทยานิพนธ์,,96f7d7ba-c8c6-48d2-bc4f-5cc0e597cfce,20314694,วิทยานิพนธ์ 4,Thesis 4,12,12(0-36-0)
5b9e973a-e4ed-43e3-965f-7d5a67aaff28,,,วิทยานิพนธ์,286f0057-f721-4d89-892f-bd86c6e2970e,วิทยานิพนธ์,,34550897-0dcf-4998-a7d0-74d777138751,20314693,วิทยานิพนธ์ 3,Thesis 3,12,12(0-36-0)
b7647817-40f9-4d0d-88b0-e1496aa9d5d9,,,วิทยานิพนธ์,286f0057-f721-4d89-892f-bd86c6e2970e,วิทยานิพนธ์,,07a5b1ff-308b-44ee-a327-cca69a170fc1,20314692,วิทยานิพนธ์ 2,Thesis 2,6,6(0-18-0)
55a27ebe-4701-4194-bafa-ee62d0046c6d,,,วิทยานิพนธ์,286f0057-f721-4d89-892f-bd86c6e2970e,วิทยานิพนธ์,,2ca9e21a-53df-4552-8ed1-6a037f256a86,20314691,วิทยานิพนธ์ 1,Thesis 1,6,6(0-18-0)
8e778420-07de-4635-aa30-94a921885b32,,,รายวิชาที่ไม่นับหน่วยกิต,4421631c-3d57-4c89-b44f-2ad03c447467,รายวิชาที่ไม่นับหน่วยกิต,,406a10b2-cce1-4095-8c70-d36c3b4b0fc6,20314594,สัมมนา 4,Seminar 4,1,1(0-2-1)
51769eb6-4e27-4c3b-8175-4e24c29d8c60,,,รายวิชาที่ไม่นับหน่วยกิต,4421631c-3d57-4c89-b44f-2ad03c447467,รายวิชาที่ไม่นับหน่วยกิต,,9d967f35-f15f-44ac-8418-1a251a573eef,20314593,สัมมนา 3,Seminar 3,1,1(0-2-1)
29dbf192-f90c-423f-90f6-e03e28d83f08,,,รายวิชาที่ไม่นับหน่วยกิต,4421631c-3d57-4c89-b44f-2ad03c447467,รายวิชาที่ไม่นับหน่วยกิต,,3e4ced41-3453-4ae8-9174-4b5a89c97ccb,20314592,สัมมนา 2,Seminar 2,1,1(0-2-1)
dcf7855e-904f-4dc1-9893-a453d75b305e,,,รายวิชาที่ไม่นับหน่วยกิต,4421631c-3d57-4c89-b44f-2ad03c447467,รายวิชาที่ไม่นับหน่วยกิต,,e9561999-51a4-4190-82af-224aea0f87e5,20314591,สัมมนา 1,Seminar 1,1,1(0-2-1)
8c4a250e-5685-4180-bad9-1fa762e0cef1,,,รายวิชาที่ไม่นับหน่วยกิต,4421631c-3d57-4c89-b44f-2ad03c447467,รายวิชาที่ไม่นับหน่วยกิต,,08cf768c-fae0-4119-baf2-7e812eca9fe4,20314501,ระเบียบวิธีวิจัยทางนวัตกรรมเทคโนโลยีดิจิทัล,Research Methodology in Digital Technology Innovation,3,3(2-2-5)
