room_id,room_code,name_th,name_en,room_type,building_id,building_name,floor,capacity,responsible_personnel,image_url
dc170f38-635d-4249-af7b-03a3bdace37e,2,ปฏิบัติการเครือข่ายคอมพิวเตอร์ (Lab Network),,ห้องปฏิบัติการ,fa64c014-2b0a-4527-8394-5e870975b063,ตึก 60 ปี คณะวิทยาศาสตร์,6,70,,https://csmju.com/files/rooms/2026/08/1787122044335-751b27c2-b51b-4bd7-a05a-30ad9f95984e.jpg
a46293e9-4660-4170-8fce-bcfc9c4e9258,8,ห้องบรรยายคอมพิวเตอร์ 6 (Lect 6),,ห้องบรรยาย,fa64c014-2b0a-4527-8394-5e870975b063,ตึก 60 ปี คณะวิทยาศาสตร์,2,60,,https://csmju.com/files/rooms/2026/08/1787122432399-8ee4294a-6f78-491c-b731-98e2dc4d3ce5.jpg
37fe2716-5b25-4843-8144-741042b46923,9,ห้องบรรยายคอมพิวเตอร์ 8 (Lect 8),,ห้องบรรยาย,fa64c014-2b0a-4527-8394-5e870975b063,ตึก 60 ปี คณะวิทยาศาสตร์,2,70,,https://csmju.com/files/rooms/2026/08/1787122467948-1f60c1f5-2130-4291-ab14-46d3faf22f88.jpg
d53a7015-8fad-4506-becb-b3db24662d62,6,ห้องปฏิบัติการคอมพิวเตอร์ 1 (Lab 1),,ห้องปฏิบัติการ,fa64c014-2b0a-4527-8394-5e870975b063,ตึก 60 ปี คณะวิทยาศาสตร์,6,35,,https://csmju.com/files/rooms/2026/08/1787122286448-71aa7f60-90c9-45f1-9fce-3fcfce6e2dd0.jpg
820accce-d057-4af4-92aa-5d497823a309,5,ห้องปฏิบัติการคอมพิวเตอร์ 2 (Lab 2),,ห้องปฏิบัติการ,fa64c014-2b0a-4527-8394-5e870975b063,ตึก 60 ปี คณะวิทยาศาสตร์,6,54,,https://csmju.com/files/rooms/2026/08/1787122256232-b98b32b0-6d90-41d3-a068-4c007c8a3fe1.jpg
21df0f62-8887-49aa-93a9-719873b496ef,1,ห้องปฏิบัติการคอมพิวเตอร์ 3 (Lab 3),,ห้องปฏิบัติการ,fa64c014-2b0a-4527-8394-5e870975b063,ตึก 60 ปี คณะวิทยาศาสตร์,6,60,,https://csmju.com/files/rooms/2026/08/1787122004050-ad5806dc-0e09-47eb-8b20-90100015a1a1.jpg
dbcd3bbf-0c55-43a5-b9f1-686033ef3b41,4,ห้องปฏิบัติการคอมพิวเตอร์ 4 (Lab 4),,ห้องปฏิบัติการ,fa64c014-2b0a-4527-8394-5e870975b063,ตึก 60 ปี คณะวิทยาศาสตร์,6,60,,https://csmju.com/files/rooms/2026/08/1787122221111-7f9bdd0e-508b-47bb-8020-efe5f3603e15.jpg
4ec33e9b-142a-4c3c-8692-4f73e07cdc69,3,ห้องปฏิบัติการคอมพิวเตอร์ 5 (Labcom 5),,ห้องปฏิบัติการ,fa64c014-2b0a-4527-8394-5e870975b063,ตึก 60 ปี คณะวิทยาศาสตร์,6,50,,https://csmju.com/files/rooms/2026/08/1787122178811-1bf3a27d-a408-48f6-ad0d-1a4c387433a3.png
808a0c86-08d4-4125-af7c-2ba985c492bf,7,ห้องคอมพิวเตอร์ 3203 จุฬาภรณ์ (Lect 3203),,ห้องบรรยาย,cf9363ef-cd00-458e-b89b-bfedcc0b9acc,อาคารจุฬาภรณ์ คณะวิทยาศาสตร์,2,120,,https://csmju.com/files/rooms/2026/08/1787122393642-78dfee7b-73a2-48e0-bf50-41f1fb7c94fb.jpg
