year_level,entry_code,course_code,title_th,credits,section,day_th,day_en,weekday_index,start,end,type,room,building_code,instructors
1,69,10301111,การเขียนโปรแกรมเบื้องต้น,3,1,อังคาร,TUE,1,09:30,11:30,C,Lab คอม3-4,105,ผู้ช่วยศาสตราจารย์ภานุวัฒน์ เมฆะ
1,69,10301112,เทคโนโลยีสารสนเทศและการสื่อสาร,3,1,อังคาร,TUE,1,12:30,14:30,C,3203,141,นางสาวช่อทิพย์ สิทธิ; นางสาวสุภาพรรณ อนุตรกุล; นางสาวพัชรี ยางยืน; ผู้ช่วยศาสตราจารย์ ดร.ปวีณ เขื่อนแก้ว; นายประทีป สุขสมัย
1,69,10301111,การเขียนโปรแกรมเบื้องต้น,3,1,พุธ,WED,2,09:00,12:00,L,Lab คอม3-4,105,ผู้ช่วยศาสตราจารย์ภานุวัฒน์ เมฆะ
1,69,10301112,เทคโนโลยีสารสนเทศและการสื่อสาร,3,1,ศุกร์,FRI,4,10:00,13:00,L,Lab คอม3-4,105,นางสาวช่อทิพย์ สิทธิ; นางสาวสุภาพรรณ อนุตรกุล; นางสาวพัชรี ยางยืน; ผู้ช่วยศาสตราจารย์ ดร.ปวีณ เขื่อนแก้ว; นายประทีป สุขสมัย
2,68,10301231,เว็บเทคโนโลยี,3,1,จันทร์,MON,0,09:00,12:00,L,Lab คอม3-4,105,อาจารย์อรรถวิท ชังคมานนท์
2,68,10301225,วิศวกรรมซอฟต์แวร์,3,1,จันทร์,MON,0,13:00,15:00,C,Lab คอม3-4,105,ผู้ช่วยศาสตราจารย์ ดร.สมนึก สินธุปวน; อาจารย์อลงกต กองมณี
2,68,10301211,คณิตศาสตร์สำหรับวิทยาการคอมพิวเตอร์,3,1,อังคาร,TUE,1,08:30,10:00,C,3203,141,อาจารย์ ดร.พยุงศักดิ์ เกษมสำราญ
2,68,10301223,ฐานข้อมูลโครงสร้างเชิงสัมพันธ์,3,1,อังคาร,TUE,1,13:00,15:00,C,Lab คอม3-4,105,อาจารย์อรรถวิท ชังคมานนท์; ผู้ช่วยศาสตราจารย์ก่องกาญจน์ ดุลยไชย
2,68,10301222,โครงสร้างข้อมูลและอัลกอริทึม,3,1,อังคาร,TUE,1,15:00,17:00,C,Lab คอม3-4,105,ผู้ช่วยศาสตราจารย์ ดร.ปวีณ เขื่อนแก้ว; ผู้ช่วยศาสตราจารย์ ดร.บุรัสกร นันทดิลก
2,68,10301222,โครงสร้างข้อมูลและอัลกอริทึม,3,1,พุธ,WED,2,09:00,12:00,L,3203,141,ผู้ช่วยศาสตราจารย์ ดร.ปวีณ เขื่อนแก้ว; ผู้ช่วยศาสตราจารย์ ดร.บุรัสกร นันทดิลก
2,68,10301223,ฐานข้อมูลโครงสร้างเชิงสัมพันธ์,3,1,พฤหัสบดี,THU,3,09:00,12:00,L,Lab คอม3-4,105,อาจารย์อรรถวิท ชังคมานนท์; ผู้ช่วยศาสตราจารย์ก่องกาญจน์ ดุลยไชย
2,68,10301231,เว็บเทคโนโลยี,3,1,พฤหัสบดี,THU,3,13:00,15:00,C,Lab คอม3-4,105,อาจารย์อรรถวิท ชังคมานนท์
2,68,10301211,คณิตศาสตร์สำหรับวิทยาการคอมพิวเตอร์,3,1,ศุกร์,FRI,4,08:30,10:00,C,3203,141,อาจารย์ ดร.พยุงศักดิ์ เกษมสำราญ
2,68,10301225,วิศวกรรมซอฟต์แวร์,3,1,ศุกร์,FRI,4,13:00,16:00,L,Lab คอม3-4,105,ผู้ช่วยศาสตราจารย์ ดร.สมนึก สินธุปวน; อาจารย์อลงกต กองมณี
