year_level,entry_code,course_code,title_th,credits,kind,num_sections,sections
1,69,10100214,เกษตรเพื่อชีวิต,3,choose_one_section,7,กลุ่ม 1: จันทร์ 15:00-18:00 ศูนย์กีฬา (C) (เหลือ 199); กลุ่ม 2: พฤหัสบดี 15:00-18:00 80-201 (C) (เหลือ 27); กลุ่ม 3: อังคาร 15:00-18:00 ศูนย์กีฬา (C) (เหลือ 376); กลุ่ม 1: จันทร์ 15:00-18:00 N104:811 (C) (เหลือ 34); กลุ่ม 2: พฤหัสบดี 15:00-18:00 N104:811 (C) (เหลือ 17); กลุ่ม 3: ศุกร์ 17:00-20:00 TBA(แพร่) (C) (เหลือ 1); กลุ่ม 1: อังคาร 13:00-16:00 306 (C) (เหลือ 9)
1,69,10700301,ภาษาไทยเพื่อการนำเสนอ,3,choose_one_section,9,กลุ่ม 1: จันทร์ 13:00-15:00 80-504 (C); พฤหัสบดี 13:00-15:00 80-504 (L) (เหลือ 0); กลุ่ม 2: จันทร์ 13:00-15:00 80-506 (C); พฤหัสบดี 13:00-15:00 80-506 (L) (เหลือ 1); กลุ่ม 3: อังคาร 13:00-15:00 80-409 (C); ศุกร์ 13:00-15:00 80-409 (L) (เหลือ 0); กลุ่ม 4: จันทร์ 08:00-10:00 ศร302 (C); พฤหัสบดี 08:00-10:00 ศร302 (L) (เหลือ 2); กลุ่ม 5: จันทร์ 13:00-15:00 80-402 (C); พฤหัสบดี 13:00-15:00 80-402 (L) (เหลือ 0); กลุ่ม 6: จันทร์ 13:00-15:00 80-404 (C); พฤหัสบดี 13:00-15:00 80-404 (L) (เหลือ 1); กลุ่ม 7: อังคาร 10:00-12:00 ศร304 (C); ศุกร์ 10:00-12:00 ศร304 (L) (เหลือ 0); กลุ่ม 8: จันทร์ 08:00-10:00 ศร502 (C); พฤหัสบดี 08:00-10:00 ศร502 (L) (เหลือ 20); กลุ่ม 1: เสาร์ 08:00-10:00 เหลืองโคราช (C); เสาร์ 10:00-12:00 เหลืองโคราช (L) (เหลือ 29)
1,69,10700302,การใช้ภาษาไทยเพื่อการสื่อสาร,3,choose_one_section,24,กลุ่ม 3: อังคาร 10:00-12:00 80-506 (C); ศุกร์ 10:00-12:00 80-506 (L) (เหลือ 0); กลุ่ม 4: จันทร์ 13:00-15:00 80-505 (C); พฤหัสบดี 13:00-15:00 80-505 (L) (เหลือ 2); กลุ่ม 5: จันทร์ 13:00-15:00 ศร306 (C); พฤหัสบดี 13:00-15:00 ศร306 (L) (เหลือ 1); กลุ่ม 6: พุธ 08:00-10:00 ศร305 (C); พุธ 10:00-12:00 ศร305 (L) (เหลือ 0); กลุ่ม 7: จันทร์ 15:00-17:00 80-507 (C); พฤหัสบดี 15:00-17:00 80-507 (L) (เหลือ 15); กลุ่ม 8: จันทร์ 10:00-12:00 80-506 (C); พฤหัสบดี 10:00-12:00 80-506 (L) (เหลือ 15); กลุ่ม 9: จันทร์ 10:00-12:00 80-505 (C); พฤหัสบดี 10:00-12:00 80-505 (L) (เหลือ 2); กลุ่ม 10: อังคาร 08:00-10:00 80-403 (C); ศุกร์ 08:00-10:00 80-403 (L) (เหลือ 24); กลุ่ม 11: อังคาร 10:00-12:00 ศกฬรับรอง2 (C); ศุกร์ 10:00-12:00 ศกฬรับรอง2 (L) (เหลือ 0); กลุ่ม 12: จันทร์ 08:00-10:00 80-503 (C); พฤหัสบดี 08:00-10:00 80-503 (C) (เหลือ 2); กลุ่ม 13: จันทร์ 08:00-10:00 80-304 (C); พฤหัสบดี 08:00-10:00 80-304 (L) (เหลือ 3); กลุ่ม 14: พุธ 08:00-10:00 80-304 (C); พุธ 10:00-12:00 80-304 (L) (เหลือ 1); กลุ่ม 15: จันทร์ 08:00-10:00 80-410 (C); พฤหัสบดี 08:00-10:00 80-410 (L) (เหลือ 25); กลุ่ม 16: พุธ 08:00-10:00 80-404 (C); พุธ 10:00-12:00 80-404 (L) (เหลือ 2); กลุ่ม 17: จันทร์ 15:00-17:00 80-410 (C); พฤหัสบดี 15:00-17:00 80-410 (L) (เหลือ 19); กลุ่ม 18: จันทร์ 10:00-12:00 80-403 (C); พฤหัสบดี 10:00-12:00 80-403 (L) (เหลือ 15); กลุ่ม 19: จันทร์ 10:00-12:00 80-303 (C); พฤหัสบดี 10:00-12:00 80-303 (L) (เหลือ 17); กลุ่ม 20: จันทร์ 15:00-17:00 สังคม 106 (C); พฤหัสบดี 15:00-17:00 สังคม 106 (L) (เหลือ 23); กลุ่ม 21: จันทร์ 08:00-10:00 สังคม 202 (C); พฤหัสบดี 08:00-10:00 สังคม 202 (L) (เหลือ 3); กลุ่ม 22: อังคาร 08:00-10:00 80-408 (C); ศุกร์ 08:00-10:00 80-408 (L) (เหลือ 6); กลุ่ม 23: จันทร์ 15:00-17:00 80-303 (C); พฤหัสบดี 15:00-17:00 80-303 (L) (เหลือ 23); กลุ่ม 1: จันทร์ 13:00-15:00 115 : 801 (C); พฤหัสบดี 13:00-15:00 115 : 801 (L) (เหลือ 6); กลุ่ม 2: อังคาร 10:00-12:00 302/2 : 801 (C); ศุกร์ 10:00-12:00 302/2 : 801 (L) (เหลือ 8); กลุ่ม 1: เสาร์ 08:00-10:00 Online ชุมพร (C); เสาร์ 10:00-12:00 Online ชุมพร (L) (เหลือ 5)
1,69,10700303,ภาษาไทยเพื่อการสื่อสารสำหรับชาวต่างประเทศ,3,choose_one_section,1,กลุ่ม 1: จันทร์ 10:00-12:00 สังคม 217 (C); พฤหัสบดี 10:00-12:00 สังคม 217 (L) (เหลือ 6)
1,69,10700304,ภาษาไทยเพื่องานเขียนเชิงวิชาการ,3,choose_one_section,9,กลุ่ม 1: จันทร์ 13:00-15:00 80-507 (C); พฤหัสบดี 13:00-15:00 80-507 (L) (เหลือ 10); กลุ่ม 2: อังคาร 13:00-15:00 ศร304 (C); ศุกร์ 13:00-15:00 ศร304 (L) (เหลือ 12); กลุ่ม 3: อังคาร 13:00-15:00 80-404 (C); ศุกร์ 13:00-15:00 80-404 (L) (เหลือ 24); กลุ่ม 4: อังคาร 13:00-15:00 80-403 (C); ศุกร์ 13:00-15:00 80-403 (L) (เหลือ 1); กลุ่ม 5: จันทร์ 13:00-15:00 80-410 (C); พฤหัสบดี 13:00-15:00 80-410 (L) (เหลือ 24); กลุ่ม 6: จันทร์ 13:00-15:00 สังคม 106 (C); พฤหัสบดี 13:00-15:00 สังคม 106 (L) (เหลือ 14); กลุ่ม 7: อังคาร 15:00-17:00 ศร204 (C); ศุกร์ 15:00-17:00 ศร204 (L) (เหลือ 0); กลุ่ม 8: อังคาร 15:00-17:00 80-403 (C); ศุกร์ 15:00-17:00 80-403 (L) (เหลือ 27); กลุ่ม 1: อังคาร 13:00-15:00 107 : 801 (C); ศุกร์ 08:00-10:00 107 : 801 (L) (เหลือ 21)
1,69,10700305,ภาษาไทยสำหรับหน่วยงานราชการ,3,not_offered_2569_1,0,
1,69,10700307,ทักษะภาษาอังกฤษสำหรับศตวรรษที่ 21,3,choose_one_section,41,กลุ่ม 1: จันทร์ 08:00-10:00 ศกฬ เรียน1 (C); พฤหัสบดี 08:00-10:00 ศกฬ เรียน1 (L) (เหลือ 0); กลุ่ม 2: จันทร์ 08:00-10:00 ศกฬ เรียน2 (C); พฤหัสบดี 08:00-10:00 ศกฬ เรียน2 (L) (เหลือ 1); กลุ่ม 3: จันทร์ 10:00-12:00 BA 101 (C); พฤหัสบดี 10:00-12:00 BA 101 (L) (เหลือ 0); กลุ่ม 4: จันทร์ 10:00-12:00 ศกฬ เรียน1 (C); พฤหัสบดี 10:00-12:00 ศกฬ เรียน1 (L) (เหลือ 0); กลุ่ม 5: จันทร์ 10:00-12:00 ศกฬ เรียน2 (C); พฤหัสบดี 10:00-12:00 ศกฬ เรียน2 (L) (เหลือ 0); กลุ่ม 6: จันทร์ 13:00-15:00 80-304 (C); พฤหัสบดี 13:00-15:00 80-304 (L) (เหลือ 0); กลุ่ม 7: อังคาร 17:00-19:00 80-403 (C); ศุกร์ 17:00-19:00 80-403 (L) (เหลือ 0); กลุ่ม 8: อังคาร 13:00-15:00 ศกฬ เรียน2 (C); ศุกร์ 13:00-15:00 ศกฬ เรียน2 (L) (เหลือ 2); กลุ่ม 9: จันทร์ 15:00-17:00 ศกฬรับรอง2 (C); พฤหัสบดี 15:00-17:00 ศกฬรับรอง2 (L) (เหลือ 0); กลุ่ม 10: อังคาร 08:00-10:00 ศกฬ เรียน2 (C); ศุกร์ 08:00-10:00 ศกฬ เรียน2 (L) (เหลือ 1); กลุ่ม 11: อังคาร 13:00-15:00 80-507 (C); ศุกร์ 13:00-15:00 80-507 (L) (เหลือ 1); กลุ่ม 12: อังคาร 17:00-19:00 80-303 (C); ศุกร์ 17:00-19:00 80-303 (L) (เหลือ 0); กลุ่ม 13: อังคาร 13:00-15:00 80-501 (C); ศุกร์ 13:00-15:00 80-501 (L) (เหลือ 1); กลุ่ม 14: อังคาร 13:00-15:00 80-506 (C); ศุกร์ 13:00-15:00 80-506 (L) (เหลือ 0); กลุ่ม 15: อังคาร 13:00-15:00 ศกฬ เรียน1 (C); ศุกร์ 13:00-15:00 ศกฬ เรียน1 (L) (เหลือ 0); กลุ่ม 16: จันทร์ 13:00-15:00 ศกฬ เรียน2 (C); พฤหัสบดี 13:00-15:00 ศกฬ เรียน2 (L) (เหลือ 0); กลุ่ม 17: จันทร์ 13:00-15:00 ศกฬรับรอง2 (C); พฤหัสบดี 13:00-15:00 ศกฬรับรอง2 (L) (เหลือ 1); กลุ่ม 18: อังคาร 13:00-15:00 80-504 (C); ศุกร์ 13:00-15:00 80-504 (L) (เหลือ 1); กลุ่ม 19: อังคาร 08:00-10:00 80-402 (C); ศุกร์ 08:00-10:00 80-402 (L) (เหลือ 0); กลุ่ม 20: อังคาร 13:00-15:00 ศกฬรับรอง2 (C); ศุกร์ 13:00-15:00 ศกฬรับรอง2 (L) (เหลือ 0); กลุ่ม 21: จันทร์ 13:00-15:00 ศร402 (C); พฤหัสบดี 13:00-15:00 ศร402 (L) (เหลือ 0); กลุ่ม 22: อังคาร 08:00-10:00 80-406 (C); ศุกร์ 08:00-10:00 80-406 (L) (เหลือ 0); กลุ่ม 23: จันทร์ 13:00-15:00 80-409 (C); พฤหัสบดี 13:00-15:00 80-409 (L) (เหลือ 0); กลุ่ม 24: อังคาร 15:00-17:00 80-506 (C); ศุกร์ 15:00-17:00 80-506 (L) (เหลือ 2); กลุ่ม 25: อังคาร 15:00-17:00 80-404 (C); ศุกร์ 15:00-17:00 80-404 (C) (เหลือ 1); กลุ่ม 26: จันทร์ 15:00-17:00 ศร502 (C); พฤหัสบดี 15:00-17:00 ศร502 (L) (เหลือ 2); กลุ่ม 27: อังคาร 15:00-17:00 80-505 (C); ศุกร์ 15:00-17:00 80-505 (L) (เหลือ 0); กลุ่ม 28: อังคาร 10:00-12:00 สังคม 211 (C); ศุกร์ 10:00-12:00 สังคม 211 (L) (เหลือ 12); กลุ่ม 29: อังคาร 10:00-12:00 สังคม 202 (C); ศุกร์ 10:00-12:00 สังคม 202 (L) (เหลือ 12); กลุ่ม 30: จันทร์ 13:00-15:00 สังคม 202 (C); พฤหัสบดี 13:00-15:00 สังคม 202 (L) (เหลือ 2); กลุ่ม 31: จันทร์ 17:00-19:00 80-403 (C); พฤหัสบดี 17:00-19:00 80-403 (L) (เหลือ 0); กลุ่ม 32: พุธ 08:00-10:00 สังคม 202 (C); พุธ 10:00-12:00 สังคม 202 (L) (เหลือ 0); กลุ่ม 33: อังคาร 17:00-19:00 80-410 (C); ศุกร์ 17:00-19:00 80-410 (L) (เหลือ 0); กลุ่ม 1: จันทร์ 08:00-10:00 S1.LAB : 801 (C); พฤหัสบดี 08:00-10:00 S1.LAB : 801 (L) (เหลือ 2); กลุ่ม 2: อังคาร 13:00-15:00 S2.LAB : 801 (C); ศุกร์ 13:00-15:00 114 : 801 (L) (เหลือ 0); กลุ่ม 3: จันทร์ 08:00-10:00 S2.LAB : 801 (C); พฤหัสบดี 08:00-10:00 S2.LAB : 801 (L) (เหลือ 2); กลุ่ม 4: อังคาร 10:00-12:00 S2.LAB : 801 (C); ศุกร์ 10:00-12:00 S2.LAB : 801 (L) (เหลือ 5); กลุ่ม 5: จันทร์ 10:00-12:00 115 : 801 (C); พฤหัสบดี 10:00-12:00 208 : 801 (L) (เหลือ 3); กลุ่ม 6: จันทร์ 13:00-15:00 208 : 801 (C); พฤหัสบดี 13:00-15:00 208 : 801 (L) (เหลือ 3); กลุ่ม 7: จันทร์ 10:00-12:00 S2.LAB : 801 (C); พฤหัสบดี 10:00-12:00 S2.LAB : 801 (L) (เหลือ 1); กลุ่ม 8: จันทร์ 17:00-21:00 TBA(แพร่) (C) (เหลือ 4)
1,69,10700306,ภาษาไทยเพื่อกิจธุระยุคดิจิทัล,3,choose_one_section,4,กลุ่ม 1: จันทร์ 15:00-17:00 80-406 (C); พฤหัสบดี 15:00-17:00 80-406 (L) (เหลือ 0); กลุ่ม 2: อังคาร 10:00-12:00 80-303 (C); ศุกร์ 10:00-12:00 80-303 (L) (เหลือ 1); กลุ่ม 3: อังคาร 10:00-12:00 80-503 (C); ศุกร์ 10:00-12:00 80-503 (L) (เหลือ 11); กลุ่ม 5: อังคาร 15:00-17:00 80-406 (C); ศุกร์ 15:00-17:00 80-406 (L) (เหลือ 4)
1,69,10700308,ภาษาอังกฤษในชีวิตประจำวัน,3,choose_one_section,46,กลุ่ม 1: จันทร์ 08:00-10:00 80-303 (C); พฤหัสบดี 08:00-10:00 80-303 (L) (เหลือ 0); กลุ่ม 2: จันทร์ 08:00-10:00 ศร402 (C); พฤหัสบดี 08:00-10:00 ศร402 (L) (เหลือ 2); กลุ่ม 3: จันทร์ 10:00-12:00 ศร303 (C); พฤหัสบดี 10:00-12:00 ศร303 (L) (เหลือ 0); กลุ่ม 4: อังคาร 13:00-15:00 80-402 (C); ศุกร์ 13:00-15:00 80-402 (L) (เหลือ 1); กลุ่ม 5: จันทร์ 15:00-17:00 ศร402 (C); พฤหัสบดี 15:00-17:00 ศร402 (L) (เหลือ 1); กลุ่ม 8: จันทร์ 08:00-10:00 ศกฬรับรอง2 (C); พฤหัสบดี 08:00-10:00 ศกฬรับรอง2 (L) (เหลือ 9); กลุ่ม 9: อังคาร 08:00-10:00 ศร303 (C); ศุกร์ 08:00-10:00 ศร303 (L) (เหลือ 0); กลุ่ม 10: อังคาร 08:00-10:00 ศร401 (C); ศุกร์ 08:00-10:00 ศร401 (L) (เหลือ 7); กลุ่ม 11: อังคาร 08:00-10:00 EC403 (C); ศุกร์ 08:00-10:00 EC403 (L) (เหลือ 0); กลุ่ม 12: อังคาร 10:00-12:00 80-409 (C); ศุกร์ 10:00-12:00 80-409 (C) (เหลือ 53); กลุ่ม 13: อังคาร 10:00-12:00 80-304 (C); ศุกร์ 10:00-12:00 80-304 (L) (เหลือ 1); กลุ่ม 14: อังคาร 13:00-15:00 ศร303 (C); ศุกร์ 13:00-15:00 ศร303 (L) (เหลือ 0); กลุ่ม 15: จันทร์ 10:00-12:00 สังคม 209 (C); พฤหัสบดี 10:00-12:00 สังคม 209 (L) (เหลือ 1); กลุ่ม 16: อังคาร 15:00-17:00 ศร303 (C); ศุกร์ 15:00-17:00 ศร303 (L) (เหลือ 0); กลุ่ม 17: จันทร์ 15:00-17:00 ศกฬ เรียน1 (C); พฤหัสบดี 15:00-17:00 ศกฬ เรียน1 (L) (เหลือ 0); กลุ่ม 18: จันทร์ 15:00-17:00 ศร305 (C); พฤหัสบดี 15:00-17:00 ศร305 (L) (เหลือ 3); กลุ่ม 19: จันทร์ 17:00-19:00 80-408 (C); พฤหัสบดี 17:00-19:00 80-408 (L) (เหลือ 12); กลุ่ม 20: อังคาร 15:00-17:00 80-305 (สำรอง) (C); ศุกร์ 15:00-17:00 80-305 (สำรอง) (L) (เหลือ 12); กลุ่ม 21: จันทร์ 13:00-15:00 80-503 (C); พฤหัสบดี 13:00-15:00 80-503 (L) (เหลือ 0); กลุ่ม 22: จันทร์ 15:00-17:00 80-504 (C); พฤหัสบดี 15:00-17:00 80-504 (L) (เหลือ 0); กลุ่ม 23: จันทร์ 15:00-17:00 80-503 (C); พฤหัสบดี 15:00-17:00 80-503 (L) (เหลือ 0); กลุ่ม 24: จันทร์ 15:00-17:00 80-404 (C); พฤหัสบดี 15:00-17:00 80-404 (L) (เหลือ 1); กลุ่ม 25: จันทร์ 15:00-17:00 80-304 (C); พฤหัสบดี 15:00-17:00 80-304 (L) (เหลือ 3); กลุ่ม 26: จันทร์ 10:00-12:00 ศกฬรับรอง2 (C); พฤหัสบดี 10:00-12:00 ศกฬรับรอง2 (L) (เหลือ 1); กลุ่ม 27: จันทร์ 10:00-12:00 ศร502 (C); พฤหัสบดี 10:00-12:00 ศร502 (L) (เหลือ 1); กลุ่ม 28: จันทร์ 08:00-10:00 80-409 (C); พฤหัสบดี 08:00-10:00 80-409 (L) (เหลือ 0); กลุ่ม 29: อังคาร 10:00-12:00 สังคม 106 (C); ศุกร์ 10:00-12:00 สังคม 106 (L) (เหลือ 1); กลุ่ม 30: อังคาร 13:00-15:00 ศร204 (C); ศุกร์ 13:00-15:00 ศร204 (C) (เหลือ 5); กลุ่ม 31: อังคาร 13:00-15:00 80-505 (C); ศุกร์ 13:00-15:00 80-505 (L) (เหลือ 2); กลุ่ม 32: อังคาร 13:00-15:00 80-406 (C); ศุกร์ 13:00-15:00 80-406 (L) (เหลือ 3); กลุ่ม 33: พุธ 08:00-10:00 80-406 (C); พุธ 10:00-12:00 80-406 (L) (เหลือ 0); กลุ่ม 34: จันทร์ 13:00-15:00 80-303 (C); พฤหัสบดี 13:00-15:00 80-303 (L) (เหลือ 1); กลุ่ม 35: อังคาร 08:00-10:00 ศร502 (C); ศุกร์ 08:00-10:00 ศร502 (L) (เหลือ 0); กลุ่ม 36: จันทร์ 10:00-12:00 ศร402 (C); พฤหัสบดี 10:00-12:00 ศร402 (L) (เหลือ 6); กลุ่ม 37: พุธ 08:00-10:00 80-505 (C); พุธ 10:00-12:00 80-505 (L) (เหลือ 0); กลุ่ม 38: อังคาร 10:00-12:00 80-404 (C); ศุกร์ 10:00-12:00 80-404 (L) (เหลือ 3); กลุ่ม 39: อังคาร 08:00-10:00 ศร402 (C); ศุกร์ 08:00-10:00 ศร402 (L) (เหลือ 2); กลุ่ม 40: อังคาร 15:00-17:00 80-507 (C); ศุกร์ 15:00-17:00 80-507 (L) (เหลือ 12); กลุ่ม 41: อังคาร 10:00-12:00 สังคม 207 (C); ศุกร์ 10:00-12:00 สังคม 207 (L) (เหลือ 0); กลุ่ม 42: จันทร์ 17:00-19:00 80-304 (C); พฤหัสบดี 17:00-19:00 80-304 (L) (เหลือ 3); กลุ่ม 43: อังคาร 17:00-19:00 80-305 (สำรอง) (C); ศุกร์ 17:00-19:00 80-305 (สำรอง) (L) (เหลือ 1); กลุ่ม 44: อังคาร 17:00-19:00 80-408 (C); ศุกร์ 17:00-19:00 80-408 (L) (เหลือ 4); กลุ่ม 45: อังคาร 17:00-19:00 80-409 (C); ศุกร์ 17:00-19:00 80-409 (L) (เหลือ 1); กลุ่ม 46: อังคาร 10:00-12:00 สิงห์ปราชญ์ (C); ศุกร์ 10:00-12:00 สิงห์ปราชญ์ (L) (เหลือ 6); กลุ่ม 1: จันทร์ 08:00-10:00 106 : 801 (C); พฤหัสบดี 08:00-10:00 106 : 801 (L) (เหลือ 3); กลุ่ม 1: จันทร์ 13:00-15:00 308 (C); พฤหัสบดี 13:00-15:00 308 (L) (เหลือ 7)
1,69,10305108,แคลคูลัสสำหรับวิทยาศาสตร์และเทคโนโลยี,3,choose_one_section,2,กลุ่ม 1: อังคาร 14:30-16:00 Lab คณิต 4 (C); ศุกร์ 14:30-16:00 Lab คณิต 4 (C) (เหลือ 0); กลุ่ม 2: อังคาร 08:00-09:30 วิทย์ 2105 (C); ศุกร์ 08:00-09:30 วิทย์ 2105 (C) (เหลือ 6)
2,68,10700309,สนทนาภาษาอังกฤษ,3,choose_one_section,14,กลุ่ม 1: จันทร์ 10:00-12:00 SAS301 (C); พฤหัสบดี 10:00-12:00 SAS301 (L) (เหลือ 0); กลุ่ม 2: จันทร์ 10:00-12:00 80-410 (C); พฤหัสบดี 10:00-12:00 80-410 (L) (เหลือ 1); กลุ่ม 3: อังคาร 10:00-12:00 80-408 (C); ศุกร์ 10:00-12:00 80-408 (C) (เหลือ 0); กลุ่ม 4: จันทร์ 08:00-10:00 ศร305 (C); พฤหัสบดี 08:00-10:00 ศร305 (L) (เหลือ 0); กลุ่ม 5: จันทร์ 08:00-10:00 80-506 (C); พฤหัสบดี 08:00-10:00 80-506 (L) (เหลือ 1); กลุ่ม 6: อังคาร 15:00-17:00 สังคม 211 (C); ศุกร์ 15:00-17:00 สังคม 211 (L) (เหลือ 0); กลุ่ม 7: อังคาร 08:00-10:00 80-506 (C); ศุกร์ 08:00-10:00 80-506 (L) (เหลือ 1); กลุ่ม 8: อังคาร 08:00-10:00 80-507 (C); ศุกร์ 08:00-10:00 80-507 (L) (เหลือ 0); กลุ่ม 9: จันทร์ 15:00-17:00 80-408 (C); พฤหัสบดี 15:00-17:00 80-408 (L) (เหลือ 0); กลุ่ม 10: จันทร์ 15:00-17:00 สังคม 202 (C); พฤหัสบดี 15:00-17:00 สังคม 202 (L) (เหลือ 0); กลุ่ม 11: พุธ 08:00-10:00 80-403 (C); พุธ 10:00-12:00 80-403 (L) (เหลือ 0); กลุ่ม 12: อังคาร 15:00-17:00 80-304 (C); ศุกร์ 15:00-17:00 80-304 (L) (เหลือ 17); กลุ่ม 13: อังคาร 15:00-17:00 ศร305 (C); ศุกร์ 15:00-17:00 ศร305 (C) (เหลือ 15); กลุ่ม 1: อังคาร 13:00-15:00 207 : 801 (C); ศุกร์ 13:00-15:00 S1.LAB : 801 (L) (เหลือ 7)
2,68,10700310,ภาษาอังกฤษเบื้องต้นสำหรับธุรกิจและสตาร์ทอัพ,3,choose_one_section,24,กลุ่ม 1: จันทร์ 08:00-10:00 80-505 (C); พฤหัสบดี 08:00-10:00 80-505 (L) (เหลือ 17); กลุ่ม 2: จันทร์ 17:00-19:00 80-303 (C); พฤหัสบดี 17:00-19:00 80-303 (L) (เหลือ 0); กลุ่ม 3: จันทร์ 17:00-19:00 80-505 (C); พฤหัสบดี 17:00-19:00 80-505 (L) (เหลือ 0); กลุ่ม 4: จันทร์ 10:00-12:00 ศร305 (C); พฤหัสบดี 10:00-12:00 ศร305 (L) (เหลือ 1); กลุ่ม 5: จันทร์ 10:00-12:00 80-404 (C); พฤหัสบดี 10:00-12:00 80-404 (L) (เหลือ 0); กลุ่ม 6: จันทร์ 10:00-12:00 80-304 (C); พฤหัสบดี 10:00-12:00 80-304 (L) (เหลือ 2); กลุ่ม 7: จันทร์ 08:00-10:00 80-504 (C); พฤหัสบดี 08:00-10:00 80-504 (L) (เหลือ 6); กลุ่ม 8: จันทร์ 15:00-17:00 สังคม 211 (C); พฤหัสบดี 15:00-17:00 สังคม 211 (L) (เหลือ 1); กลุ่ม 9: อังคาร 15:00-17:00 80-501 (C); ศุกร์ 15:00-17:00 80-501 (L) (เหลือ 0); กลุ่ม 10: อังคาร 15:00-17:00 สังคม 208 (C); ศุกร์ 15:00-17:00 สังคม 208 (L) (เหลือ 0); กลุ่ม 11: อังคาร 15:00-17:00 80-303 (C); ศุกร์ 15:00-17:00 80-303 (L) (เหลือ 0); กลุ่ม 12: จันทร์ 17:00-19:00 80-404 (C); พฤหัสบดี 17:00-19:00 80-404 (L) (เหลือ 0); กลุ่ม 13: อังคาร 13:00-15:00 ศร402 (C); ศุกร์ 13:00-15:00 ศร402 (L) (เหลือ 30); กลุ่ม 14: อังคาร 15:00-17:00 80-408 (C); ศุกร์ 15:00-17:00 80-408 (L) (เหลือ 2); กลุ่ม 15: อังคาร 08:00-10:00 80-505 (C); ศุกร์ 08:00-10:00 80-505 (L) (เหลือ 1); กลุ่ม 16: อังคาร 13:00-15:00 80-503 (C); ศุกร์ 13:00-15:00 80-503 (L) (เหลือ 1); กลุ่ม 18: พุธ 08:00-10:00 80-504 (C); พุธ 10:00-12:00 80-504 (L) (เหลือ 1); กลุ่ม 19: พุธ 08:00-10:00 80-503 (C); พุธ 10:00-12:00 80-503 (L) (เหลือ 2); กลุ่ม 20: จันทร์ 13:00-15:00 สังคม 209 (C); พฤหัสบดี 13:00-15:00 สังคม 209 (L) (เหลือ 3); กลุ่ม 21: อังคาร 10:00-12:00 ศร305 (C); ศุกร์ 10:00-12:00 ศร305 (L) (เหลือ 0); กลุ่ม 22: อังคาร 13:00-15:00 ศร306 (C); ศุกร์ 13:00-15:00 ศร306 (L) (เหลือ 1); กลุ่ม 23: อังคาร 10:00-12:00 80-504 (C); ศุกร์ 10:00-12:00 80-504 (L) (เหลือ 0); กลุ่ม 24: จันทร์ 13:00-15:00 ศร305 (C); พฤหัสบดี 13:00-15:00 ศร305 (L) (เหลือ 2); กลุ่ม 25: อังคาร 08:00-10:00 80-503 (C); ศุกร์ 08:00-10:00 80-503 (L) (เหลือ 6)
2,68,10700311,ภาษาอังกฤษเพื่อการสมัครงาน,3,choose_one_section,6,กลุ่ม 1: อังคาร 08:00-10:00 80-410 (C); ศุกร์ 08:00-10:00 80-410 (L) (เหลือ 0); กลุ่ม 2: จันทร์ 10:00-12:00 80-504 (C); พฤหัสบดี 10:00-12:00 80-504 (L) (เหลือ 1); กลุ่ม 3: อังคาร 13:00-15:00 สังคม 209 (C); ศุกร์ 13:00-15:00 สังคม 209 (L) (เหลือ 2); กลุ่ม 4: จันทร์ 08:00-10:00 ศร303 (C); พฤหัสบดี 08:00-10:00 ศร303 (L) (เหลือ 10); กลุ่ม 5: จันทร์ 13:00-15:00 80-403 (C); พฤหัสบดี 13:00-15:00 80-403 (L) (เหลือ 0); กลุ่ม 6: อังคาร 13:00-15:00 80-303 (C); ศุกร์ 13:00-15:00 80-303 (L) (เหลือ 0)
2,68,10700313,ภาษาอังกฤษเชิงวิทยาศาสตร์และนวัตกรรม,3,choose_one_section,4,กลุ่ม 1: จันทร์ 15:00-17:00 80-401 (C); พฤหัสบดี 15:00-17:00 80-401 (C) (เหลือ 7); กลุ่ม 2: อังคาร 10:00-12:00 80-501 (C); ศุกร์ 10:00-12:00 80-501 (L) (เหลือ 0); กลุ่ม 3: อังคาร 08:00-10:00 80-303 (C); ศุกร์ 08:00-10:00 80-303 (L) (เหลือ 2); กลุ่ม 4: จันทร์ 10:00-12:00 80-402 (C); พฤหัสบดี 10:00-12:00 80-402 (L) (เหลือ 1)
2,68,10700314,ภาษาอังกฤษสำหรับวิชาชีพเกษตร,3,choose_one_section,6,กลุ่ม 1: อังคาร 10:00-12:00 ศกฬ เรียน2 (C); ศุกร์ 10:00-12:00 ศกฬ เรียน2 (L) (เหลือ 2); กลุ่ม 2: จันทร์ 08:00-10:00 80-408 (C); พฤหัสบดี 08:00-10:00 80-408 (L) (เหลือ 3); กลุ่ม 3: อังคาร 15:00-17:00 80-503 (C); ศุกร์ 15:00-17:00 80-503 (L) (เหลือ 1); กลุ่ม 4: จันทร์ 15:00-17:00 80-506 (C); พฤหัสบดี 15:00-17:00 80-506 (L) (เหลือ 5); กลุ่ม 5: อังคาร 08:00-10:00 80-504 (C); ศุกร์ 08:00-10:00 80-504 (L) (เหลือ 17); กลุ่ม 1: พุธ 15:00-17:00 S1.LAB : 801 (C); พฤหัสบดี 08:00-10:00 115 : 801 (L) (เหลือ 7)
2,68,10700315,ภาษาอังกฤษเพื่อสังคมโลก,3,choose_one_section,2,กลุ่ม 1: จันทร์ 08:00-10:00 สังคม 604 (C); พฤหัสบดี 08:00-10:00 สังคม 604 (L) (เหลือ 6); กลุ่ม 2: จันทร์ 10:00-12:00 สังคม 604 (C); พฤหัสบดี 10:00-12:00 สังคม 604 (L) (เหลือ 1)
2,68,10700316,ภาษาอังกฤษเชิงวิทยาศาสตร์และเทคโนโลยีสีเขียวในชีวิตประจำวัน,3,not_offered_2569_1,0,
2,68,10700317,ภาษาอังกฤษเพื่อผู้ประกอบการทางการเกษตรสร้างสรรค์,3,choose_one_section,2,กลุ่ม 1: อังคาร 13:00-15:00 EC402 (C); ศุกร์ 13:00-15:00 EC402 (L) (เหลือ 7); กลุ่ม 2: จันทร์ 13:00-15:00 EC402 (C); พฤหัสบดี 13:00-15:00 EC402 (L) (เหลือ 0)
2,68,10700318,ภาษาอังกฤษสำหรับการท่องเที่ยวสมัยใหม่,3,choose_one_section,3,กลุ่ม 1: อังคาร 10:00-12:00 สังคม 209 (C); ศุกร์ 10:00-12:00 สังคม 209 (L) (เหลือ 0); กลุ่ม 2: จันทร์ 08:00-10:00 สังคม 609 (C); พฤหัสบดี 08:00-10:00 สังคม 609 (L) (เหลือ 1); กลุ่ม 3: อังคาร 08:00-10:00 สังคม 209 (C); ศุกร์ 08:00-10:00 สังคม 209 (L) (เหลือ 2)
2,68,10700319,ภาษาอังกฤษสำหรับผู้ประกอบการและการค้าระหว่างประเทศ,3,choose_one_section,4,กลุ่ม 1: อังคาร 10:00-12:00 80-403 (C); ศุกร์ 10:00-12:00 80-403 (L) (เหลือ 0); กลุ่ม 2: จันทร์ 10:00-12:00 80-503 (C); พฤหัสบดี 10:00-12:00 80-503 (L) (เหลือ 2); กลุ่ม 3: จันทร์ 10:00-12:00 80-502 (C); พฤหัสบดี 10:00-12:00 80-502 (L) (เหลือ 3); กลุ่ม 4: อังคาร 10:00-12:00 80-410 (C); ศุกร์ 10:00-12:00 80-410 (L) (เหลือ 0)
2,68,10700321,ภาษาอังกฤษเพื่อการสื่อสารด้านการเกษตร,3,choose_one_section,3,กลุ่ม 1: พุธ 08:00-10:00 สังคม 213 (C); พุธ 10:00-12:00 สังคม 213 (C) (เหลือ 14); กลุ่ม 1: อังคาร 10:00-12:00 113 : 801 (C); ศุกร์ 10:00-12:00 S1.LAB : 801 (L) (เหลือ 0); กลุ่ม 2: อังคาร 08:00-10:00 S2.LAB : 801 (C); ศุกร์ 08:00-10:00 S2.LAB : 801 (L) (เหลือ 5)
2,68,10700322,ภาษาอังกฤษสำหรับวิชาชีพบัญชี,3,not_offered_2569_1,0,
3,67,อล001,วิชาเอกเลือก,3,elective_slot,0,
3,67,อล002,วิชาเอกเลือก,3,elective_slot,0,
3,67,อล003,วิชาเอกเลือก,3,elective_slot,0,
3,67,อล004,วิชาเอกเลือก,3,elective_slot,0,
3,67,10300411,วิทยาศาสตร์เพื่อชีวิต,3,choose_one_section,5,กลุ่ม 1: จันทร์ 08:00-10:00 ศร201_1 (C); พฤหัสบดี 08:00-10:00 ศร201_1 (L) (เหลือ 22); กลุ่ม 2: จันทร์ 15:00-17:00 ศร201_1 (C); พฤหัสบดี 15:00-17:00 ศร201_1 (L) (เหลือ 59); กลุ่ม 3: จันทร์ 13:00-15:00 ศร201_1 (C); พฤหัสบดี 13:00-15:00 ศร201_1 (L) (เหลือ 46); กลุ่ม 4: จันทร์ 17:00-19:00 3102 (C); พฤหัสบดี 17:00-19:00 3102 (L) (เหลือ 10); กลุ่ม 5: อังคาร 17:00-19:00 3102 (C); ศุกร์ 17:00-19:00 3102 (L) (เหลือ 59)
3,67,10700320,ภาษาอังกฤษเพื่อการศึกษาต่อและการประกอบอาชีพ,3,choose_one_section,3,กลุ่ม 1: อังคาร 15:00-17:00 80-504 (C); ศุกร์ 15:00-17:00 80-504 (L) (เหลือ 0); กลุ่ม 2: จันทร์ 15:00-17:00 80-501 (C); พฤหัสบดี 15:00-17:00 80-501 (L) (เหลือ 1); กลุ่ม 1: จันทร์ 13:00-15:00 S2.LAB : 801 (C); พฤหัสบดี 13:00-15:00 S2.LAB : 801 (C) (เหลือ 7)
4,66,10300497,สหกิจศึกษา,6,choose_one_section,4,กลุ่ม 1: - (เหลือ 6); กลุ่ม 2: - (เหลือ 6); กลุ่ม 3: - (เหลือ 2); กลุ่ม 4: - (เหลือ 9)
4,66,10300498,การเรียนรู้อิสระ,6,choose_one_section,4,กลุ่ม 1: - (เหลือ 9); กลุ่ม 2: - (เหลือ 19); กลุ่ม 3: - (เหลือ 3); กลุ่ม 4: - (เหลือ 8)
4,66,10300499,การศึกษา หรือ ฝึกงาน หรือ ฝึกอบรมต่างประเทศ,6,choose_one_section,2,กลุ่ม 1: - (เหลือ 8); กลุ่ม 2: - (เหลือ 1)
3,67,10301314,หลักการเขียนโปรแกรมเชิงวัตถุ,3,cs_elective_offered,1,กลุ่ม 1: จันทร์ 13:00-15:00 บรรยาย คอม 8 (C); ศุกร์ 09:00-12:00 บรรยาย คอม 6 (L) (เหลือ 0) | เอกเลือกสำหรับ นศ. สาขาวิชาวิทยาการคอมพิวเตอร์ ชั้นปีที่ 3
3,67,10301341,การเข้ารหัสและความปลอดภัยในเครือข่าย,3,cs_elective_offered,1,กลุ่ม 1: จันทร์ 10:00-12:00 Lab คอม2 (C); อังคาร 09:00-12:00 Lab คอม2 (L) (เหลือ 0) | เอกเลือกสำหรับ นศ. สาขาวิชาวิทยาการคอมพิวเตอร์ ชั้นปีที่ 3
3,67,10301342,การประมวลผลแบบกลุ่มเมฆ,3,cs_elective_offered,1,กลุ่ม 1: จันทร์ 13:00-15:00 บรรยาย คอม 7 (C); พุธ 09:00-12:00 Lab คอม2 (L) (เหลือ 3) | เอกเลือกสำหรับ นศ. สาขาวิชาวิทยาการคอมพิวเตอร์ ชั้นปีที่ 4
3,67,10301351,วิทยาการข้อมูล,3,cs_elective_offered,2,กลุ่ม 1: จันทร์ 13:00-15:00 Sci Digital Lab (C); พฤหัสบดี 13:00-16:00 Sci Digital Lab (L) (เหลือ 0) ; กลุ่ม 2: จันทร์ 10:00-12:00 Sci Digital Lab (C); อังคาร 13:00-16:00 Sci Digital Lab (L) (เหลือ 1) | เอกเลือกสำหรับ นศ. สาขาวิชาวิทยาการคอมพิวเตอร์ ชั้นปีที่ 3
3,67,10301364,ตรรกศาสตร์เชิงดิจิทัลและอุปกรณ์อัจฉริยะ,3,cs_elective_offered,1,กลุ่ม 1: จันทร์ 13:00-15:00 Lab คอม2 (C); พฤหัสบดี 09:00-12:00 Lab คอม2 (L) (เหลือ 1) | เอกเลือกสำหรับ นศ. สาขาวิชาวิทยาการคอมพิวเตอร์ ชั้นปีที่ 3
3,67,10301366,วิทยาการสมองกลฝังตัว,3,cs_elective_offered,1,กลุ่ม 1: จันทร์ 13:00-15:00 Lab คอม 5 (C); อังคาร 10:00-13:00 Lab คอม 5 (L) (เหลือ 2) | เอกเลือกสำหรับ นศ. สาขาวิชาวิทยาการคอมพิวเตอร์ ชั้นปีที่ 4
3,67,10301371,ปัญญาประดิษฐ์,3,cs_elective_offered,1,กลุ่ม 1: อังคาร 10:00-12:00 3203 (C); ศุกร์ 13:00-16:00 Lab คอม2 (L) (เหลือ 1) | เอกเลือกสำหรับ นศ. สาขาวิชาวิทยาการคอมพิวเตอร์ ชั้นปีที่ 3
3,67,10301374,การประมวลผลภาษาธรรมชาติ,3,cs_elective_offered,1,กลุ่ม 1: พฤหัสบดี 13:00-15:00 บรรยาย คอม 8 (C); ศุกร์ 09:00-12:00 Lab คอม2 (L) (เหลือ 1) | เอกเลือกสำหรับ นศ. สาขาวิชาวิทยาการคอมพิวเตอร์ ชั้นปีที่ 3
3,67,10301385,ระบบบริหารสารสนเทศเพื่อการจัดการ,3,cs_elective_offered,1,กลุ่ม 1: จันทร์ 15:00-17:00 บรรยาย คอม 6 (C); พฤหัสบดี 14:00-17:00 บรรยาย คอม 6 (L) (เหลือ 0) | เอกเลือกสำหรับ นศ. สาขาวิชาวิทยาการคอมพิวเตอร์ ชั้นปีที่ 3
3,67,10301391,หัวข้อพิเศษทางวิทยาการคอมพิวเตอร์ 1,3,cs_elective_offered,1,กลุ่ม 1: อังคาร 13:00-15:00 บรรยาย คอม 6 (C); พฤหัสบดี 10:00-13:00 บรรยาย คอม 6 (L) (เหลือ 0) | เอกเลือกสำหรับ นศ. สาขาวิชาวิทยาการคอมพิวเตอร์ ชั้นปีที่ 3
3,67,10301491,สัมมนาวิชาการทางวิทยาการคอมพิวเตอร์,3,cs_elective_offered,1,กลุ่ม 1: จันทร์ 09:00-12:00 บรรยาย คอม 8 (C) (เหลือ 1) 
3,67,คพ392,การเป็นผู้ประกอบการทางด้านคอมพิวเตอร์และนวัตกรรม,3,cs_elective_offered,1,กลุ่ม 1: อังคาร 17:00-19:00 บรรยาย คอม 8 (C); พุธ 17:00-20:00 บรรยาย คอม 6 (L) (เหลือ 0) | สำหรับนักศึกษาสาขาวิชาวิทยาการคอมพิวเตอร์ (ตกค้าง) หลักสูตร 60
4,66,10301314,หลักการเขียนโปรแกรมเชิงวัตถุ,3,cs_elective_offered,1,กลุ่ม 1: จันทร์ 13:00-15:00 บรรยาย คอม 8 (C); ศุกร์ 09:00-12:00 บรรยาย คอม 6 (L) (เหลือ 0) | เอกเลือกสำหรับ นศ. สาขาวิชาวิทยาการคอมพิวเตอร์ ชั้นปีที่ 3
4,66,10301341,การเข้ารหัสและความปลอดภัยในเครือข่าย,3,cs_elective_offered,1,กลุ่ม 1: จันทร์ 10:00-12:00 Lab คอม2 (C); อังคาร 09:00-12:00 Lab คอม2 (L) (เหลือ 0) | เอกเลือกสำหรับ นศ. สาขาวิชาวิทยาการคอมพิวเตอร์ ชั้นปีที่ 3
4,66,10301342,การประมวลผลแบบกลุ่มเมฆ,3,cs_elective_offered,1,กลุ่ม 1: จันทร์ 13:00-15:00 บรรยาย คอม 7 (C); พุธ 09:00-12:00 Lab คอม2 (L) (เหลือ 3) | เอกเลือกสำหรับ นศ. สาขาวิชาวิทยาการคอมพิวเตอร์ ชั้นปีที่ 4
4,66,10301351,วิทยาการข้อมูล,3,cs_elective_offered,2,กลุ่ม 1: จันทร์ 13:00-15:00 Sci Digital Lab (C); พฤหัสบดี 13:00-16:00 Sci Digital Lab (L) (เหลือ 0) ; กลุ่ม 2: จันทร์ 10:00-12:00 Sci Digital Lab (C); อังคาร 13:00-16:00 Sci Digital Lab (L) (เหลือ 1) | เอกเลือกสำหรับ นศ. สาขาวิชาวิทยาการคอมพิวเตอร์ ชั้นปีที่ 3
4,66,10301364,ตรรกศาสตร์เชิงดิจิทัลและอุปกรณ์อัจฉริยะ,3,cs_elective_offered,1,กลุ่ม 1: จันทร์ 13:00-15:00 Lab คอม2 (C); พฤหัสบดี 09:00-12:00 Lab คอม2 (L) (เหลือ 1) | เอกเลือกสำหรับ นศ. สาขาวิชาวิทยาการคอมพิวเตอร์ ชั้นปีที่ 3
4,66,10301366,วิทยาการสมองกลฝังตัว,3,cs_elective_offered,1,กลุ่ม 1: จันทร์ 13:00-15:00 Lab คอม 5 (C); อังคาร 10:00-13:00 Lab คอม 5 (L) (เหลือ 2) | เอกเลือกสำหรับ นศ. สาขาวิชาวิทยาการคอมพิวเตอร์ ชั้นปีที่ 4
4,66,10301371,ปัญญาประดิษฐ์,3,cs_elective_offered,1,กลุ่ม 1: อังคาร 10:00-12:00 3203 (C); ศุกร์ 13:00-16:00 Lab คอม2 (L) (เหลือ 1) | เอกเลือกสำหรับ นศ. สาขาวิชาวิทยาการคอมพิวเตอร์ ชั้นปีที่ 3
4,66,10301374,การประมวลผลภาษาธรรมชาติ,3,cs_elective_offered,1,กลุ่ม 1: พฤหัสบดี 13:00-15:00 บรรยาย คอม 8 (C); ศุกร์ 09:00-12:00 Lab คอม2 (L) (เหลือ 1) | เอกเลือกสำหรับ นศ. สาขาวิชาวิทยาการคอมพิวเตอร์ ชั้นปีที่ 3
4,66,10301385,ระบบบริหารสารสนเทศเพื่อการจัดการ,3,cs_elective_offered,1,กลุ่ม 1: จันทร์ 15:00-17:00 บรรยาย คอม 6 (C); พฤหัสบดี 14:00-17:00 บรรยาย คอม 6 (L) (เหลือ 0) | เอกเลือกสำหรับ นศ. สาขาวิชาวิทยาการคอมพิวเตอร์ ชั้นปีที่ 3
4,66,10301391,หัวข้อพิเศษทางวิทยาการคอมพิวเตอร์ 1,3,cs_elective_offered,1,กลุ่ม 1: อังคาร 13:00-15:00 บรรยาย คอม 6 (C); พฤหัสบดี 10:00-13:00 บรรยาย คอม 6 (L) (เหลือ 0) | เอกเลือกสำหรับ นศ. สาขาวิชาวิทยาการคอมพิวเตอร์ ชั้นปีที่ 3
4,66,10301491,สัมมนาวิชาการทางวิทยาการคอมพิวเตอร์,3,cs_elective_offered,1,กลุ่ม 1: จันทร์ 09:00-12:00 บรรยาย คอม 8 (C) (เหลือ 1) 
4,66,คพ392,การเป็นผู้ประกอบการทางด้านคอมพิวเตอร์และนวัตกรรม,3,cs_elective_offered,1,กลุ่ม 1: อังคาร 17:00-19:00 บรรยาย คอม 8 (C); พุธ 17:00-20:00 บรรยาย คอม 6 (L) (เหลือ 0) | สำหรับนักศึกษาสาขาวิชาวิทยาการคอมพิวเตอร์ (ตกค้าง) หลักสูตร 60
