course_code,title_th,section,midterm,final
10100214,เกษตรเพื่อชีวิต,1,27 ส.ค. 2569 เวลา 13:00 - 16:00 อาคาร 801 ห้อง 106 : 801 | 27 ส.ค. 2569 เวลา 13:00 - 16:00 อาคาร 801 ห้อง 105 : 801 | 27 ส.ค. 2569 เวลา 13:00 - 16:00 อาคาร 801 ห้อง 303/2 : 801 | 27 ส.ค. 2569 เวลา 13:00 - 16:00 อาคาร 801 ห้อง 302/2 : 801,27 ต.ค. 2569 เวลา 13:00 - 16:00 อาคาร 801 ห้อง 208 : 801 | 27 ต.ค. 2569 เวลา 13:00 - 16:00 อาคาร 801 ห้อง 107 : 801 | 27 ต.ค. 2569 เวลา 13:00 - 16:00 อาคาร 801 ห้อง 105 : 801 | 27 ต.ค. 2569 เวลา 13:00 - 16:00 อาคาร 801 ห้อง 106 : 801 | 27 ต.ค. 2569 เวลา 13:00 - 16:00 อาคาร 801 ห้อง 302/2 : 801
10100214,เกษตรเพื่อชีวิต,2,27 ส.ค. 2569 เวลา 13:00 - 16:00 อาคาร 801 ห้อง 207 : 801 | 27 ส.ค. 2569 เวลา 13:00 - 16:00 อาคาร 801 ห้อง 208 : 801 | 27 ส.ค. 2569 เวลา 13:00 - 16:00 อาคาร 801 ห้อง 114 : 801 | 27 ส.ค. 2569 เวลา 13:00 - 16:00 อาคาร 801 ห้อง 107 : 801 | 27 ส.ค. 2569 เวลา 13:00 - 16:00 อาคาร 801 ห้อง 115 : 801,27 ต.ค. 2569 เวลา 13:00 - 16:00 อาคาร 801 ห้อง 303/2 : 801 | 27 ต.ค. 2569 เวลา 13:00 - 16:00 อาคาร 801 ห้อง 114 : 801
10100214,เกษตรเพื่อชีวิต,1,28 ส.ค. 2569 เวลา 13:00 - 16:00 อาคาร 716 ห้อง 308,
10200503,การประยุกต์ใช้โปรแกรมสำเร็จรูปทางธุรกิจ,1,,19 ต.ค. 2569 เวลา 09:00 - 12:00 อาคาร 811 ห้อง N107:811
10200504,การเป็นผู้ประกอบการ,1,26 ส.ค. 2569 เวลา 08:00 - 11:00 อาคาร 147 ห้อง 80-301 | 26 ส.ค. 2569 เวลา 08:00 - 11:00 อาคาร 125 ห้อง ศร204,30 ต.ค. 2569 เวลา 15:30 - 18:30 อาคาร 125 ห้อง ศร201_1 | 30 ต.ค. 2569 เวลา 15:30 - 18:30 อาคาร 147 ห้อง 80-301
10200504,การเป็นผู้ประกอบการ,2,26 ส.ค. 2569 เวลา 08:00 - 11:00 อาคาร 125 ห้อง ศร201_1 | 26 ส.ค. 2569 เวลา 08:00 - 11:00 อาคาร 125 ห้อง ศร304 | 26 ส.ค. 2569 เวลา 08:00 - 11:00 อาคาร 125 ห้อง ศร201_2,30 ต.ค. 2569 เวลา 15:30 - 18:30 อาคาร 125 ห้อง ศร201_1 | 30 ต.ค. 2569 เวลา 15:30 - 18:30 อาคาร 125 ห้อง ศร403 | 30 ต.ค. 2569 เวลา 15:30 - 18:30 อาคาร 125 ห้อง ศร201_2
10200504,การเป็นผู้ประกอบการ,3,26 ส.ค. 2569 เวลา 08:00 - 11:00 อาคาร 125 ห้อง ศร304 | 26 ส.ค. 2569 เวลา 08:00 - 11:00 อาคาร 125 ห้อง ศร403,30 ต.ค. 2569 เวลา 15:30 - 18:30 อาคาร 125 ห้อง ศร304 | 30 ต.ค. 2569 เวลา 15:30 - 18:30 อาคาร 147 ห้อง 80-201
10200504,การเป็นผู้ประกอบการ,4,26 ส.ค. 2569 เวลา 08:00 - 11:00 อาคาร 147 ห้อง 80-401 | 26 ส.ค. 2569 เวลา 08:00 - 11:00 อาคาร 125 ห้อง ศร403 | 26 ส.ค. 2569 เวลา 08:00 - 11:00 อาคาร 147 ห้อง 80-410 | 26 ส.ค. 2569 เวลา 08:00 - 11:00 อาคาร 147 ห้อง 80-402,30 ต.ค. 2569 เวลา 15:30 - 18:30 อาคาร 147 ห้อง 80-501 | 30 ต.ค. 2569 เวลา 15:30 - 18:30 อาคาร 147 ห้อง 80-402 | 30 ต.ค. 2569 เวลา 15:30 - 18:30 อาคาร 147 ห้อง 80-201
10200505,การตลาดบนสมาร์ทโฟน,1,,21 ต.ค. 2569 เวลา 15:30 - 18:30 อาคาร 107 ห้อง BA 301 | 21 ต.ค. 2569 เวลา 15:30 - 18:30 อาคาร 107 ห้อง BA 305 | 21 ต.ค. 2569 เวลา 15:30 - 18:30 อาคาร 142 ห้อง สิงห์พลิน
10200505,การตลาดบนสมาร์ทโฟน,1,,19 ต.ค. 2569 เวลา 09:00 - 12:00 อาคาร 801 ห้อง 107 : 801
10300403,โปรแกรมสำเร็จรูปเพื่อการศึกษา,1,,27 ต.ค. 2569 เวลา 09:00 - 12:00 อาคาร 801 ห้อง 105 : 801 | 27 ต.ค. 2569 เวลา 09:00 - 12:00 อาคาร 801 ห้อง 106 : 801
10300403,โปรแกรมสำเร็จรูปเพื่อการศึกษา,2,,27 ต.ค. 2569 เวลา 09:00 - 12:00 อาคาร 801 ห้อง 303/2 : 801
10300403,โปรแกรมสำเร็จรูปเพื่อการศึกษา,3,,27 ต.ค. 2569 เวลา 09:00 - 12:00 อาคาร 801 ห้อง 303/2 : 801
10300403,โปรแกรมสำเร็จรูปเพื่อการศึกษา,4,,27 ต.ค. 2569 เวลา 09:00 - 12:00 อาคาร 801 ห้อง 106 : 801 | 27 ต.ค. 2569 เวลา 09:00 - 12:00 อาคาร 801 ห้อง 107 : 801
10300404,การตัดสินใจในชีวิตประจำวัน,1,24 ส.ค. 2569 เวลา 08:00 - 11:00 อาคาร 147 ห้อง 80-301,20 ต.ค. 2569 เวลา 08:00 - 11:00 อาคาร 147 ห้อง 80-301
10300404,การตัดสินใจในชีวิตประจำวัน,2,24 ส.ค. 2569 เวลา 08:00 - 11:00 อาคาร 147 ห้อง 80-301,20 ต.ค. 2569 เวลา 08:00 - 11:00 อาคาร 147 ห้อง 80-301
10300404,การตัดสินใจในชีวิตประจำวัน,3,24 ส.ค. 2569 เวลา 08:00 - 11:00 อาคาร 125 ห้อง ศร403,20 ต.ค. 2569 เวลา 08:00 - 11:00 อาคาร 125 ห้อง ศร403
10300404,การตัดสินใจในชีวิตประจำวัน,4,24 ส.ค. 2569 เวลา 08:00 - 11:00 อาคาร 125 ห้อง ศร302 | 24 ส.ค. 2569 เวลา 08:00 - 11:00 อาคาร 125 ห้อง ศร403,20 ต.ค. 2569 เวลา 08:00 - 11:00 อาคาร 125 ห้อง ศร302 | 20 ต.ค. 2569 เวลา 08:00 - 11:00 อาคาร 125 ห้อง ศร403
10300404,การตัดสินใจในชีวิตประจำวัน,5,24 ส.ค. 2569 เวลา 08:00 - 11:00 อาคาร 125 ห้อง ศร302,20 ต.ค. 2569 เวลา 08:00 - 11:00 อาคาร 125 ห้อง ศร302
10300404,การตัดสินใจในชีวิตประจำวัน,6,24 ส.ค. 2569 เวลา 08:00 - 11:00 อาคาร 125 ห้อง ศร201_2,20 ต.ค. 2569 เวลา 08:00 - 11:00 อาคาร 125 ห้อง ศร201_2
10300405,การคำนวณทางธุรกิจและการลงทุนสำหรับผู้ประกอบการยุคใหม่,1,27 ส.ค. 2569 เวลา 12:00 - 15:00 อาคาร 105 ห้อง ห้องสอบออนไลน์,26 ต.ค. 2569 เวลา 12:00 - 15:00 อาคาร 105 ห้อง ห้องสอบออนไลน์
10300405,การคำนวณทางธุรกิจและการลงทุนสำหรับผู้ประกอบการยุคใหม่,2,27 ส.ค. 2569 เวลา 12:00 - 15:00 อาคาร 105 ห้อง ห้องสอบออนไลน์,26 ต.ค. 2569 เวลา 12:00 - 15:00 อาคาร 105 ห้อง ห้องสอบออนไลน์
10300405,การคำนวณทางธุรกิจและการลงทุนสำหรับผู้ประกอบการยุคใหม่,3,27 ส.ค. 2569 เวลา 12:00 - 15:00 อาคาร 105 ห้อง ห้องสอบออนไลน์,26 ต.ค. 2569 เวลา 12:00 - 15:00 อาคาร 105 ห้อง ห้องสอบออนไลน์
10300405,การคำนวณทางธุรกิจและการลงทุนสำหรับผู้ประกอบการยุคใหม่,4,27 ส.ค. 2569 เวลา 12:00 - 15:00 อาคาร 105 ห้อง ห้องสอบออนไลน์,26 ต.ค. 2569 เวลา 12:00 - 15:00 อาคาร 105 ห้อง ห้องสอบออนไลน์
10300409,คณิตศาสตร์เพื่อชีวิตสมัยใหม่,1,25 ส.ค. 2569 เวลา 12:00 - 15:00 อาคาร 125 ห้อง ศร403,21 ต.ค. 2569 เวลา 12:00 - 15:00 อาคาร 125 ห้อง ศร403
10300409,คณิตศาสตร์เพื่อชีวิตสมัยใหม่,2,25 ส.ค. 2569 เวลา 12:00 - 15:00 อาคาร 125 ห้อง ศร403,
10300410,ความฉลาดรู้ด้านวิทยาศาสตร์สำหรับโลกสมัยใหม่,2,29 ส.ค. 2569 เวลา 08:00 - 11:00 อาคาร 147 ห้อง 80-402,19 ต.ค. 2569 เวลา 08:00 - 11:00 อาคาร 125 ห้อง ศร204
10300410,ความฉลาดรู้ด้านวิทยาศาสตร์สำหรับโลกสมัยใหม่,3,29 ส.ค. 2569 เวลา 08:00 - 11:00 อาคาร 147 ห้อง 80-402 | 29 ส.ค. 2569 เวลา 08:00 - 11:00 อาคาร 147 ห้อง 80-403,19 ต.ค. 2569 เวลา 08:00 - 11:00 อาคาร 125 ห้อง ศร302
10300410,ความฉลาดรู้ด้านวิทยาศาสตร์สำหรับโลกสมัยใหม่,4,29 ส.ค. 2569 เวลา 08:00 - 11:00 อาคาร 147 ห้อง 80-501,19 ต.ค. 2569 เวลา 08:00 - 11:00 อาคาร 147 ห้อง 80-402
10300411,วิทยาศาสตร์เพื่อชีวิต,1,28 ส.ค. 2569 เวลา 15:30 - 18:30 อาคาร 105 ห้อง ห้องสอบออนไลน์,27 ต.ค. 2569 เวลา 15:30 - 18:30 อาคาร 105 ห้อง ห้องสอบออนไลน์
10300411,วิทยาศาสตร์เพื่อชีวิต,2,28 ส.ค. 2569 เวลา 15:30 - 18:30 อาคาร 105 ห้อง ห้องสอบออนไลน์,27 ต.ค. 2569 เวลา 15:30 - 18:30 อาคาร 105 ห้อง ห้องสอบออนไลน์
10300411,วิทยาศาสตร์เพื่อชีวิต,3,28 ส.ค. 2569 เวลา 15:30 - 18:30 อาคาร 105 ห้อง ห้องสอบออนไลน์,27 ต.ค. 2569 เวลา 15:30 - 18:30 อาคาร 105 ห้อง ห้องสอบออนไลน์
10300411,วิทยาศาสตร์เพื่อชีวิต,4,28 ส.ค. 2569 เวลา 15:30 - 18:30 อาคาร 105 ห้อง ห้องสอบออนไลน์,27 ต.ค. 2569 เวลา 15:30 - 18:30 อาคาร 105 ห้อง ห้องสอบออนไลน์
10300411,วิทยาศาสตร์เพื่อชีวิต,5,28 ส.ค. 2569 เวลา 15:30 - 18:30 อาคาร 105 ห้อง ห้องสอบออนไลน์,27 ต.ค. 2569 เวลา 15:30 - 18:30 อาคาร 105 ห้อง ห้องสอบออนไลน์
10300412,การพัฒนาวิทยาศาสตร์และเทคโนโลยี,1,28 ส.ค. 2569 เวลา 08:00 - 11:00 อาคาร 105 ห้อง ห้องสอบออนไลน์,28 ต.ค. 2569 เวลา 12:00 - 15:00 อาคาร 105 ห้อง ห้องสอบออนไลน์
10301111,การเขียนโปรแกรมเบื้องต้น,1,26 ส.ค. 2569 เวลา 08:00 - 11:00 อาคาร 147 ห้อง 80-501,22 ต.ค. 2569 เวลา 08:00 - 11:00 อาคาร 147 ห้อง 80-501
10301112,เทคโนโลยีสารสนเทศและการสื่อสาร,1,29 ส.ค. 2569 เวลา 15:30 - 18:30 อาคาร 147 ห้อง 80-401,28 ต.ค. 2569 เวลา 15:30 - 18:30 อาคาร 147 ห้อง 80-401
10301211,คณิตศาสตร์สำหรับวิทยาการคอมพิวเตอร์,1,28 ส.ค. 2569 เวลา 08:00 - 11:00 อาคาร 142 ห้อง สิงห์พลิน,27 ต.ค. 2569 เวลา 08:00 - 11:00 อาคาร 142 ห้อง สิงห์พลิน
10301222,โครงสร้างข้อมูลและอัลกอริทึม,1,24 ส.ค. 2569 เวลา 15:30 - 18:30 อาคาร 142 ห้อง สิงห์พลิน,20 ต.ค. 2569 เวลา 12:00 - 15:00 อาคาร 140 ห้อง EC303
10301223,ฐานข้อมูลโครงสร้างเชิงสัมพันธ์,1,26 ส.ค. 2569 เวลา 15:30 - 18:30 อาคาร 142 ห้อง สิงห์พลิน,22 ต.ค. 2569 เวลา 15:30 - 18:30 อาคาร 142 ห้อง สิงห์พลิน
10305100,คณิตศาสตร์ขั้นพื้นฐาน,1,26 ส.ค. 2569 เวลา 08:00 - 11:00 อาคาร 105 ห้อง วิทย์ 2105,22 ต.ค. 2569 เวลา 08:00 - 11:00 อาคาร 105 ห้อง วิทย์ 2105
10305100,คณิตศาสตร์ขั้นพื้นฐาน,2,26 ส.ค. 2569 เวลา 08:00 - 11:00 อาคาร 105 ห้อง วิทย์ 2311,22 ต.ค. 2569 เวลา 08:00 - 11:00 อาคาร 105 ห้อง วิทย์ 2311
10305100,คณิตศาสตร์ขั้นพื้นฐาน,3,26 ส.ค. 2569 เวลา 08:00 - 11:00 อาคาร 105 ห้อง วิทย์ 2311 | 26 ส.ค. 2569 เวลา 08:00 - 11:00 อาคาร 142 ห้อง สิงห์พลิน,22 ต.ค. 2569 เวลา 08:00 - 11:00 อาคาร 142 ห้อง สิงห์พลิน | 22 ต.ค. 2569 เวลา 08:00 - 11:00 อาคาร 105 ห้อง วิทย์ 2311
10305100,คณิตศาสตร์ขั้นพื้นฐาน,4,26 ส.ค. 2569 เวลา 08:00 - 11:00 อาคาร 105 ห้อง วิทย์ 2507/1 | 26 ส.ค. 2569 เวลา 08:00 - 11:00 อาคาร 142 ห้อง สิงห์พลิน,22 ต.ค. 2569 เวลา 08:00 - 11:00 อาคาร 142 ห้อง สิงห์พลิน | 22 ต.ค. 2569 เวลา 08:00 - 11:00 อาคาร 105 ห้อง วิทย์ 2507/1
10305103,แคลคูลัสสำหรับวิศวกรรม 1,1,26 ส.ค. 2569 เวลา 08:00 - 11:00 อาคาร 107 ห้อง BA 301,22 ต.ค. 2569 เวลา 08:00 - 11:00 อาคาร 107 ห้อง BA 301
10305103,แคลคูลัสสำหรับวิศวกรรม 1,2,26 ส.ค. 2569 เวลา 08:00 - 11:00 อาคาร 107 ห้อง BA 305,22 ต.ค. 2569 เวลา 08:00 - 11:00 อาคาร 107 ห้อง BA 305
10305105,คณิตศาสตร์สำหรับบริหารธุรกิจและเศรษฐศาสตร์ 1,1,24 ส.ค. 2569 เวลา 15:30 - 18:30 อาคาร 105 ห้อง วิทย์ 2105,20 ต.ค. 2569 เวลา 15:30 - 18:30 อาคาร 105 ห้อง วิทย์ 2105
10305105,คณิตศาสตร์สำหรับบริหารธุรกิจและเศรษฐศาสตร์ 1,2,24 ส.ค. 2569 เวลา 15:30 - 18:30 อาคาร 105 ห้อง วิทย์ 2311,20 ต.ค. 2569 เวลา 15:30 - 18:30 อาคาร 105 ห้อง วิทย์ 2311
10305108,แคลคูลัสสำหรับวิทยาศาสตร์และเทคโนโลยี,1,27 ส.ค. 2569 เวลา 08:00 - 11:00 อาคาร 105 ห้อง วิทย์ 2507/1,19 ต.ค. 2569 เวลา 08:00 - 11:00 อาคาร 105 ห้อง วิทย์ 2507/1
10305108,แคลคูลัสสำหรับวิทยาศาสตร์และเทคโนโลยี,2,27 ส.ค. 2569 เวลา 08:00 - 11:00 อาคาร 105 ห้อง วิทย์ 2507/2,19 ต.ค. 2569 เวลา 08:00 - 11:00 อาคาร 105 ห้อง วิทย์ 2507/2
10305109,คณิตศาสตร์สำหรับอุตสาหกรรม,1,24 ส.ค. 2569 เวลา 15:30 - 18:30 อาคาร 147 ห้อง 80-401,28 ต.ค. 2569 เวลา 12:00 - 15:00 อาคาร 147 ห้อง 80-501
10305111,คณิตศาสตร์เพื่อการเกษตร,1,27 ส.ค. 2569 เวลา 08:00 - 11:00 อาคาร 147 ห้อง 80-301,19 ต.ค. 2569 เวลา 08:00 - 11:00 อาคาร 147 ห้อง 80-301
10305111,คณิตศาสตร์เพื่อการเกษตร,2,27 ส.ค. 2569 เวลา 08:00 - 11:00 อาคาร 125 ห้อง ศร403 | 27 ส.ค. 2569 เวลา 08:00 - 11:00 อาคาร 147 ห้อง 80-301,19 ต.ค. 2569 เวลา 08:00 - 11:00 อาคาร 125 ห้อง ศร403 | 19 ต.ค. 2569 เวลา 08:00 - 11:00 อาคาร 147 ห้อง 80-301
10305111,คณิตศาสตร์เพื่อการเกษตร,3,27 ส.ค. 2569 เวลา 08:00 - 11:00 อาคาร 125 ห้อง ศร403,19 ต.ค. 2569 เวลา 08:00 - 11:00 อาคาร 125 ห้อง ศร403
10305111,คณิตศาสตร์เพื่อการเกษตร,4,27 ส.ค. 2569 เวลา 08:00 - 11:00 อาคาร 125 ห้อง ศร403 | 27 ส.ค. 2569 เวลา 08:00 - 11:00 อาคาร 125 ห้อง ศร201_2,19 ต.ค. 2569 เวลา 08:00 - 11:00 อาคาร 125 ห้อง ศร201_2 | 19 ต.ค. 2569 เวลา 08:00 - 11:00 อาคาร 125 ห้อง ศร403
10305111,คณิตศาสตร์เพื่อการเกษตร,5,27 ส.ค. 2569 เวลา 08:00 - 11:00 อาคาร 125 ห้อง ศร201_2 | 27 ส.ค. 2569 เวลา 08:00 - 11:00 อาคาร 125 ห้อง ศร201_1,19 ต.ค. 2569 เวลา 08:00 - 11:00 อาคาร 125 ห้อง ศร201_1 | 19 ต.ค. 2569 เวลา 08:00 - 11:00 อาคาร 125 ห้อง ศร201_2
10305111,คณิตศาสตร์เพื่อการเกษตร,6,27 ส.ค. 2569 เวลา 08:00 - 11:00 อาคาร 125 ห้อง ศร201_1,19 ต.ค. 2569 เวลา 08:00 - 11:00 อาคาร 125 ห้อง ศร201_1
10305131,แคลคูลัสสำหรับวิทยาศาสตร์ 1,1,27 ส.ค. 2569 เวลา 15:30 - 18:30 อาคาร 125 ห้อง ศร306,29 ต.ค. 2569 เวลา 15:30 - 18:30 อาคาร 125 ห้อง ศร204
10305131,แคลคูลัสสำหรับวิทยาศาสตร์ 1,2,27 ส.ค. 2569 เวลา 15:30 - 18:30 อาคาร 125 ห้อง ศร401,29 ต.ค. 2569 เวลา 15:30 - 18:30 อาคาร 125 ห้อง ศร306
10305133,แคลคูลัสและการประยุกต์ 1,1,25 ส.ค. 2569 เวลา 12:00 - 15:00 อาคาร 125 ห้อง ศร306,21 ต.ค. 2569 เวลา 12:00 - 15:00 อาคาร 125 ห้อง ศร306
10305133,แคลคูลัสและการประยุกต์ 1,2,25 ส.ค. 2569 เวลา 12:00 - 15:00 อาคาร 125 ห้อง ศร401,21 ต.ค. 2569 เวลา 12:00 - 15:00 อาคาร 125 ห้อง ศร401
10305203,แคลคูลัสสำหรับวิศวกรรม 3,1,28 ส.ค. 2569 เวลา 15:30 - 18:30 อาคาร 147 ห้อง 80-501,27 ต.ค. 2569 เวลา 15:30 - 18:30 อาคาร 147 ห้อง 80-501
10305203,แคลคูลัสสำหรับวิศวกรรม 3,2,28 ส.ค. 2569 เวลา 15:30 - 18:30 อาคาร 147 ห้อง 80-501,27 ต.ค. 2569 เวลา 15:30 - 18:30 อาคาร 147 ห้อง 80-501
10305233,สมการเชิงอนุพันธ์และการประยุกต์,1,24 ส.ค. 2569 เวลา 15:30 - 18:30 อาคาร 147 ห้อง 80-303,20 ต.ค. 2569 เวลา 15:30 - 18:30 อาคาร 147 ห้อง 80-303
10305233,สมการเชิงอนุพันธ์และการประยุกต์,2,24 ส.ค. 2569 เวลา 15:30 - 18:30 อาคาร 125 ห้อง ศร204,20 ต.ค. 2569 เวลา 15:30 - 18:30 อาคาร 125 ห้อง ศร204
10400407,ทักษะดิจิทัลในศตวรรษที่ 21,1,,26 ต.ค. 2569 เวลา 08:00 - 11:00 อาคาร 147 ห้อง 80-301 | 26 ต.ค. 2569 เวลา 08:00 - 11:00 อาคาร 142 ห้อง สิงห์พลิน | 26 ต.ค. 2569 เวลา 08:00 - 11:00 อาคาร 140 ห้อง EC303 | 26 ต.ค. 2569 เวลา 08:00 - 11:00 อาคาร 140 ห้อง EC302 | 26 ต.ค. 2569 เวลา 08:00 - 11:00 อาคาร 147 ห้อง 80-401
10400407,ทักษะดิจิทัลในศตวรรษที่ 21,2,,26 ต.ค. 2569 เวลา 08:00 - 11:00 อาคาร 147 ห้อง 80-502 | 26 ต.ค. 2569 เวลา 08:00 - 11:00 อาคาร 147 ห้อง 80-402 | 26 ต.ค. 2569 เวลา 08:00 - 11:00 อาคาร 125 ห้อง ศร306 | 26 ต.ค. 2569 เวลา 08:00 - 11:00 อาคาร 125 ห้อง ศร401 | 26 ต.ค. 2569 เวลา 08:00 - 11:00 อาคาร 125 ห้อง ศร204 | 26 ต.ค. 2569 เวลา 08:00 - 11:00 อาคาร 125 ห้อง ศร302 | 26 ต.ค. 2569 เวลา 08:00 - 11:00 อาคาร 147 ห้อง 80-501
10400408,อาหารและเทคโนโลยี,1,,28 ต.ค. 2569 เวลา 13:00 - 16:00 อาคาร 801 ห้อง 106 : 801 | 28 ต.ค. 2569 เวลา 13:00 - 16:00 อาคาร 801 ห้อง 105 : 801
10400502,ผู้ประกอบการนวัตกรรมทางการเกษตร,1,,19 ต.ค. 2569 เวลา 13:00 - 16:00 อาคาร 801 ห้อง 113 : 801
10500501,เศรษฐศาสตร์เพื่อชีวิตประจำวันและการประกอบการ,1,29 ส.ค. 2569 เวลา 15:30 - 18:30 อาคาร 125 ห้อง ศร204,28 ต.ค. 2569 เวลา 15:30 - 18:30 อาคาร 125 ห้อง ศร204
10500501,เศรษฐศาสตร์เพื่อชีวิตประจำวันและการประกอบการ,1,,28 ต.ค. 2569 เวลา 09:00 - 12:00 อาคาร 801 ห้อง 106 : 801
10700101,สังคมโลกสมัยใหม่ในชีวิตประจำวัน,1,,30 ต.ค. 2569 เวลา 12:00 - 15:00 อาคาร 125 ห้อง ศร201_1
10700101,สังคมโลกสมัยใหม่ในชีวิตประจำวัน,2,,30 ต.ค. 2569 เวลา 12:00 - 15:00 อาคาร 125 ห้อง ศร201_2
10700101,สังคมโลกสมัยใหม่ในชีวิตประจำวัน,3,,30 ต.ค. 2569 เวลา 12:00 - 15:00 อาคาร 125 ห้อง ศร403
10700101,สังคมโลกสมัยใหม่ในชีวิตประจำวัน,4,,30 ต.ค. 2569 เวลา 12:00 - 15:00 อาคาร 125 ห้อง ศร304
10700101,สังคมโลกสมัยใหม่ในชีวิตประจำวัน,5,,30 ต.ค. 2569 เวลา 12:00 - 15:00 อาคาร 125 ห้อง ศร304 | 30 ต.ค. 2569 เวลา 12:00 - 15:00 อาคาร 142 ห้อง สิงห์พลิน
10700101,สังคมโลกสมัยใหม่ในชีวิตประจำวัน,6,,30 ต.ค. 2569 เวลา 12:00 - 15:00 อาคาร 147 ห้อง 80-301
10700101,สังคมโลกสมัยใหม่ในชีวิตประจำวัน,7,,30 ต.ค. 2569 เวลา 12:00 - 15:00 อาคาร 125 ห้อง ศร204 | 30 ต.ค. 2569 เวลา 12:00 - 15:00 อาคาร 147 ห้อง 80-301
10700101,สังคมโลกสมัยใหม่ในชีวิตประจำวัน,8,,30 ต.ค. 2569 เวลา 12:00 - 15:00 อาคาร 147 ห้อง 80-201
10700101,สังคมโลกสมัยใหม่ในชีวิตประจำวัน,9,,30 ต.ค. 2569 เวลา 12:00 - 15:00 อาคาร 125 ห้อง ศร302 | 30 ต.ค. 2569 เวลา 12:00 - 15:00 อาคาร 147 ห้อง 80-201
10700102,อารยธรรมและโลกสมัยใหม่,1,28 ส.ค. 2569 เวลา 12:00 - 15:00 อาคาร 147 ห้อง 80-301,27 ต.ค. 2569 เวลา 12:00 - 15:00 อาคาร 147 ห้อง 80-301
10700102,อารยธรรมและโลกสมัยใหม่,2,28 ส.ค. 2569 เวลา 12:00 - 15:00 อาคาร 125 ห้อง ศร403 | 28 ส.ค. 2569 เวลา 12:00 - 15:00 อาคาร 147 ห้อง 80-301,27 ต.ค. 2569 เวลา 12:00 - 15:00 อาคาร 125 ห้อง ศร403 | 27 ต.ค. 2569 เวลา 12:00 - 15:00 อาคาร 147 ห้อง 80-301
10700102,อารยธรรมและโลกสมัยใหม่,3,28 ส.ค. 2569 เวลา 12:00 - 15:00 อาคาร 125 ห้อง ศร403 | 28 ส.ค. 2569 เวลา 12:00 - 15:00 อาคาร 125 ห้อง ศร402,27 ต.ค. 2569 เวลา 12:00 - 15:00 อาคาร 125 ห้อง ศร402 | 27 ต.ค. 2569 เวลา 12:00 - 15:00 อาคาร 125 ห้อง ศร403
10700102,อารยธรรมและโลกสมัยใหม่,4,28 ส.ค. 2569 เวลา 12:00 - 15:00 อาคาร 125 ห้อง ศร304,27 ต.ค. 2569 เวลา 12:00 - 15:00 อาคาร 125 ห้อง ศร304
10700102,อารยธรรมและโลกสมัยใหม่,5,28 ส.ค. 2569 เวลา 12:00 - 15:00 อาคาร 125 ห้อง ศร201_1,27 ต.ค. 2569 เวลา 12:00 - 15:00 อาคาร 125 ห้อง ศร201_1
10700102,อารยธรรมและโลกสมัยใหม่,6,28 ส.ค. 2569 เวลา 12:00 - 15:00 อาคาร 125 ห้อง ศร201_2,27 ต.ค. 2569 เวลา 12:00 - 15:00 อาคาร 125 ห้อง ศร201_2
10700102,อารยธรรมและโลกสมัยใหม่,7,28 ส.ค. 2569 เวลา 12:00 - 15:00 อาคาร 147 ห้อง 80-401 | 28 ส.ค. 2569 เวลา 12:00 - 15:00 อาคาร 147 ห้อง 80-410,27 ต.ค. 2569 เวลา 12:00 - 15:00 อาคาร 147 ห้อง 80-401 | 27 ต.ค. 2569 เวลา 12:00 - 15:00 อาคาร 147 ห้อง 80-410
10700102,อารยธรรมและโลกสมัยใหม่,8,28 ส.ค. 2569 เวลา 12:00 - 15:00 อาคาร 147 ห้อง 80-501 | 28 ส.ค. 2569 เวลา 12:00 - 15:00 อาคาร 147 ห้อง 80-402,27 ต.ค. 2569 เวลา 12:00 - 15:00 อาคาร 147 ห้อง 80-402 | 27 ต.ค. 2569 เวลา 12:00 - 15:00 อาคาร 147 ห้อง 80-501
10700102,อารยธรรมและโลกสมัยใหม่,9,28 ส.ค. 2569 เวลา 12:00 - 15:00 อาคาร 147 ห้อง 80-501 | 28 ส.ค. 2569 เวลา 12:00 - 15:00 อาคาร 147 ห้อง 80-507,27 ต.ค. 2569 เวลา 12:00 - 15:00 อาคาร 147 ห้อง 80-507 | 27 ต.ค. 2569 เวลา 12:00 - 15:00 อาคาร 147 ห้อง 80-501
10700103,ประวัติศาสตร์และพัฒนาการของล้านนา,1,28 ส.ค. 2569 เวลา 08:00 - 11:00 อาคาร 147 ห้อง 80-301,27 ต.ค. 2569 เวลา 08:00 - 11:00 อาคาร 147 ห้อง 80-301
10700103,ประวัติศาสตร์และพัฒนาการของล้านนา,2,28 ส.ค. 2569 เวลา 08:00 - 11:00 อาคาร 147 ห้อง 80-301 | 28 ส.ค. 2569 เวลา 08:00 - 11:00 อาคาร 147 ห้อง 80-410,27 ต.ค. 2569 เวลา 08:00 - 11:00 อาคาร 147 ห้อง 80-301 | 27 ต.ค. 2569 เวลา 08:00 - 11:00 อาคาร 147 ห้อง 80-410
10700104,ผู้สูงอายุและสังคมผู้สูงวัย,1,26 ส.ค. 2569 เวลา 08:00 - 11:00 อาคาร 107 ห้อง BA 501 | 26 ส.ค. 2569 เวลา 08:00 - 11:00 อาคาร 107 ห้อง BA 503,30 ต.ค. 2569 เวลา 08:00 - 11:00 อาคาร 125 ห้อง ศร201_1
10700105,มนุษย์ สังคม เทคโนโลยีและสิ่งแวดล้อม,1,25 ส.ค. 2569 เวลา 12:00 - 15:00 อาคาร 147 ห้อง 80-201,26 ต.ค. 2569 เวลา 15:30 - 18:30 อาคาร 125 ห้อง ศร201_1
10700105,มนุษย์ สังคม เทคโนโลยีและสิ่งแวดล้อม,2,25 ส.ค. 2569 เวลา 12:00 - 15:00 อาคาร 102 ห้อง สังคม 106,26 ต.ค. 2569 เวลา 15:30 - 18:30 อาคาร 102 ห้อง สังคม 106
10700105,มนุษย์ สังคม เทคโนโลยีและสิ่งแวดล้อม,1,,28 ต.ค. 2569 เวลา 09:00 - 12:00 อาคาร 801 ห้อง 105 : 801
10700106,สังคมและวัฒนธรรมไทย,1,30 ส.ค. 2569 เวลา 08:00 - 11:00 อาคาร 125 ห้อง ศร304,29 ต.ค. 2569 เวลา 08:00 - 11:00 อาคาร 125 ห้อง ศร304
10700106,สังคมและวัฒนธรรมไทย,2,30 ส.ค. 2569 เวลา 08:00 - 11:00 อาคาร 125 ห้อง ศร403 | 30 ส.ค. 2569 เวลา 08:00 - 11:00 อาคาร 125 ห้อง ศร304,29 ต.ค. 2569 เวลา 08:00 - 11:00 อาคาร 125 ห้อง ศร403 | 29 ต.ค. 2569 เวลา 08:00 - 11:00 อาคาร 125 ห้อง ศร304
10700106,สังคมและวัฒนธรรมไทย,3,30 ส.ค. 2569 เวลา 08:00 - 11:00 อาคาร 125 ห้อง ศร403 | 30 ส.ค. 2569 เวลา 08:00 - 11:00 อาคาร 125 ห้อง ศร201_2,29 ต.ค. 2569 เวลา 08:00 - 11:00 อาคาร 125 ห้อง ศร201_2 | 29 ต.ค. 2569 เวลา 08:00 - 11:00 อาคาร 125 ห้อง ศร403
10700106,สังคมและวัฒนธรรมไทย,4,30 ส.ค. 2569 เวลา 08:00 - 11:00 อาคาร 125 ห้อง ศร201_2 | 30 ส.ค. 2569 เวลา 08:00 - 11:00 อาคาร 125 ห้อง ศร201_1,29 ต.ค. 2569 เวลา 08:00 - 11:00 อาคาร 125 ห้อง ศร201_2 | 29 ต.ค. 2569 เวลา 08:00 - 11:00 อาคาร 125 ห้อง ศร201_1
10700106,สังคมและวัฒนธรรมไทย,5,30 ส.ค. 2569 เวลา 08:00 - 11:00 อาคาร 125 ห้อง ศร201_1 | 30 ส.ค. 2569 เวลา 08:00 - 11:00 อาคาร 125 ห้อง ศร305,29 ต.ค. 2569 เวลา 08:00 - 11:00 อาคาร 125 ห้อง ศร201_1 | 29 ต.ค. 2569 เวลา 08:00 - 11:00 อาคาร 125 ห้อง ศร305
10700106,สังคมและวัฒนธรรมไทย,6,30 ส.ค. 2569 เวลา 08:00 - 11:00 อาคาร 125 ห้อง ศร204,29 ต.ค. 2569 เวลา 08:00 - 11:00 อาคาร 125 ห้อง ศร204
10700109,จิตอาสาเพื่อพัฒนาสังคม,1,,29 ต.ค. 2569 เวลา 15:30 - 18:30 อาคาร 140 ห้อง EC402
10700109,จิตอาสาเพื่อพัฒนาสังคม,2,,29 ต.ค. 2569 เวลา 15:30 - 18:30 อาคาร 140 ห้อง EC403
10700201,จิตวิทยากับพฤติกรรมมนุษย์,1,28 ส.ค. 2569 เวลา 09:00 - 12:00 อาคาร 801 ห้อง 106 : 801,19 ต.ค. 2569 เวลา 09:00 - 12:00 อาคาร 801 ห้อง 114 : 801
10700202,สุขภาพสำหรับคนรุ่นใหม่,1,,26 ต.ค. 2569 เวลา 08:00 - 11:00 อาคาร 125 ห้อง ศร201_1
10700202,สุขภาพสำหรับคนรุ่นใหม่,2,,26 ต.ค. 2569 เวลา 08:00 - 11:00 อาคาร 125 ห้อง ศร201_1
10700202,สุขภาพสำหรับคนรุ่นใหม่,3,,26 ต.ค. 2569 เวลา 08:00 - 11:00 อาคาร 125 ห้อง ศร201_2
10700202,สุขภาพสำหรับคนรุ่นใหม่,4,,26 ต.ค. 2569 เวลา 08:00 - 11:00 อาคาร 125 ห้อง ศร201_2
10700202,สุขภาพสำหรับคนรุ่นใหม่,5,,26 ต.ค. 2569 เวลา 08:00 - 11:00 อาคาร 125 ห้อง ศร403
10700202,สุขภาพสำหรับคนรุ่นใหม่,6,,26 ต.ค. 2569 เวลา 08:00 - 11:00 อาคาร 125 ห้อง ศร403
10700202,สุขภาพสำหรับคนรุ่นใหม่,7,,26 ต.ค. 2569 เวลา 08:00 - 11:00 อาคาร 125 ห้อง ศร304
10700202,สุขภาพสำหรับคนรุ่นใหม่,8,,26 ต.ค. 2569 เวลา 08:00 - 11:00 อาคาร 125 ห้อง ศร304
10700202,สุขภาพสำหรับคนรุ่นใหม่,9,,26 ต.ค. 2569 เวลา 08:00 - 11:00 อาคาร 125 ห้อง ศร304 | 26 ต.ค. 2569 เวลา 08:00 - 11:00 อาคาร 125 ห้อง ศร305
10700202,สุขภาพสำหรับคนรุ่นใหม่,10,,26 ต.ค. 2569 เวลา 08:00 - 11:00 อาคาร 147 ห้อง 80-201
10700202,สุขภาพสำหรับคนรุ่นใหม่,11,,26 ต.ค. 2569 เวลา 08:00 - 11:00 อาคาร 147 ห้อง 80-201
10700202,สุขภาพสำหรับคนรุ่นใหม่,12,,26 ต.ค. 2569 เวลา 08:00 - 11:00 อาคาร 102 ห้อง สังคม 106
10700202,สุขภาพสำหรับคนรุ่นใหม่,1,,28 ต.ค. 2569 เวลา 09:00 - 12:00 อาคาร 801 ห้อง 302/2 : 801
10700202,สุขภาพสำหรับคนรุ่นใหม่,2,,28 ต.ค. 2569 เวลา 09:00 - 12:00 อาคาร 801 ห้อง 208 : 801
10700202,สุขภาพสำหรับคนรุ่นใหม่,3,,28 ต.ค. 2569 เวลา 09:00 - 12:00 อาคาร 801 ห้อง 302/2 : 801
10700203,ศาสตร์และศิลป์แห่งปัญญาชน,1,,30 ต.ค. 2569 เวลา 15:30 - 18:30 อาคาร 147 ห้อง 80-401
10700209,จิตวิทยาเพื่อการดำเนินชีวิตในสังคมสมัยใหม่,1,24 ส.ค. 2569 เวลา 15:30 - 18:30 อาคาร 125 ห้อง ศร201_2,20 ต.ค. 2569 เวลา 15:30 - 18:30 อาคาร 125 ห้อง ศร201_2
10700209,จิตวิทยาเพื่อการดำเนินชีวิตในสังคมสมัยใหม่,3,24 ส.ค. 2569 เวลา 15:30 - 18:30 อาคาร 125 ห้อง ศร304,20 ต.ค. 2569 เวลา 15:30 - 18:30 อาคาร 125 ห้อง ศร304
10700209,จิตวิทยาเพื่อการดำเนินชีวิตในสังคมสมัยใหม่,5,24 ส.ค. 2569 เวลา 15:30 - 18:30 อาคาร 125 ห้อง ศร304,20 ต.ค. 2569 เวลา 15:30 - 18:30 อาคาร 125 ห้อง ศร304
10700209,จิตวิทยาเพื่อการดำเนินชีวิตในสังคมสมัยใหม่,6,24 ส.ค. 2569 เวลา 15:30 - 18:30 อาคาร 125 ห้อง ศร201_1,20 ต.ค. 2569 เวลา 15:30 - 18:30 อาคาร 125 ห้อง ศร201_1
10700209,จิตวิทยาเพื่อการดำเนินชีวิตในสังคมสมัยใหม่,7,24 ส.ค. 2569 เวลา 15:30 - 18:30 อาคาร 125 ห้อง ศร401 | 24 ส.ค. 2569 เวลา 15:30 - 18:30 อาคาร 125 ห้อง ศร402,20 ต.ค. 2569 เวลา 15:30 - 18:30 อาคาร 125 ห้อง ศร402 | 20 ต.ค. 2569 เวลา 15:30 - 18:30 อาคาร 125 ห้อง ศร401
10700209,จิตวิทยาเพื่อการดำเนินชีวิตในสังคมสมัยใหม่,1,28 ส.ค. 2569 เวลา 09:00 - 12:00 อาคาร 811 ห้อง N108:811,19 ต.ค. 2569 เวลา 13:00 - 16:00 อาคาร 801 ห้อง 113 : 801
10700211,การพัฒนาบุคลิกภาพความเป็นผู้ประกอบการที่ยั่งยืน,1,24 ส.ค. 2569 เวลา 15:30 - 18:30 อาคาร 125 ห้อง ศร306,22 ต.ค. 2569 เวลา 08:00 - 11:00 อาคาร 147 ห้อง 80-201
10700211,การพัฒนาบุคลิกภาพความเป็นผู้ประกอบการที่ยั่งยืน,2,24 ส.ค. 2569 เวลา 15:30 - 18:30 อาคาร 102 ห้อง สังคม 106,22 ต.ค. 2569 เวลา 08:00 - 11:00 อาคาร 147 ห้อง 80-201
10700211,การพัฒนาบุคลิกภาพความเป็นผู้ประกอบการที่ยั่งยืน,1,28 ส.ค. 2569 เวลา 09:00 - 12:00 อาคาร 811 ห้อง N107:811,26 ต.ค. 2569 เวลา 13:00 - 16:00 อาคาร 801 ห้อง 107 : 801
10700213,วัฒนธรรมข้าวและประเพณีชาวนาไทย,1,,28 ต.ค. 2569 เวลา 13:00 - 16:00 อาคาร 801 ห้อง 114 : 801
10700302,การใช้ภาษาไทยเพื่อการสื่อสาร,1,26 ส.ค. 2569 เวลา 13:00 - 16:00 อาคาร 801 ห้อง 107 : 801,19 ต.ค. 2569 เวลา 09:00 - 12:00 อาคาร 801 ห้อง 106 : 801 | 19 ต.ค. 2569 เวลา 09:00 - 12:00 อาคาร 801 ห้อง 105 : 801
10700302,การใช้ภาษาไทยเพื่อการสื่อสาร,2,26 ส.ค. 2569 เวลา 13:00 - 16:00 อาคาร 801 ห้อง 302/2 : 801,19 ต.ค. 2569 เวลา 09:00 - 12:00 อาคาร 801 ห้อง 106 : 801 | 19 ต.ค. 2569 เวลา 09:00 - 12:00 อาคาร 801 ห้อง 207 : 801 | 19 ต.ค. 2569 เวลา 09:00 - 12:00 อาคาร 801 ห้อง 208 : 801
10700302,การใช้ภาษาไทยเพื่อการสื่อสาร,1,24 ส.ค. 2569 เวลา 13:00 - 16:00 อาคาร 716 ห้อง Online ชุมพร,
10700304,ภาษาไทยเพื่องานเขียนเชิงวิชาการ,1,,22 ต.ค. 2569 เวลา 13:00 - 16:00 อาคาร 801 ห้อง 207 : 801
10700307,ทักษะภาษาอังกฤษสำหรับศตวรรษที่ 21,1,26 ส.ค. 2569 เวลา 12:00 - 15:00 อาคาร 125 ห้อง ศร304,22 ต.ค. 2569 เวลา 12:00 - 15:00 อาคาร 125 ห้อง ศร304
10700307,ทักษะภาษาอังกฤษสำหรับศตวรรษที่ 21,2,26 ส.ค. 2569 เวลา 12:00 - 15:00 อาคาร 125 ห้อง ศร304,22 ต.ค. 2569 เวลา 12:00 - 15:00 อาคาร 125 ห้อง ศร304
10700307,ทักษะภาษาอังกฤษสำหรับศตวรรษที่ 21,3,26 ส.ค. 2569 เวลา 12:00 - 15:00 อาคาร 125 ห้อง ศร304 | 26 ส.ค. 2569 เวลา 12:00 - 15:00 อาคาร 125 ห้อง ศร201_2,22 ต.ค. 2569 เวลา 12:00 - 15:00 อาคาร 125 ห้อง ศร201_2 | 22 ต.ค. 2569 เวลา 12:00 - 15:00 อาคาร 125 ห้อง ศร304
10700307,ทักษะภาษาอังกฤษสำหรับศตวรรษที่ 21,4,26 ส.ค. 2569 เวลา 12:00 - 15:00 อาคาร 125 ห้อง ศร201_2,22 ต.ค. 2569 เวลา 12:00 - 15:00 อาคาร 125 ห้อง ศร201_2
10700307,ทักษะภาษาอังกฤษสำหรับศตวรรษที่ 21,5,26 ส.ค. 2569 เวลา 12:00 - 15:00 อาคาร 125 ห้อง ศร201_1,22 ต.ค. 2569 เวลา 12:00 - 15:00 อาคาร 125 ห้อง ศร201_1
10700307,ทักษะภาษาอังกฤษสำหรับศตวรรษที่ 21,6,26 ส.ค. 2569 เวลา 12:00 - 15:00 อาคาร 125 ห้อง ศร204 | 26 ส.ค. 2569 เวลา 12:00 - 15:00 อาคาร 125 ห้อง ศร201_1,22 ต.ค. 2569 เวลา 12:00 - 15:00 อาคาร 125 ห้อง ศร201_1 | 22 ต.ค. 2569 เวลา 12:00 - 15:00 อาคาร 125 ห้อง ศร204
10700307,ทักษะภาษาอังกฤษสำหรับศตวรรษที่ 21,7,26 ส.ค. 2569 เวลา 12:00 - 15:00 อาคาร 125 ห้อง ศร204,22 ต.ค. 2569 เวลา 12:00 - 15:00 อาคาร 125 ห้อง ศร204
10700307,ทักษะภาษาอังกฤษสำหรับศตวรรษที่ 21,8,26 ส.ค. 2569 เวลา 12:00 - 15:00 อาคาร 125 ห้อง ศร204 | 26 ส.ค. 2569 เวลา 12:00 - 15:00 อาคาร 125 ห้อง ศร302,22 ต.ค. 2569 เวลา 12:00 - 15:00 อาคาร 125 ห้อง ศร302 | 22 ต.ค. 2569 เวลา 12:00 - 15:00 อาคาร 125 ห้อง ศร204
10700307,ทักษะภาษาอังกฤษสำหรับศตวรรษที่ 21,9,26 ส.ค. 2569 เวลา 12:00 - 15:00 อาคาร 125 ห้อง ศร303 | 26 ส.ค. 2569 เวลา 12:00 - 15:00 อาคาร 125 ห้อง ศร302,22 ต.ค. 2569 เวลา 12:00 - 15:00 อาคาร 125 ห้อง ศร302 | 22 ต.ค. 2569 เวลา 12:00 - 15:00 อาคาร 125 ห้อง ศร303
10700307,ทักษะภาษาอังกฤษสำหรับศตวรรษที่ 21,10,26 ส.ค. 2569 เวลา 12:00 - 15:00 อาคาร 125 ห้อง ศร306,22 ต.ค. 2569 เวลา 12:00 - 15:00 อาคาร 125 ห้อง ศร306
10700307,ทักษะภาษาอังกฤษสำหรับศตวรรษที่ 21,11,26 ส.ค. 2569 เวลา 12:00 - 15:00 อาคาร 125 ห้อง ศร306 | 26 ส.ค. 2569 เวลา 12:00 - 15:00 อาคาร 125 ห้อง ศร401,22 ต.ค. 2569 เวลา 12:00 - 15:00 อาคาร 125 ห้อง ศร401 | 22 ต.ค. 2569 เวลา 12:00 - 15:00 อาคาร 125 ห้อง ศร306
10700307,ทักษะภาษาอังกฤษสำหรับศตวรรษที่ 21,12,26 ส.ค. 2569 เวลา 12:00 - 15:00 อาคาร 125 ห้อง ศร403 | 26 ส.ค. 2569 เวลา 12:00 - 15:00 อาคาร 125 ห้อง ศร401,22 ต.ค. 2569 เวลา 12:00 - 15:00 อาคาร 125 ห้อง ศร401 | 22 ต.ค. 2569 เวลา 12:00 - 15:00 อาคาร 125 ห้อง ศร403
10700307,ทักษะภาษาอังกฤษสำหรับศตวรรษที่ 21,13,26 ส.ค. 2569 เวลา 12:00 - 15:00 อาคาร 125 ห้อง ศร403,22 ต.ค. 2569 เวลา 12:00 - 15:00 อาคาร 125 ห้อง ศร403
10700307,ทักษะภาษาอังกฤษสำหรับศตวรรษที่ 21,14,26 ส.ค. 2569 เวลา 12:00 - 15:00 อาคาร 147 ห้อง 80-301 | 26 ส.ค. 2569 เวลา 12:00 - 15:00 อาคาร 125 ห้อง ศร403,22 ต.ค. 2569 เวลา 12:00 - 15:00 อาคาร 125 ห้อง ศร403 | 22 ต.ค. 2569 เวลา 12:00 - 15:00 อาคาร 147 ห้อง 80-301
10700307,ทักษะภาษาอังกฤษสำหรับศตวรรษที่ 21,15,26 ส.ค. 2569 เวลา 12:00 - 15:00 อาคาร 147 ห้อง 80-301,22 ต.ค. 2569 เวลา 12:00 - 15:00 อาคาร 147 ห้อง 80-301
10700307,ทักษะภาษาอังกฤษสำหรับศตวรรษที่ 21,16,26 ส.ค. 2569 เวลา 12:00 - 15:00 อาคาร 147 ห้อง 80-301,22 ต.ค. 2569 เวลา 12:00 - 15:00 อาคาร 147 ห้อง 80-301
10700307,ทักษะภาษาอังกฤษสำหรับศตวรรษที่ 21,17,26 ส.ค. 2569 เวลา 12:00 - 15:00 อาคาร 147 ห้อง 80-501 | 26 ส.ค. 2569 เวลา 12:00 - 15:00 อาคาร 147 ห้อง 80-301,22 ต.ค. 2569 เวลา 12:00 - 15:00 อาคาร 147 ห้อง 80-301 | 22 ต.ค. 2569 เวลา 12:00 - 15:00 อาคาร 147 ห้อง 80-501
10700307,ทักษะภาษาอังกฤษสำหรับศตวรรษที่ 21,18,26 ส.ค. 2569 เวลา 12:00 - 15:00 อาคาร 147 ห้อง 80-502 | 26 ส.ค. 2569 เวลา 12:00 - 15:00 อาคาร 147 ห้อง 80-501,22 ต.ค. 2569 เวลา 12:00 - 15:00 อาคาร 147 ห้อง 80-501 | 22 ต.ค. 2569 เวลา 12:00 - 15:00 อาคาร 147 ห้อง 80-502
10700307,ทักษะภาษาอังกฤษสำหรับศตวรรษที่ 21,19,26 ส.ค. 2569 เวลา 12:00 - 15:00 อาคาร 147 ห้อง 80-502,22 ต.ค. 2569 เวลา 12:00 - 15:00 อาคาร 147 ห้อง 80-502
10700307,ทักษะภาษาอังกฤษสำหรับศตวรรษที่ 21,20,26 ส.ค. 2569 เวลา 12:00 - 15:00 อาคาร 147 ห้อง 80-401,22 ต.ค. 2569 เวลา 12:00 - 15:00 อาคาร 147 ห้อง 80-401
10700307,ทักษะภาษาอังกฤษสำหรับศตวรรษที่ 21,21,26 ส.ค. 2569 เวลา 12:00 - 15:00 อาคาร 125 ห้อง ศร305 | 26 ส.ค. 2569 เวลา 12:00 - 15:00 อาคาร 147 ห้อง 80-401,22 ต.ค. 2569 เวลา 12:00 - 15:00 อาคาร 147 ห้อง 80-401 | 22 ต.ค. 2569 เวลา 12:00 - 15:00 อาคาร 125 ห้อง ศร305
10700307,ทักษะภาษาอังกฤษสำหรับศตวรรษที่ 21,22,26 ส.ค. 2569 เวลา 12:00 - 15:00 อาคาร 147 ห้อง 80-402,22 ต.ค. 2569 เวลา 12:00 - 15:00 อาคาร 147 ห้อง 80-402
10700307,ทักษะภาษาอังกฤษสำหรับศตวรรษที่ 21,23,26 ส.ค. 2569 เวลา 12:00 - 15:00 อาคาร 147 ห้อง 80-402 | 26 ส.ค. 2569 เวลา 12:00 - 15:00 อาคาร 125 ห้อง ศร402,22 ต.ค. 2569 เวลา 12:00 - 15:00 อาคาร 125 ห้อง ศร402 | 22 ต.ค. 2569 เวลา 12:00 - 15:00 อาคาร 147 ห้อง 80-402
10700307,ทักษะภาษาอังกฤษสำหรับศตวรรษที่ 21,24,26 ส.ค. 2569 เวลา 12:00 - 15:00 อาคาร 102 ห้อง สังคม 106,22 ต.ค. 2569 เวลา 12:00 - 15:00 อาคาร 102 ห้อง สังคม 106
10700307,ทักษะภาษาอังกฤษสำหรับศตวรรษที่ 21,25,26 ส.ค. 2569 เวลา 12:00 - 15:00 อาคาร 140 ห้อง EC302,22 ต.ค. 2569 เวลา 12:00 - 15:00 อาคาร 140 ห้อง EC302
10700307,ทักษะภาษาอังกฤษสำหรับศตวรรษที่ 21,26,26 ส.ค. 2569 เวลา 12:00 - 15:00 อาคาร 140 ห้อง EC303 | 26 ส.ค. 2569 เวลา 12:00 - 15:00 อาคาร 140 ห้อง EC302,22 ต.ค. 2569 เวลา 12:00 - 15:00 อาคาร 140 ห้อง EC302 | 22 ต.ค. 2569 เวลา 12:00 - 15:00 อาคาร 140 ห้อง EC303
10700307,ทักษะภาษาอังกฤษสำหรับศตวรรษที่ 21,27,26 ส.ค. 2569 เวลา 12:00 - 15:00 อาคาร 140 ห้อง EC303,22 ต.ค. 2569 เวลา 12:00 - 15:00 อาคาร 140 ห้อง EC303
10700307,ทักษะภาษาอังกฤษสำหรับศตวรรษที่ 21,28,26 ส.ค. 2569 เวลา 12:00 - 15:00 อาคาร 140 ห้อง EC402,22 ต.ค. 2569 เวลา 12:00 - 15:00 อาคาร 140 ห้อง EC402
10700307,ทักษะภาษาอังกฤษสำหรับศตวรรษที่ 21,29,26 ส.ค. 2569 เวลา 12:00 - 15:00 อาคาร 140 ห้อง EC403,22 ต.ค. 2569 เวลา 12:00 - 15:00 อาคาร 140 ห้อง EC403
10700307,ทักษะภาษาอังกฤษสำหรับศตวรรษที่ 21,30,26 ส.ค. 2569 เวลา 12:00 - 15:00 อาคาร 105 ห้อง วิทย์ 2105,22 ต.ค. 2569 เวลา 12:00 - 15:00 อาคาร 105 ห้อง วิทย์ 2105
10700307,ทักษะภาษาอังกฤษสำหรับศตวรรษที่ 21,31,26 ส.ค. 2569 เวลา 12:00 - 15:00 อาคาร 105 ห้อง วิทย์ 2311,22 ต.ค. 2569 เวลา 12:00 - 15:00 อาคาร 105 ห้อง วิทย์ 2311
10700307,ทักษะภาษาอังกฤษสำหรับศตวรรษที่ 21,32,26 ส.ค. 2569 เวลา 12:00 - 15:00 อาคาร 142 ห้อง สิงห์พลิน,22 ต.ค. 2569 เวลา 12:00 - 15:00 อาคาร 142 ห้อง สิงห์พลิน
10700307,ทักษะภาษาอังกฤษสำหรับศตวรรษที่ 21,33,26 ส.ค. 2569 เวลา 12:00 - 15:00 อาคาร 147 ห้อง 80-305 (สำรอง),22 ต.ค. 2569 เวลา 12:00 - 15:00 อาคาร 147 ห้อง 80-305 (สำรอง)
10700307,ทักษะภาษาอังกฤษสำหรับศตวรรษที่ 21,1,25 ส.ค. 2569 เวลา 09:00 - 12:00 อาคาร 801 ห้อง 302/2 : 801,20 ต.ค. 2569 เวลา 09:00 - 12:00 อาคาร 801 ห้อง 105 : 801 | 20 ต.ค. 2569 เวลา 09:00 - 12:00 อาคาร 801 ห้อง 106 : 801
10700307,ทักษะภาษาอังกฤษสำหรับศตวรรษที่ 21,2,25 ส.ค. 2569 เวลา 09:00 - 12:00 อาคาร 801 ห้อง 105 : 801 | 25 ส.ค. 2569 เวลา 09:00 - 12:00 อาคาร 801 ห้อง 106 : 801,20 ต.ค. 2569 เวลา 09:00 - 12:00 อาคาร 801 ห้อง 303/2 : 801
10700307,ทักษะภาษาอังกฤษสำหรับศตวรรษที่ 21,3,25 ส.ค. 2569 เวลา 09:00 - 12:00 อาคาร 801 ห้อง 107 : 801 | 25 ส.ค. 2569 เวลา 09:00 - 12:00 อาคาร 801 ห้อง 106 : 801,20 ต.ค. 2569 เวลา 09:00 - 12:00 อาคาร 801 ห้อง 303/2 : 801
10700307,ทักษะภาษาอังกฤษสำหรับศตวรรษที่ 21,4,25 ส.ค. 2569 เวลา 09:00 - 12:00 อาคาร 801 ห้อง 303/2 : 801,20 ต.ค. 2569 เวลา 09:00 - 12:00 อาคาร 801 ห้อง 303/2 : 801
10700307,ทักษะภาษาอังกฤษสำหรับศตวรรษที่ 21,5,25 ส.ค. 2569 เวลา 09:00 - 12:00 อาคาร 801 ห้อง 303/2 : 801,20 ต.ค. 2569 เวลา 09:00 - 12:00 อาคาร 801 ห้อง 302/2 : 801
10700307,ทักษะภาษาอังกฤษสำหรับศตวรรษที่ 21,6,25 ส.ค. 2569 เวลา 09:00 - 12:00 อาคาร 801 ห้อง 302/2 : 801,20 ต.ค. 2569 เวลา 09:00 - 12:00 อาคาร 801 ห้อง 302/2 : 801
10700307,ทักษะภาษาอังกฤษสำหรับศตวรรษที่ 21,7,25 ส.ค. 2569 เวลา 09:00 - 12:00 อาคาร 801 ห้อง 208 : 801,20 ต.ค. 2569 เวลา 09:00 - 12:00 อาคาร 801 ห้อง 115 : 801 | 20 ต.ค. 2569 เวลา 09:00 - 12:00 อาคาร 801 ห้อง 114 : 801
10700307,ทักษะภาษาอังกฤษสำหรับศตวรรษที่ 21,8,,21 ต.ค. 2569 เวลา 13:00 - 16:00 อาคาร 801 ห้อง 107 : 801
10700308,ภาษาอังกฤษในชีวิตประจำวัน,1,25 ส.ค. 2569 เวลา 08:00 - 11:00 อาคาร 147 ห้อง 80-301,21 ต.ค. 2569 เวลา 08:00 - 11:00 อาคาร 147 ห้อง 80-301
10700308,ภาษาอังกฤษในชีวิตประจำวัน,2,25 ส.ค. 2569 เวลา 08:00 - 11:00 อาคาร 147 ห้อง 80-301,21 ต.ค. 2569 เวลา 08:00 - 11:00 อาคาร 147 ห้อง 80-301
10700308,ภาษาอังกฤษในชีวิตประจำวัน,3,25 ส.ค. 2569 เวลา 08:00 - 11:00 อาคาร 147 ห้อง 80-401 | 25 ส.ค. 2569 เวลา 08:00 - 11:00 อาคาร 147 ห้อง 80-301,21 ต.ค. 2569 เวลา 08:00 - 11:00 อาคาร 147 ห้อง 80-301 | 21 ต.ค. 2569 เวลา 08:00 - 11:00 อาคาร 147 ห้อง 80-401
10700308,ภาษาอังกฤษในชีวิตประจำวัน,4,25 ส.ค. 2569 เวลา 08:00 - 11:00 อาคาร 125 ห้อง ศร304,21 ต.ค. 2569 เวลา 08:00 - 11:00 อาคาร 125 ห้อง ศร304
10700308,ภาษาอังกฤษในชีวิตประจำวัน,5,25 ส.ค. 2569 เวลา 08:00 - 11:00 อาคาร 125 ห้อง ศร304,
10700308,ภาษาอังกฤษในชีวิตประจำวัน,8,25 ส.ค. 2569 เวลา 08:00 - 11:00 อาคาร 147 ห้อง 80-410 | 25 ส.ค. 2569 เวลา 08:00 - 11:00 อาคาร 125 ห้อง ศร304,21 ต.ค. 2569 เวลา 08:00 - 11:00 อาคาร 125 ห้อง ศร304 | 21 ต.ค. 2569 เวลา 08:00 - 11:00 อาคาร 147 ห้อง 80-410
10700308,ภาษาอังกฤษในชีวิตประจำวัน,9,25 ส.ค. 2569 เวลา 08:00 - 11:00 อาคาร 125 ห้อง ศร403,21 ต.ค. 2569 เวลา 08:00 - 11:00 อาคาร 125 ห้อง ศร403
10700308,ภาษาอังกฤษในชีวิตประจำวัน,10,25 ส.ค. 2569 เวลา 08:00 - 11:00 อาคาร 125 ห้อง ศร403,21 ต.ค. 2569 เวลา 08:00 - 11:00 อาคาร 125 ห้อง ศร403
10700308,ภาษาอังกฤษในชีวิตประจำวัน,11,25 ส.ค. 2569 เวลา 08:00 - 11:00 อาคาร 125 ห้อง ศร201_1,21 ต.ค. 2569 เวลา 08:00 - 11:00 อาคาร 125 ห้อง ศร201_1
10700308,ภาษาอังกฤษในชีวิตประจำวัน,12,25 ส.ค. 2569 เวลา 08:00 - 11:00 อาคาร 125 ห้อง ศร201_2 | 25 ส.ค. 2569 เวลา 08:00 - 11:00 อาคาร 125 ห้อง ศร201_1,21 ต.ค. 2569 เวลา 08:00 - 11:00 อาคาร 125 ห้อง ศร201_1 | 21 ต.ค. 2569 เวลา 08:00 - 11:00 อาคาร 125 ห้อง ศร201_2
10700308,ภาษาอังกฤษในชีวิตประจำวัน,13,25 ส.ค. 2569 เวลา 08:00 - 11:00 อาคาร 125 ห้อง ศร201_2,21 ต.ค. 2569 เวลา 08:00 - 11:00 อาคาร 125 ห้อง ศร201_2
10700308,ภาษาอังกฤษในชีวิตประจำวัน,14,25 ส.ค. 2569 เวลา 08:00 - 11:00 อาคาร 125 ห้อง ศร204 | 25 ส.ค. 2569 เวลา 08:00 - 11:00 อาคาร 125 ห้อง ศร201_2,21 ต.ค. 2569 เวลา 08:00 - 11:00 อาคาร 125 ห้อง ศร201_2 | 21 ต.ค. 2569 เวลา 08:00 - 11:00 อาคาร 125 ห้อง ศร204
10700308,ภาษาอังกฤษในชีวิตประจำวัน,15,25 ส.ค. 2569 เวลา 08:00 - 11:00 อาคาร 125 ห้อง ศร204,21 ต.ค. 2569 เวลา 08:00 - 11:00 อาคาร 125 ห้อง ศร204
10700308,ภาษาอังกฤษในชีวิตประจำวัน,16,25 ส.ค. 2569 เวลา 08:00 - 11:00 อาคาร 125 ห้อง ศร204 | 25 ส.ค. 2569 เวลา 08:00 - 11:00 อาคาร 125 ห้อง ศร302,21 ต.ค. 2569 เวลา 08:00 - 11:00 อาคาร 125 ห้อง ศร302 | 21 ต.ค. 2569 เวลา 08:00 - 11:00 อาคาร 125 ห้อง ศร204
10700308,ภาษาอังกฤษในชีวิตประจำวัน,17,25 ส.ค. 2569 เวลา 08:00 - 11:00 อาคาร 125 ห้อง ศร306 | 25 ส.ค. 2569 เวลา 08:00 - 11:00 อาคาร 125 ห้อง ศร302,21 ต.ค. 2569 เวลา 08:00 - 11:00 อาคาร 125 ห้อง ศร302 | 21 ต.ค. 2569 เวลา 08:00 - 11:00 อาคาร 125 ห้อง ศร306
10700308,ภาษาอังกฤษในชีวิตประจำวัน,18,25 ส.ค. 2569 เวลา 08:00 - 11:00 อาคาร 125 ห้อง ศร306 | 25 ส.ค. 2569 เวลา 08:00 - 11:00 อาคาร 125 ห้อง ศร401,21 ต.ค. 2569 เวลา 08:00 - 11:00 อาคาร 125 ห้อง ศร401 | 21 ต.ค. 2569 เวลา 08:00 - 11:00 อาคาร 125 ห้อง ศร306
10700308,ภาษาอังกฤษในชีวิตประจำวัน,19,25 ส.ค. 2569 เวลา 08:00 - 11:00 อาคาร 125 ห้อง ศร401,21 ต.ค. 2569 เวลา 08:00 - 11:00 อาคาร 125 ห้อง ศร401
10700308,ภาษาอังกฤษในชีวิตประจำวัน,20,25 ส.ค. 2569 เวลา 08:00 - 11:00 อาคาร 125 ห้อง ศร402 | 25 ส.ค. 2569 เวลา 08:00 - 11:00 อาคาร 125 ห้อง ศร401,21 ต.ค. 2569 เวลา 08:00 - 11:00 อาคาร 125 ห้อง ศร401 | 21 ต.ค. 2569 เวลา 08:00 - 11:00 อาคาร 125 ห้อง ศร402
10700308,ภาษาอังกฤษในชีวิตประจำวัน,21,25 ส.ค. 2569 เวลา 08:00 - 11:00 อาคาร 102 ห้อง สังคม 106,21 ต.ค. 2569 เวลา 08:00 - 11:00 อาคาร 102 ห้อง สังคม 106
10700308,ภาษาอังกฤษในชีวิตประจำวัน,22,25 ส.ค. 2569 เวลา 08:00 - 11:00 อาคาร 147 ห้อง 80-305 (สำรอง),21 ต.ค. 2569 เวลา 08:00 - 11:00 อาคาร 147 ห้อง 80-305 (สำรอง)
10700308,ภาษาอังกฤษในชีวิตประจำวัน,23,25 ส.ค. 2569 เวลา 08:00 - 11:00 อาคาร 147 ห้อง 80-406,21 ต.ค. 2569 เวลา 08:00 - 11:00 อาคาร 147 ห้อง 80-406
10700308,ภาษาอังกฤษในชีวิตประจำวัน,24,25 ส.ค. 2569 เวลา 08:00 - 11:00 อาคาร 147 ห้อง 80-402,21 ต.ค. 2569 เวลา 08:00 - 11:00 อาคาร 147 ห้อง 80-402
10700308,ภาษาอังกฤษในชีวิตประจำวัน,25,25 ส.ค. 2569 เวลา 08:00 - 11:00 อาคาร 147 ห้อง 80-501 | 25 ส.ค. 2569 เวลา 08:00 - 11:00 อาคาร 147 ห้อง 80-402,21 ต.ค. 2569 เวลา 08:00 - 11:00 อาคาร 147 ห้อง 80-402 | 21 ต.ค. 2569 เวลา 08:00 - 11:00 อาคาร 147 ห้อง 80-501
10700308,ภาษาอังกฤษในชีวิตประจำวัน,26,25 ส.ค. 2569 เวลา 08:00 - 11:00 อาคาร 147 ห้อง 80-501,21 ต.ค. 2569 เวลา 08:00 - 11:00 อาคาร 147 ห้อง 80-501
10700308,ภาษาอังกฤษในชีวิตประจำวัน,27,25 ส.ค. 2569 เวลา 08:00 - 11:00 อาคาร 147 ห้อง 80-502,21 ต.ค. 2569 เวลา 08:00 - 11:00 อาคาร 147 ห้อง 80-502
10700308,ภาษาอังกฤษในชีวิตประจำวัน,28,25 ส.ค. 2569 เวลา 08:00 - 11:00 อาคาร 147 ห้อง 80-503 | 25 ส.ค. 2569 เวลา 08:00 - 11:00 อาคาร 147 ห้อง 80-502,21 ต.ค. 2569 เวลา 08:00 - 11:00 อาคาร 147 ห้อง 80-502 | 21 ต.ค. 2569 เวลา 08:00 - 11:00 อาคาร 147 ห้อง 80-503
10700308,ภาษาอังกฤษในชีวิตประจำวัน,29,25 ส.ค. 2569 เวลา 08:00 - 11:00 อาคาร 147 ห้อง 80-504 | 25 ส.ค. 2569 เวลา 08:00 - 11:00 อาคาร 147 ห้อง 80-503,21 ต.ค. 2569 เวลา 08:00 - 11:00 อาคาร 147 ห้อง 80-503 | 21 ต.ค. 2569 เวลา 08:00 - 11:00 อาคาร 147 ห้อง 80-504
10700308,ภาษาอังกฤษในชีวิตประจำวัน,30,25 ส.ค. 2569 เวลา 08:00 - 11:00 อาคาร 147 ห้อง 80-504 | 25 ส.ค. 2569 เวลา 08:00 - 11:00 อาคาร 147 ห้อง 80-403,21 ต.ค. 2569 เวลา 08:00 - 11:00 อาคาร 147 ห้อง 80-403 | 21 ต.ค. 2569 เวลา 08:00 - 11:00 อาคาร 147 ห้อง 80-504
10700308,ภาษาอังกฤษในชีวิตประจำวัน,31,25 ส.ค. 2569 เวลา 08:00 - 11:00 อาคาร 147 ห้อง 80-403 | 25 ส.ค. 2569 เวลา 08:00 - 11:00 อาคาร 147 ห้อง 80-404,21 ต.ค. 2569 เวลา 08:00 - 11:00 อาคาร 147 ห้อง 80-404 | 21 ต.ค. 2569 เวลา 08:00 - 11:00 อาคาร 147 ห้อง 80-403
10700308,ภาษาอังกฤษในชีวิตประจำวัน,32,25 ส.ค. 2569 เวลา 08:00 - 11:00 อาคาร 147 ห้อง 80-404 | 25 ส.ค. 2569 เวลา 08:00 - 11:00 อาคาร 147 ห้อง 80-303,21 ต.ค. 2569 เวลา 08:00 - 11:00 อาคาร 147 ห้อง 80-303 | 21 ต.ค. 2569 เวลา 08:00 - 11:00 อาคาร 147 ห้อง 80-404
10700308,ภาษาอังกฤษในชีวิตประจำวัน,33,25 ส.ค. 2569 เวลา 08:00 - 11:00 อาคาร 147 ห้อง 80-303 | 25 ส.ค. 2569 เวลา 08:00 - 11:00 อาคาร 147 ห้อง 80-507,21 ต.ค. 2569 เวลา 08:00 - 11:00 อาคาร 147 ห้อง 80-507 | 21 ต.ค. 2569 เวลา 08:00 - 11:00 อาคาร 147 ห้อง 80-303
10700308,ภาษาอังกฤษในชีวิตประจำวัน,34,25 ส.ค. 2569 เวลา 08:00 - 11:00 อาคาร 105 ห้อง วิทย์ 2507/1,21 ต.ค. 2569 เวลา 08:00 - 11:00 อาคาร 105 ห้อง วิทย์ 2507/1
10700308,ภาษาอังกฤษในชีวิตประจำวัน,35,25 ส.ค. 2569 เวลา 08:00 - 11:00 อาคาร 105 ห้อง วิทย์ 2507/2,21 ต.ค. 2569 เวลา 08:00 - 11:00 อาคาร 105 ห้อง วิทย์ 2507/2
10700308,ภาษาอังกฤษในชีวิตประจำวัน,36,25 ส.ค. 2569 เวลา 08:00 - 11:00 อาคาร 107 ห้อง BA 301,21 ต.ค. 2569 เวลา 08:00 - 11:00 อาคาร 107 ห้อง BA 301
10700308,ภาษาอังกฤษในชีวิตประจำวัน,37,25 ส.ค. 2569 เวลา 08:00 - 11:00 อาคาร 105 ห้อง วิทย์ 2105,21 ต.ค. 2569 เวลา 08:00 - 11:00 อาคาร 105 ห้อง วิทย์ 2105
10700308,ภาษาอังกฤษในชีวิตประจำวัน,38,25 ส.ค. 2569 เวลา 08:00 - 11:00 อาคาร 105 ห้อง วิทย์ 2311 | 25 ส.ค. 2569 เวลา 08:00 - 11:00 อาคาร 105 ห้อง วิทย์ 2105,21 ต.ค. 2569 เวลา 08:00 - 11:00 อาคาร 105 ห้อง วิทย์ 2105 | 21 ต.ค. 2569 เวลา 08:00 - 11:00 อาคาร 105 ห้อง วิทย์ 2311
10700308,ภาษาอังกฤษในชีวิตประจำวัน,39,25 ส.ค. 2569 เวลา 08:00 - 11:00 อาคาร 105 ห้อง วิทย์ 2311 | 25 ส.ค. 2569 เวลา 08:00 - 11:00 อาคาร 107 ห้อง BA 305,21 ต.ค. 2569 เวลา 08:00 - 11:00 อาคาร 105 ห้อง วิทย์ 2311 | 21 ต.ค. 2569 เวลา 08:00 - 11:00 อาคาร 107 ห้อง BA 305
10700308,ภาษาอังกฤษในชีวิตประจำวัน,40,25 ส.ค. 2569 เวลา 08:00 - 11:00 อาคาร 107 ห้อง BA 305 | 25 ส.ค. 2569 เวลา 08:00 - 11:00 อาคาร 107 ห้อง BA 501,21 ต.ค. 2569 เวลา 08:00 - 11:00 อาคาร 107 ห้อง BA 501 | 21 ต.ค. 2569 เวลา 08:00 - 11:00 อาคาร 107 ห้อง BA 305
10700308,ภาษาอังกฤษในชีวิตประจำวัน,41,25 ส.ค. 2569 เวลา 08:00 - 11:00 อาคาร 107 ห้อง BA 501 | 25 ส.ค. 2569 เวลา 08:00 - 11:00 อาคาร 107 ห้อง BA 503,21 ต.ค. 2569 เวลา 08:00 - 11:00 อาคาร 107 ห้อง BA 501 | 21 ต.ค. 2569 เวลา 08:00 - 11:00 อาคาร 107 ห้อง BA 503
10700308,ภาษาอังกฤษในชีวิตประจำวัน,42,25 ส.ค. 2569 เวลา 08:00 - 11:00 อาคาร 110 ห้อง ศกฬ เรียน1 | 25 ส.ค. 2569 เวลา 08:00 - 11:00 อาคาร 107 ห้อง BA 503,21 ต.ค. 2569 เวลา 08:00 - 11:00 อาคาร 107 ห้อง BA 503 | 21 ต.ค. 2569 เวลา 08:00 - 11:00 อาคาร 110 ห้อง ศกฬ เรียน1
10700308,ภาษาอังกฤษในชีวิตประจำวัน,43,25 ส.ค. 2569 เวลา 08:00 - 11:00 อาคาร 110 ห้อง ศกฬ เรียน2 | 25 ส.ค. 2569 เวลา 08:00 - 11:00 อาคาร 110 ห้อง ศกฬ เรียน1,21 ต.ค. 2569 เวลา 08:00 - 11:00 อาคาร 110 ห้อง ศกฬ เรียน1 | 21 ต.ค. 2569 เวลา 08:00 - 11:00 อาคาร 110 ห้อง ศกฬ เรียน2
10700308,ภาษาอังกฤษในชีวิตประจำวัน,44,25 ส.ค. 2569 เวลา 08:00 - 11:00 อาคาร 110 ห้อง ศกฬรับรอง2,21 ต.ค. 2569 เวลา 08:00 - 11:00 อาคาร 110 ห้อง ศกฬรับรอง2
10700308,ภาษาอังกฤษในชีวิตประจำวัน,45,25 ส.ค. 2569 เวลา 08:00 - 11:00 อาคาร 140 ห้อง EC303,21 ต.ค. 2569 เวลา 08:00 - 11:00 อาคาร 140 ห้อง EC303
10700308,ภาษาอังกฤษในชีวิตประจำวัน,46,25 ส.ค. 2569 เวลา 08:00 - 11:00 อาคาร 140 ห้อง EC402 | 25 ส.ค. 2569 เวลา 08:00 - 11:00 อาคาร 140 ห้อง EC303,21 ต.ค. 2569 เวลา 08:00 - 11:00 อาคาร 140 ห้อง EC402 | 21 ต.ค. 2569 เวลา 08:00 - 11:00 อาคาร 140 ห้อง EC303
10700308,ภาษาอังกฤษในชีวิตประจำวัน,1,25 ส.ค. 2569 เวลา 09:00 - 12:00 อาคาร 801 ห้อง 114 : 801,20 ต.ค. 2569 เวลา 09:00 - 12:00 อาคาร 801 ห้อง 107 : 801
10700308,ภาษาอังกฤษในชีวิตประจำวัน,1,25 ส.ค. 2569 เวลา 13:00 - 16:00 อาคาร 716 ห้อง 308,
10700309,สนทนาภาษาอังกฤษ,1,27 ส.ค. 2569 เวลา 08:00 - 11:00 อาคาร 147 ห้อง 80-401,19 ต.ค. 2569 เวลา 15:30 - 18:30 อาคาร 125 ห้อง ศร304
10700309,สนทนาภาษาอังกฤษ,2,27 ส.ค. 2569 เวลา 08:00 - 11:00 อาคาร 147 ห้อง 80-401,19 ต.ค. 2569 เวลา 15:30 - 18:30 อาคาร 125 ห้อง ศร304
10700309,สนทนาภาษาอังกฤษ,3,27 ส.ค. 2569 เวลา 08:00 - 11:00 อาคาร 147 ห้อง 80-402,19 ต.ค. 2569 เวลา 15:30 - 18:30 อาคาร 125 ห้อง ศร304
10700309,สนทนาภาษาอังกฤษ,4,27 ส.ค. 2569 เวลา 08:00 - 11:00 อาคาร 147 ห้อง 80-402,19 ต.ค. 2569 เวลา 15:30 - 18:30 อาคาร 147 ห้อง 80-301
10700309,สนทนาภาษาอังกฤษ,5,27 ส.ค. 2569 เวลา 08:00 - 11:00 อาคาร 125 ห้อง ศร302,19 ต.ค. 2569 เวลา 15:30 - 18:30 อาคาร 147 ห้อง 80-301
10700309,สนทนาภาษาอังกฤษ,6,27 ส.ค. 2569 เวลา 08:00 - 11:00 อาคาร 125 ห้อง ศร302,19 ต.ค. 2569 เวลา 15:30 - 18:30 อาคาร 147 ห้อง 80-301
10700309,สนทนาภาษาอังกฤษ,7,27 ส.ค. 2569 เวลา 08:00 - 11:00 อาคาร 147 ห้อง 80-501,19 ต.ค. 2569 เวลา 15:30 - 18:30 อาคาร 147 ห้อง 80-301 | 19 ต.ค. 2569 เวลา 15:30 - 18:30 อาคาร 125 ห้อง ศร201_1
10700309,สนทนาภาษาอังกฤษ,8,27 ส.ค. 2569 เวลา 08:00 - 11:00 อาคาร 147 ห้อง 80-501,19 ต.ค. 2569 เวลา 15:30 - 18:30 อาคาร 125 ห้อง ศร201_1
10700309,สนทนาภาษาอังกฤษ,9,27 ส.ค. 2569 เวลา 08:00 - 11:00 อาคาร 147 ห้อง 80-502,19 ต.ค. 2569 เวลา 15:30 - 18:30 อาคาร 125 ห้อง ศร201_1
10700309,สนทนาภาษาอังกฤษ,10,27 ส.ค. 2569 เวลา 08:00 - 11:00 อาคาร 147 ห้อง 80-502,19 ต.ค. 2569 เวลา 15:30 - 18:30 อาคาร 125 ห้อง ศร204 | 19 ต.ค. 2569 เวลา 15:30 - 18:30 อาคาร 125 ห้อง ศร201_1
10700309,สนทนาภาษาอังกฤษ,11,27 ส.ค. 2569 เวลา 08:00 - 11:00 อาคาร 125 ห้อง ศร401,19 ต.ค. 2569 เวลา 15:30 - 18:30 อาคาร 125 ห้อง ศร204
10700309,สนทนาภาษาอังกฤษ,12,27 ส.ค. 2569 เวลา 08:00 - 11:00 อาคาร 125 ห้อง ศร401,19 ต.ค. 2569 เวลา 15:30 - 18:30 อาคาร 125 ห้อง ศร302
10700309,สนทนาภาษาอังกฤษ,13,27 ส.ค. 2569 เวลา 08:00 - 11:00 อาคาร 125 ห้อง ศร303,19 ต.ค. 2569 เวลา 15:30 - 18:30 อาคาร 125 ห้อง ศร302
10700309,สนทนาภาษาอังกฤษ,1,25 ส.ค. 2569 เวลา 09:00 - 12:00 อาคาร 801 ห้อง 115 : 801,20 ต.ค. 2569 เวลา 09:00 - 12:00 อาคาร 801 ห้อง 115 : 801
10700310,ภาษาอังกฤษเบื้องต้นสำหรับธุรกิจและสตาร์ทอัพ,1,30 ส.ค. 2569 เวลา 12:00 - 15:00 อาคาร 147 ห้อง 80-301,28 ต.ค. 2569 เวลา 12:00 - 15:00 อาคาร 125 ห้อง ศร201_1
10700310,ภาษาอังกฤษเบื้องต้นสำหรับธุรกิจและสตาร์ทอัพ,2,30 ส.ค. 2569 เวลา 12:00 - 15:00 อาคาร 147 ห้อง 80-301,28 ต.ค. 2569 เวลา 12:00 - 15:00 อาคาร 125 ห้อง ศร201_1
10700310,ภาษาอังกฤษเบื้องต้นสำหรับธุรกิจและสตาร์ทอัพ,3,30 ส.ค. 2569 เวลา 12:00 - 15:00 อาคาร 125 ห้อง ศร403 | 30 ส.ค. 2569 เวลา 12:00 - 15:00 อาคาร 147 ห้อง 80-301,28 ต.ค. 2569 เวลา 12:00 - 15:00 อาคาร 147 ห้อง 80-410 | 28 ต.ค. 2569 เวลา 12:00 - 15:00 อาคาร 125 ห้อง ศร201_1
10700310,ภาษาอังกฤษเบื้องต้นสำหรับธุรกิจและสตาร์ทอัพ,4,30 ส.ค. 2569 เวลา 12:00 - 15:00 อาคาร 125 ห้อง ศร403,28 ต.ค. 2569 เวลา 12:00 - 15:00 อาคาร 125 ห้อง ศร201_2
10700310,ภาษาอังกฤษเบื้องต้นสำหรับธุรกิจและสตาร์ทอัพ,5,30 ส.ค. 2569 เวลา 12:00 - 15:00 อาคาร 125 ห้อง ศร403 | 30 ส.ค. 2569 เวลา 12:00 - 15:00 อาคาร 125 ห้อง ศร304,28 ต.ค. 2569 เวลา 12:00 - 15:00 อาคาร 125 ห้อง ศร201_2
10700310,ภาษาอังกฤษเบื้องต้นสำหรับธุรกิจและสตาร์ทอัพ,6,30 ส.ค. 2569 เวลา 12:00 - 15:00 อาคาร 125 ห้อง ศร304,28 ต.ค. 2569 เวลา 12:00 - 15:00 อาคาร 125 ห้อง ศร403
10700310,ภาษาอังกฤษเบื้องต้นสำหรับธุรกิจและสตาร์ทอัพ,7,30 ส.ค. 2569 เวลา 12:00 - 15:00 อาคาร 125 ห้อง ศร304,28 ต.ค. 2569 เวลา 12:00 - 15:00 อาคาร 125 ห้อง ศร403
10700310,ภาษาอังกฤษเบื้องต้นสำหรับธุรกิจและสตาร์ทอัพ,8,30 ส.ค. 2569 เวลา 12:00 - 15:00 อาคาร 125 ห้อง ศร304 | 30 ส.ค. 2569 เวลา 12:00 - 15:00 อาคาร 125 ห้อง ศร305,28 ต.ค. 2569 เวลา 12:00 - 15:00 อาคาร 125 ห้อง ศร304
10700310,ภาษาอังกฤษเบื้องต้นสำหรับธุรกิจและสตาร์ทอัพ,9,30 ส.ค. 2569 เวลา 12:00 - 15:00 อาคาร 125 ห้อง ศร201_1,28 ต.ค. 2569 เวลา 12:00 - 15:00 อาคาร 125 ห้อง ศร304
10700310,ภาษาอังกฤษเบื้องต้นสำหรับธุรกิจและสตาร์ทอัพ,10,30 ส.ค. 2569 เวลา 12:00 - 15:00 อาคาร 125 ห้อง ศร201_2 | 30 ส.ค. 2569 เวลา 12:00 - 15:00 อาคาร 125 ห้อง ศร201_1,28 ต.ค. 2569 เวลา 12:00 - 15:00 อาคาร 147 ห้อง 80-301 | 28 ต.ค. 2569 เวลา 12:00 - 15:00 อาคาร 125 ห้อง ศร304
10700310,ภาษาอังกฤษเบื้องต้นสำหรับธุรกิจและสตาร์ทอัพ,11,30 ส.ค. 2569 เวลา 12:00 - 15:00 อาคาร 125 ห้อง ศร201_2,28 ต.ค. 2569 เวลา 12:00 - 15:00 อาคาร 147 ห้อง 80-301
10700310,ภาษาอังกฤษเบื้องต้นสำหรับธุรกิจและสตาร์ทอัพ,12,30 ส.ค. 2569 เวลา 12:00 - 15:00 อาคาร 147 ห้อง 80-401 | 30 ส.ค. 2569 เวลา 12:00 - 15:00 อาคาร 125 ห้อง ศร201_2,28 ต.ค. 2569 เวลา 12:00 - 15:00 อาคาร 142 ห้อง สิงห์พลิน | 28 ต.ค. 2569 เวลา 12:00 - 15:00 อาคาร 147 ห้อง 80-301
10700310,ภาษาอังกฤษเบื้องต้นสำหรับธุรกิจและสตาร์ทอัพ,13,30 ส.ค. 2569 เวลา 12:00 - 15:00 อาคาร 147 ห้อง 80-401,28 ต.ค. 2569 เวลา 12:00 - 15:00 อาคาร 142 ห้อง สิงห์พลิน
10700310,ภาษาอังกฤษเบื้องต้นสำหรับธุรกิจและสตาร์ทอัพ,14,30 ส.ค. 2569 เวลา 12:00 - 15:00 อาคาร 147 ห้อง 80-401 | 30 ส.ค. 2569 เวลา 12:00 - 15:00 อาคาร 147 ห้อง 80-402,28 ต.ค. 2569 เวลา 12:00 - 15:00 อาคาร 142 ห้อง สิงห์พลิน
10700310,ภาษาอังกฤษเบื้องต้นสำหรับธุรกิจและสตาร์ทอัพ,15,30 ส.ค. 2569 เวลา 12:00 - 15:00 อาคาร 147 ห้อง 80-402,28 ต.ค. 2569 เวลา 12:00 - 15:00 อาคาร 102 ห้อง สังคม 106
10700310,ภาษาอังกฤษเบื้องต้นสำหรับธุรกิจและสตาร์ทอัพ,16,30 ส.ค. 2569 เวลา 12:00 - 15:00 อาคาร 147 ห้อง 80-402 | 30 ส.ค. 2569 เวลา 12:00 - 15:00 อาคาร 125 ห้อง ศร303,
10700310,ภาษาอังกฤษเบื้องต้นสำหรับธุรกิจและสตาร์ทอัพ,18,30 ส.ค. 2569 เวลา 12:00 - 15:00 อาคาร 102 ห้อง สังคม 106,28 ต.ค. 2569 เวลา 12:00 - 15:00 อาคาร 147 ห้อง 80-201
10700310,ภาษาอังกฤษเบื้องต้นสำหรับธุรกิจและสตาร์ทอัพ,19,30 ส.ค. 2569 เวลา 12:00 - 15:00 อาคาร 147 ห้อง 80-501,28 ต.ค. 2569 เวลา 12:00 - 15:00 อาคาร 147 ห้อง 80-401 | 28 ต.ค. 2569 เวลา 12:00 - 15:00 อาคาร 147 ห้อง 80-201
10700310,ภาษาอังกฤษเบื้องต้นสำหรับธุรกิจและสตาร์ทอัพ,20,30 ส.ค. 2569 เวลา 12:00 - 15:00 อาคาร 147 ห้อง 80-501 | 30 ส.ค. 2569 เวลา 12:00 - 15:00 อาคาร 147 ห้อง 80-502,28 ต.ค. 2569 เวลา 12:00 - 15:00 อาคาร 125 ห้อง ศร204 | 28 ต.ค. 2569 เวลา 12:00 - 15:00 อาคาร 147 ห้อง 80-401
10700310,ภาษาอังกฤษเบื้องต้นสำหรับธุรกิจและสตาร์ทอัพ,21,30 ส.ค. 2569 เวลา 12:00 - 15:00 อาคาร 147 ห้อง 80-502,28 ต.ค. 2569 เวลา 12:00 - 15:00 อาคาร 125 ห้อง ศร204
10700310,ภาษาอังกฤษเบื้องต้นสำหรับธุรกิจและสตาร์ทอัพ,22,30 ส.ค. 2569 เวลา 12:00 - 15:00 อาคาร 147 ห้อง 80-305 (สำรอง),28 ต.ค. 2569 เวลา 12:00 - 15:00 อาคาร 147 ห้อง 80-305 (สำรอง)
10700310,ภาษาอังกฤษเบื้องต้นสำหรับธุรกิจและสตาร์ทอัพ,23,30 ส.ค. 2569 เวลา 12:00 - 15:00 อาคาร 125 ห้อง ศร306,28 ต.ค. 2569 เวลา 12:00 - 15:00 อาคาร 105 ห้อง วิทย์ 2507/1
10700310,ภาษาอังกฤษเบื้องต้นสำหรับธุรกิจและสตาร์ทอัพ,24,30 ส.ค. 2569 เวลา 12:00 - 15:00 อาคาร 125 ห้อง ศร306 | 30 ส.ค. 2569 เวลา 12:00 - 15:00 อาคาร 142 ห้อง สิงห์พลิน,28 ต.ค. 2569 เวลา 12:00 - 15:00 อาคาร 105 ห้อง วิทย์ 2507/2
10700310,ภาษาอังกฤษเบื้องต้นสำหรับธุรกิจและสตาร์ทอัพ,25,30 ส.ค. 2569 เวลา 12:00 - 15:00 อาคาร 142 ห้อง สิงห์พลิน,28 ต.ค. 2569 เวลา 12:00 - 15:00 อาคาร 107 ห้อง BA 301
10700311,ภาษาอังกฤษเพื่อการสมัครงาน,1,,26 ต.ค. 2569 เวลา 15:30 - 18:30 อาคาร 142 ห้อง สิงห์พลิน
10700311,ภาษาอังกฤษเพื่อการสมัครงาน,2,,26 ต.ค. 2569 เวลา 15:30 - 18:30 อาคาร 142 ห้อง สิงห์พลิน
10700311,ภาษาอังกฤษเพื่อการสมัครงาน,3,,26 ต.ค. 2569 เวลา 15:30 - 18:30 อาคาร 125 ห้อง ศร304
10700311,ภาษาอังกฤษเพื่อการสมัครงาน,4,,26 ต.ค. 2569 เวลา 15:30 - 18:30 อาคาร 125 ห้อง ศร304
10700311,ภาษาอังกฤษเพื่อการสมัครงาน,5,,26 ต.ค. 2569 เวลา 15:30 - 18:30 อาคาร 125 ห้อง ศร304
10700311,ภาษาอังกฤษเพื่อการสมัครงาน,6,,26 ต.ค. 2569 เวลา 15:30 - 18:30 อาคาร 147 ห้อง 80-303
10700312,ภาษาอังกฤษเชิงวิชาการ,1,29 ส.ค. 2569 เวลา 08:00 - 11:00 อาคาร 125 ห้อง ศร201_1,29 ต.ค. 2569 เวลา 15:30 - 18:30 อาคาร 125 ห้อง ศร201_1
10700312,ภาษาอังกฤษเชิงวิชาการ,2,29 ส.ค. 2569 เวลา 08:00 - 11:00 อาคาร 125 ห้อง ศร201_1,29 ต.ค. 2569 เวลา 15:30 - 18:30 อาคาร 125 ห้อง ศร201_1
10700312,ภาษาอังกฤษเชิงวิชาการ,3,29 ส.ค. 2569 เวลา 08:00 - 11:00 อาคาร 125 ห้อง ศร201_2,29 ต.ค. 2569 เวลา 15:30 - 18:30 อาคาร 125 ห้อง ศร201_2
10700312,ภาษาอังกฤษเชิงวิชาการ,4,29 ส.ค. 2569 เวลา 08:00 - 11:00 อาคาร 125 ห้อง ศร201_2,29 ต.ค. 2569 เวลา 15:30 - 18:30 อาคาร 125 ห้อง ศร201_2
10700314,ภาษาอังกฤษสำหรับวิชาชีพเกษตร,1,27 ส.ค. 2569 เวลา 12:00 - 15:00 อาคาร 147 ห้อง 80-402,19 ต.ค. 2569 เวลา 12:00 - 15:00 อาคาร 147 ห้อง 80-402
10700314,ภาษาอังกฤษสำหรับวิชาชีพเกษตร,2,27 ส.ค. 2569 เวลา 12:00 - 15:00 อาคาร 147 ห้อง 80-501 | 27 ส.ค. 2569 เวลา 12:00 - 15:00 อาคาร 147 ห้อง 80-402,19 ต.ค. 2569 เวลา 12:00 - 15:00 อาคาร 147 ห้อง 80-402 | 19 ต.ค. 2569 เวลา 12:00 - 15:00 อาคาร 147 ห้อง 80-501
10700314,ภาษาอังกฤษสำหรับวิชาชีพเกษตร,3,27 ส.ค. 2569 เวลา 12:00 - 15:00 อาคาร 147 ห้อง 80-501,19 ต.ค. 2569 เวลา 12:00 - 15:00 อาคาร 147 ห้อง 80-501
10700314,ภาษาอังกฤษสำหรับวิชาชีพเกษตร,4,27 ส.ค. 2569 เวลา 12:00 - 15:00 อาคาร 147 ห้อง 80-303,19 ต.ค. 2569 เวลา 12:00 - 15:00 อาคาร 147 ห้อง 80-303
10700314,ภาษาอังกฤษสำหรับวิชาชีพเกษตร,5,27 ส.ค. 2569 เวลา 12:00 - 15:00 อาคาร 147 ห้อง 80-410,19 ต.ค. 2569 เวลา 12:00 - 15:00 อาคาร 147 ห้อง 80-410
10700314,ภาษาอังกฤษสำหรับวิชาชีพเกษตร,1,25 ส.ค. 2569 เวลา 09:00 - 12:00 อาคาร 801 ห้อง 113 : 801,20 ต.ค. 2569 เวลา 09:00 - 12:00 อาคาร 801 ห้อง 207 : 801
10700315,ภาษาอังกฤษเพื่อสังคมโลก,1,24 ส.ค. 2569 เวลา 12:00 - 15:00 อาคาร 105 ห้อง วิทย์ 2105,20 ต.ค. 2569 เวลา 12:00 - 15:00 อาคาร 105 ห้อง วิทย์ 2105
10700315,ภาษาอังกฤษเพื่อสังคมโลก,2,24 ส.ค. 2569 เวลา 12:00 - 15:00 อาคาร 105 ห้อง วิทย์ 2311,20 ต.ค. 2569 เวลา 12:00 - 15:00 อาคาร 105 ห้อง วิทย์ 2311
10700318,ภาษาอังกฤษสำหรับการท่องเที่ยวสมัยใหม่,1,28 ส.ค. 2569 เวลา 15:30 - 18:30 อาคาร 147 ห้อง 80-303,27 ต.ค. 2569 เวลา 15:30 - 18:30 อาคาร 147 ห้อง 80-303
10700318,ภาษาอังกฤษสำหรับการท่องเที่ยวสมัยใหม่,2,28 ส.ค. 2569 เวลา 15:30 - 18:30 อาคาร 147 ห้อง 80-304,27 ต.ค. 2569 เวลา 15:30 - 18:30 อาคาร 147 ห้อง 80-304
10700318,ภาษาอังกฤษสำหรับการท่องเที่ยวสมัยใหม่,3,28 ส.ค. 2569 เวลา 15:30 - 18:30 อาคาร 147 ห้อง 80-403,27 ต.ค. 2569 เวลา 15:30 - 18:30 อาคาร 147 ห้อง 80-403
10700319,ภาษาอังกฤษสำหรับผู้ประกอบการและการค้าระหว่างประเทศ,1,29 ส.ค. 2569 เวลา 08:00 - 11:00 อาคาร 147 ห้อง 80-301,28 ต.ค. 2569 เวลา 08:00 - 11:00 อาคาร 107 ห้อง BA 301
10700319,ภาษาอังกฤษสำหรับผู้ประกอบการและการค้าระหว่างประเทศ,2,29 ส.ค. 2569 เวลา 08:00 - 11:00 อาคาร 147 ห้อง 80-301,28 ต.ค. 2569 เวลา 08:00 - 11:00 อาคาร 107 ห้อง BA 305
10700319,ภาษาอังกฤษสำหรับผู้ประกอบการและการค้าระหว่างประเทศ,3,29 ส.ค. 2569 เวลา 08:00 - 11:00 อาคาร 147 ห้อง 80-301,28 ต.ค. 2569 เวลา 08:00 - 11:00 อาคาร 107 ห้อง BA 501
10700319,ภาษาอังกฤษสำหรับผู้ประกอบการและการค้าระหว่างประเทศ,4,29 ส.ค. 2569 เวลา 08:00 - 11:00 อาคาร 147 ห้อง 80-303,28 ต.ค. 2569 เวลา 08:00 - 11:00 อาคาร 107 ห้อง BA 503
10700320,ภาษาอังกฤษเพื่อการศึกษาต่อและการประกอบอาชีพ,1,29 ส.ค. 2569 เวลา 12:00 - 15:00 อาคาร 102 ห้อง สังคม 106,29 ต.ค. 2569 เวลา 12:00 - 15:00 อาคาร 125 ห้อง ศร201_1
10700320,ภาษาอังกฤษเพื่อการศึกษาต่อและการประกอบอาชีพ,2,29 ส.ค. 2569 เวลา 12:00 - 15:00 อาคาร 147 ห้อง 80-305 (สำรอง),29 ต.ค. 2569 เวลา 12:00 - 15:00 อาคาร 125 ห้อง ศร201_1
10700320,ภาษาอังกฤษเพื่อการศึกษาต่อและการประกอบอาชีพ,1,25 ส.ค. 2569 เวลา 09:00 - 12:00 อาคาร 801 ห้อง 114 : 801,20 ต.ค. 2569 เวลา 09:00 - 12:00 อาคาร 801 ห้อง 115 : 801
10700321,ภาษาอังกฤษเพื่อการสื่อสารด้านการเกษตร,1,25 ส.ค. 2569 เวลา 09:00 - 12:00 อาคาร 811 ห้อง N107:811 | 25 ส.ค. 2569 เวลา 09:00 - 12:00 อาคาร 811 ห้อง N108:811,28 ต.ค. 2569 เวลา 09:00 - 12:00 อาคาร 801 ห้อง 303/2 : 801
10700321,ภาษาอังกฤษเพื่อการสื่อสารด้านการเกษตร,2,25 ส.ค. 2569 เวลา 09:00 - 12:00 อาคาร 811 ห้อง N108:811 | 25 ส.ค. 2569 เวลา 09:00 - 12:00 อาคาร 811 ห้อง N109:811,28 ต.ค. 2569 เวลา 09:00 - 12:00 อาคาร 801 ห้อง 303/2 : 801
10700361,ภาษาจีนเบื้องต้น 1,1,27 ส.ค. 2569 เวลา 12:00 - 15:00 อาคาร 140 ห้อง EC302,29 ต.ค. 2569 เวลา 12:00 - 15:00 อาคาร 140 ห้อง EC302
10700361,ภาษาจีนเบื้องต้น 1,2,27 ส.ค. 2569 เวลา 12:00 - 15:00 อาคาร 140 ห้อง EC302,29 ต.ค. 2569 เวลา 12:00 - 15:00 อาคาร 140 ห้อง EC302
10700361,ภาษาจีนเบื้องต้น 1,3,27 ส.ค. 2569 เวลา 12:00 - 15:00 อาคาร 140 ห้อง EC303,29 ต.ค. 2569 เวลา 12:00 - 15:00 อาคาร 140 ห้อง EC303
10700361,ภาษาจีนเบื้องต้น 1,4,27 ส.ค. 2569 เวลา 12:00 - 15:00 อาคาร 140 ห้อง EC303,29 ต.ค. 2569 เวลา 12:00 - 15:00 อาคาร 140 ห้อง EC303
10700361,ภาษาจีนเบื้องต้น 1,5,27 ส.ค. 2569 เวลา 12:00 - 15:00 อาคาร 142 ห้อง สิงห์พลิน,29 ต.ค. 2569 เวลา 12:00 - 15:00 อาคาร 142 ห้อง สิงห์พลิน
10700361,ภาษาจีนเบื้องต้น 1,6,27 ส.ค. 2569 เวลา 12:00 - 15:00 อาคาร 142 ห้อง สิงห์พลิน,29 ต.ค. 2569 เวลา 12:00 - 15:00 อาคาร 142 ห้อง สิงห์พลิน
10700361,ภาษาจีนเบื้องต้น 1,7,27 ส.ค. 2569 เวลา 12:00 - 15:00 อาคาร 102 ห้อง สังคม 106,29 ต.ค. 2569 เวลา 12:00 - 15:00 อาคาร 140 ห้อง EC402
10700401,การรู้สารสนเทศ,1,,29 ต.ค. 2569 เวลา 12:00 - 15:00 อาคาร 147 ห้อง 80-301
10700401,การรู้สารสนเทศ,2,,29 ต.ค. 2569 เวลา 12:00 - 15:00 อาคาร 147 ห้อง 80-301
10700401,การรู้สารสนเทศ,3,,29 ต.ค. 2569 เวลา 12:00 - 15:00 อาคาร 125 ห้อง ศร304
10700401,การรู้สารสนเทศ,4,,29 ต.ค. 2569 เวลา 12:00 - 15:00 อาคาร 125 ห้อง ศร304
10700401,การรู้สารสนเทศ,5,,29 ต.ค. 2569 เวลา 12:00 - 15:00 อาคาร 125 ห้อง ศร304 | 29 ต.ค. 2569 เวลา 12:00 - 15:00 อาคาร 147 ห้อง 80-201
10700401,การรู้สารสนเทศ,6,,29 ต.ค. 2569 เวลา 12:00 - 15:00 อาคาร 147 ห้อง 80-201
10700401,การรู้สารสนเทศ,7,,29 ต.ค. 2569 เวลา 12:00 - 15:00 อาคาร 125 ห้อง ศร204
10700401,การรู้สารสนเทศ,8,,29 ต.ค. 2569 เวลา 12:00 - 15:00 อาคาร 147 ห้อง 80-408 | 29 ต.ค. 2569 เวลา 12:00 - 15:00 อาคาร 147 ห้อง 80-409
10700401,การรู้สารสนเทศ,1,24 ส.ค. 2569 เวลา 09:00 - 12:00 อาคาร 801 ห้อง 302/2 : 801,21 ต.ค. 2569 เวลา 13:00 - 16:00 อาคาร 801 ห้อง 302/2 : 801
10700401,การรู้สารสนเทศ,2,24 ส.ค. 2569 เวลา 09:00 - 12:00 อาคาร 801 ห้อง 105 : 801 | 24 ส.ค. 2569 เวลา 09:00 - 12:00 อาคาร 801 ห้อง 106 : 801 | 24 ส.ค. 2569 เวลา 09:00 - 12:00 อาคาร 801 ห้อง 303/2 : 801,21 ต.ค. 2569 เวลา 13:00 - 16:00 อาคาร 801 ห้อง 302/2 : 801 | 21 ต.ค. 2569 เวลา 13:00 - 16:00 อาคาร 801 ห้อง 303/2 : 801
11400110,เศรษฐกิจพอเพียงและการพัฒนาที่ยั่งยืน,3,24 ส.ค. 2569 เวลา 12:00 - 15:00 อาคาร 107 ห้อง BA 501 | 24 ส.ค. 2569 เวลา 12:00 - 15:00 อาคาร 107 ห้อง BA 305,26 ต.ค. 2569 เวลา 15:30 - 18:30 อาคาร 125 ห้อง ศร403
11400110,เศรษฐกิจพอเพียงและการพัฒนาที่ยั่งยืน,1,24 ส.ค. 2569 เวลา 09:00 - 12:00 อาคาร 811 ห้อง N103:811 | 24 ส.ค. 2569 เวลา 09:00 - 12:00 อาคาร 811 ห้อง N107:811,26 ต.ค. 2569 เวลา 13:00 - 16:00 อาคาร 801 ห้อง 303/2 : 801
11400110,เศรษฐกิจพอเพียงและการพัฒนาที่ยั่งยืน,2,24 ส.ค. 2569 เวลา 09:00 - 12:00 อาคาร 811 ห้อง N102:811,26 ต.ค. 2569 เวลา 13:00 - 16:00 อาคาร 801 ห้อง 303/2 : 801
11400110,เศรษฐกิจพอเพียงและการพัฒนาที่ยั่งยืน,3,24 ส.ค. 2569 เวลา 09:00 - 12:00 อาคาร 811 ห้อง N107:811,
11400111,อาเซียนศึกษา,1,,19 ต.ค. 2569 เวลา 12:00 - 15:00 อาคาร 140 ห้อง EC302
11400112,การต่อต้านการทุจริต,1,30 ส.ค. 2569 เวลา 15:30 - 18:30 อาคาร 147 ห้อง 80-301,
11400112,การต่อต้านการทุจริต,2,30 ส.ค. 2569 เวลา 15:30 - 18:30 อาคาร 142 ห้อง สิงห์พลิน,
11400112,การต่อต้านการทุจริต,1,28 ส.ค. 2569 เวลา 09:00 - 12:00 อาคาร 811 ห้อง N103:811,22 ต.ค. 2569 เวลา 13:00 - 16:00 อาคาร 811 ห้อง N102:811
