instructor,email,day_th,day_en,weekday_index,start,end,course_code,title_th,section,room,building_code,building_name
ผู้ช่วยศาสตราจารย์ ก่องกาญจน์ ดุลยไชย,kongkarn@mju.ac.th,จันทร์,MON,0,13:00,15:00,10301314,หลักการเขียนโปรแกรมเชิงวัตถุ,1,บรรยาย คอม 8,105,คณะวิทยาศาสตร์
ผู้ช่วยศาสตราจารย์ ก่องกาญจน์ ดุลยไชย,kongkarn@mju.ac.th,อังคาร,TUE,1,13:00,15:00,10301223,ฐานข้อมูลโครงสร้างเชิงสัมพันธ์,1,Lab คอม3-4,105,คณะวิทยาศาสตร์
ผู้ช่วยศาสตราจารย์ ก่องกาญจน์ ดุลยไชย,kongkarn@mju.ac.th,พฤหัสบดี,THU,3,09:00,12:00,10301223,ฐานข้อมูลโครงสร้างเชิงสัมพันธ์,1,Lab คอม3-4,105,คณะวิทยาศาสตร์
ผู้ช่วยศาสตราจารย์ ก่องกาญจน์ ดุลยไชย,kongkarn@mju.ac.th,ศุกร์,FRI,4,09:00,12:00,10301314,หลักการเขียนโปรแกรมเชิงวัตถุ,1,บรรยาย คอม 6,105,คณะวิทยาศาสตร์
ผู้ช่วยศาสตราจารย์ ดร. บุรัสกร นันทดิลก,buraskorn@mju.ac.th,จันทร์,MON,0,13:00,14:30,10305109,คณิตศาสตร์สำหรับอุตสาหกรรม,1,ศร401,125,อาคารแม่โจ้ 70 ปี : สร้างปัญญาเพื่อแผ่นดิน
ผู้ช่วยศาสตราจารย์ ดร. บุรัสกร นันทดิลก,buraskorn@mju.ac.th,จันทร์,MON,0,16:00,18:00,10305271,วิทยาการข้อมูลสำหรับธุรกิจและอุตสาหกรรมเกษตร,1,Lab คณิต 3,105,คณะวิทยาศาสตร์
ผู้ช่วยศาสตราจารย์ ดร. บุรัสกร นันทดิลก,buraskorn@mju.ac.th,อังคาร,TUE,1,15:00,17:00,10301222,โครงสร้างข้อมูลและอัลกอริทึม,1,Lab คอม3-4,105,คณะวิทยาศาสตร์
ผู้ช่วยศาสตราจารย์ ดร. บุรัสกร นันทดิลก,buraskorn@mju.ac.th,พุธ,WED,2,09:00,12:00,10301222,โครงสร้างข้อมูลและอัลกอริทึม,1,3203,141,อาคารจุฬาภรณ์
ผู้ช่วยศาสตราจารย์ ดร. บุรัสกร นันทดิลก,buraskorn@mju.ac.th,พุธ,WED,2,12:00,14:00,10305491,สัมมนา,1,Lab คณิต 3,105,คณะวิทยาศาสตร์
ผู้ช่วยศาสตราจารย์ ดร. บุรัสกร นันทดิลก,buraskorn@mju.ac.th,พฤหัสบดี,THU,3,13:00,14:30,10305109,คณิตศาสตร์สำหรับอุตสาหกรรม,1,ศร401,125,อาคารแม่โจ้ 70 ปี : สร้างปัญญาเพื่อแผ่นดิน
ผู้ช่วยศาสตราจารย์ ดร. ปวีณ เขื่อนแก้ว,paween_k@mju.ac.th,จันทร์,MON,0,13:00,15:00,10301364,ตรรกศาสตร์เชิงดิจิทัลและอุปกรณ์อัจฉริยะ,1,Lab คอม2,105,คณะวิทยาศาสตร์
ผู้ช่วยศาสตราจารย์ ดร. ปวีณ เขื่อนแก้ว,paween_k@mju.ac.th,อังคาร,TUE,1,12:30,14:30,10301112,เทคโนโลยีสารสนเทศและการสื่อสาร,1,3203,141,อาคารจุฬาภรณ์
ผู้ช่วยศาสตราจารย์ ดร. ปวีณ เขื่อนแก้ว,paween_k@mju.ac.th,อังคาร,TUE,1,15:00,17:00,10301222,โครงสร้างข้อมูลและอัลกอริทึม,1,Lab คอม3-4,105,คณะวิทยาศาสตร์
ผู้ช่วยศาสตราจารย์ ดร. ปวีณ เขื่อนแก้ว,paween_k@mju.ac.th,พุธ,WED,2,09:00,12:00,10301222,โครงสร้างข้อมูลและอัลกอริทึม,1,3203,141,อาคารจุฬาภรณ์
ผู้ช่วยศาสตราจารย์ ดร. ปวีณ เขื่อนแก้ว,paween_k@mju.ac.th,พฤหัสบดี,THU,3,09:00,12:00,10301364,ตรรกศาสตร์เชิงดิจิทัลและอุปกรณ์อัจฉริยะ,1,Lab คอม2,105,คณะวิทยาศาสตร์
ผู้ช่วยศาสตราจารย์ ดร. ปวีณ เขื่อนแก้ว,paween_k@mju.ac.th,ศุกร์,FRI,4,10:00,13:00,10301112,เทคโนโลยีสารสนเทศและการสื่อสาร,1,Lab คอม3-4,105,คณะวิทยาศาสตร์
ผู้ช่วยศาสตราจารย์ ดร. พาสน์ ปราโมกข์ชน,part@mju.ac.th,จันทร์,MON,0,10:00,12:00,10301351,วิทยาการข้อมูล,2,Sci Digital Lab,105,คณะวิทยาศาสตร์
ผู้ช่วยศาสตราจารย์ ดร. พาสน์ ปราโมกข์ชน,part@mju.ac.th,จันทร์,MON,0,13:00,15:00,10301351,วิทยาการข้อมูล,1,Sci Digital Lab,105,คณะวิทยาศาสตร์
ผู้ช่วยศาสตราจารย์ ดร. พาสน์ ปราโมกข์ชน,part@mju.ac.th,อังคาร,TUE,1,13:00,16:00,10301351,วิทยาการข้อมูล,2,Sci Digital Lab,105,คณะวิทยาศาสตร์
ผู้ช่วยศาสตราจารย์ ดร. พาสน์ ปราโมกข์ชน,part@mju.ac.th,พฤหัสบดี,THU,3,13:00,16:00,10301351,วิทยาการข้อมูล,1,Sci Digital Lab,105,คณะวิทยาศาสตร์
ผู้ช่วยศาสตราจารย์ ดร. สนิท สิทธิ,snit@mju.ac.th,จันทร์,MON,0,10:00,12:00,10301341,การเข้ารหัสและความปลอดภัยในเครือข่าย,1,Lab คอม2,105,คณะวิทยาศาสตร์
ผู้ช่วยศาสตราจารย์ ดร. สนิท สิทธิ,snit@mju.ac.th,จันทร์,MON,0,13:00,15:00,10301342,การประมวลผลแบบกลุ่มเมฆ,1,บรรยาย คอม 7,105,คณะวิทยาศาสตร์
ผู้ช่วยศาสตราจารย์ ดร. สนิท สิทธิ,snit@mju.ac.th,อังคาร,TUE,1,09:00,12:00,10301341,การเข้ารหัสและความปลอดภัยในเครือข่าย,1,Lab คอม2,105,คณะวิทยาศาสตร์
ผู้ช่วยศาสตราจารย์ ดร. สนิท สิทธิ,snit@mju.ac.th,พุธ,WED,2,09:00,12:00,10301342,การประมวลผลแบบกลุ่มเมฆ,1,Lab คอม2,105,คณะวิทยาศาสตร์
ผู้ช่วยศาสตราจารย์ ดร. สนิท สิทธิ,snit@mju.ac.th,ศุกร์,FRI,4,13:00,15:00,30118701,ระเบียบวิธีวิจัยสำหรับนักบริหารและพัฒนาทรัพยากรขั้นสูง,1,เอื้องเสือแผ้วน้,111,ศูนย์กล้วยไม้และไม้ดอกไม้ประดับ
ผู้ช่วยศาสตราจารย์ ดร. สนิท สิทธิ,snit@mju.ac.th,ศุกร์,FRI,4,15:00,17:00,30118701,ระเบียบวิธีวิจัยสำหรับนักบริหารและพัฒนาทรัพยากรขั้นสูง,1,เอื้องเสือแผ้วน้,111,ศูนย์กล้วยไม้และไม้ดอกไม้ประดับ
ผู้ช่วยศาสตราจารย์ ดร. สนิท สิทธิ,snit@mju.ac.th,เสาร์,SAT,5,08:00,10:00,30118701,ระเบียบวิธีวิจัยสำหรับนักบริหารและพัฒนาทรัพยากรขั้นสูง,1,เอื้องเสือแผ้วน้,111,ศูนย์กล้วยไม้และไม้ดอกไม้ประดับ
ผู้ช่วยศาสตราจารย์ ดร. สนิท สิทธิ,snit@mju.ac.th,เสาร์,SAT,5,10:00,12:00,30118701,ระเบียบวิธีวิจัยสำหรับนักบริหารและพัฒนาทรัพยากรขั้นสูง,1,เอื้องเสือแผ้วน้,111,ศูนย์กล้วยไม้และไม้ดอกไม้ประดับ
ผู้ช่วยศาสตราจารย์ ดร. สมนึก สินธุปวน,somnuk@mju.ac.th,จันทร์,MON,0,13:00,15:00,10301225,วิศวกรรมซอฟต์แวร์,1,Lab คอม3-4,105,คณะวิทยาศาสตร์
ผู้ช่วยศาสตราจารย์ ดร. สมนึก สินธุปวน,somnuk@mju.ac.th,พฤหัสบดี,THU,3,13:00,15:00,10301374,การประมวลผลภาษาธรรมชาติ,1,บรรยาย คอม 8,105,คณะวิทยาศาสตร์
ผู้ช่วยศาสตราจารย์ ดร. สมนึก สินธุปวน,somnuk@mju.ac.th,ศุกร์,FRI,4,09:00,12:00,10301374,การประมวลผลภาษาธรรมชาติ,1,Lab คอม2,105,คณะวิทยาศาสตร์
ผู้ช่วยศาสตราจารย์ ดร. สมนึก สินธุปวน,somnuk@mju.ac.th,ศุกร์,FRI,4,13:00,16:00,10301225,วิศวกรรมซอฟต์แวร์,1,Lab คอม3-4,105,คณะวิทยาศาสตร์
ผู้ช่วยศาสตราจารย์ ภานุวัฒน์ เมฆะ,panuwat_m@mju.ac.th,จันทร์,MON,0,09:00,12:00,10301491,สัมมนาวิชาการทางวิทยาการคอมพิวเตอร์,1,บรรยาย คอม 8,105,คณะวิทยาศาสตร์
ผู้ช่วยศาสตราจารย์ ภานุวัฒน์ เมฆะ,panuwat_m@mju.ac.th,อังคาร,TUE,1,09:30,11:30,10301111,การเขียนโปรแกรมเบื้องต้น,1,Lab คอม3-4,105,คณะวิทยาศาสตร์
ผู้ช่วยศาสตราจารย์ ภานุวัฒน์ เมฆะ,panuwat_m@mju.ac.th,พุธ,WED,2,09:00,12:00,10301111,การเขียนโปรแกรมเบื้องต้น,1,Lab คอม3-4,105,คณะวิทยาศาสตร์
อาจารย์ ดร. กิตติกร หาญตระกูล,kittikor@mju.ac.th,จันทร์,MON,0,13:00,15:00,10301366,วิทยาการสมองกลฝังตัว,1,Lab คอม 5,105,คณะวิทยาศาสตร์
อาจารย์ ดร. กิตติกร หาญตระกูล,kittikor@mju.ac.th,จันทร์,MON,0,15:00,17:00,10301385,ระบบบริหารสารสนเทศเพื่อการจัดการ,1,บรรยาย คอม 6,105,คณะวิทยาศาสตร์
อาจารย์ ดร. กิตติกร หาญตระกูล,kittikor@mju.ac.th,อังคาร,TUE,1,10:00,13:00,10301366,วิทยาการสมองกลฝังตัว,1,Lab คอม 5,105,คณะวิทยาศาสตร์
อาจารย์ ดร. กิตติกร หาญตระกูล,kittikor@mju.ac.th,อังคาร,TUE,1,17:00,19:00,คพ392,การเป็นผู้ประกอบการทางด้านคอมพิวเตอร์และนวัตกรรม,1,บรรยาย คอม 8,105,คณะวิทยาศาสตร์
อาจารย์ ดร. กิตติกร หาญตระกูล,kittikor@mju.ac.th,พุธ,WED,2,17:00,20:00,คพ392,การเป็นผู้ประกอบการทางด้านคอมพิวเตอร์และนวัตกรรม,1,บรรยาย คอม 6,105,คณะวิทยาศาสตร์
อาจารย์ ดร. กิตติกร หาญตระกูล,kittikor@mju.ac.th,พฤหัสบดี,THU,3,14:00,17:00,10301385,ระบบบริหารสารสนเทศเพื่อการจัดการ,1,บรรยาย คอม 6,105,คณะวิทยาศาสตร์
อาจารย์ ดร. พยุงศักดิ์ เกษมสำราญ,payungsak_kae@mju.ac.th,อังคาร,TUE,1,08:30,10:00,10301211,คณิตศาสตร์สำหรับวิทยาการคอมพิวเตอร์,1,3203,141,อาคารจุฬาภรณ์
อาจารย์ ดร. พยุงศักดิ์ เกษมสำราญ,payungsak_kae@mju.ac.th,อังคาร,TUE,1,10:00,12:00,10301371,ปัญญาประดิษฐ์,1,3203,141,อาคารจุฬาภรณ์
อาจารย์ ดร. พยุงศักดิ์ เกษมสำราญ,payungsak_kae@mju.ac.th,ศุกร์,FRI,4,08:30,10:00,10301211,คณิตศาสตร์สำหรับวิทยาการคอมพิวเตอร์,1,3203,141,อาคารจุฬาภรณ์
อาจารย์ ดร. พยุงศักดิ์ เกษมสำราญ,payungsak_kae@mju.ac.th,ศุกร์,FRI,4,13:00,16:00,10301371,ปัญญาประดิษฐ์,1,Lab คอม2,105,คณะวิทยาศาสตร์
อาจารย์ อรรถวิท ชังคมานนท์,attawit@mju.ac.th,จันทร์,MON,0,09:00,12:00,10301231,เว็บเทคโนโลยี,1,Lab คอม3-4,105,คณะวิทยาศาสตร์
อาจารย์ อรรถวิท ชังคมานนท์,attawit@mju.ac.th,อังคาร,TUE,1,13:00,15:00,10301223,ฐานข้อมูลโครงสร้างเชิงสัมพันธ์,1,Lab คอม3-4,105,คณะวิทยาศาสตร์
อาจารย์ อรรถวิท ชังคมานนท์,attawit@mju.ac.th,พฤหัสบดี,THU,3,09:00,12:00,10301223,ฐานข้อมูลโครงสร้างเชิงสัมพันธ์,1,Lab คอม3-4,105,คณะวิทยาศาสตร์
อาจารย์ อรรถวิท ชังคมานนท์,attawit@mju.ac.th,พฤหัสบดี,THU,3,13:00,15:00,10301231,เว็บเทคโนโลยี,1,Lab คอม3-4,105,คณะวิทยาศาสตร์
อาจารย์ อลงกต กองมณี,alongkot@mju.ac.th,จันทร์,MON,0,13:00,15:00,10301225,วิศวกรรมซอฟต์แวร์,1,Lab คอม3-4,105,คณะวิทยาศาสตร์
อาจารย์ อลงกต กองมณี,alongkot@mju.ac.th,อังคาร,TUE,1,13:00,15:00,10301391,หัวข้อพิเศษทางวิทยาการคอมพิวเตอร์ 1,1,บรรยาย คอม 6,105,คณะวิทยาศาสตร์
อาจารย์ อลงกต กองมณี,alongkot@mju.ac.th,พฤหัสบดี,THU,3,10:00,13:00,10301391,หัวข้อพิเศษทางวิทยาการคอมพิวเตอร์ 1,1,บรรยาย คอม 6,105,คณะวิทยาศาสตร์
อาจารย์ อลงกต กองมณี,alongkot@mju.ac.th,ศุกร์,FRI,4,13:00,16:00,10301225,วิศวกรรมซอฟต์แวร์,1,Lab คอม3-4,105,คณะวิทยาศาสตร์
