building_code,building_name,room,day_th,day_en,weekday_index,start,end,course_code,title_th,section
101,อาคารพัฒนาวิศัยทัศน์,คาวบอยเธียเตอร,จันทร์,MON,0,10:00,12:00,10700361,ภาษาจีนเบื้องต้น 1,3
102,ประเสริฐ ณ นคร,สังคม 106,จันทร์,MON,0,13:00,15:00,10700304,ภาษาไทยเพื่องานเขียนเชิงวิชาการ,6
102,ประเสริฐ ณ นคร,สังคม 106,จันทร์,MON,0,15:00,17:00,10700302,การใช้ภาษาไทยเพื่อการสื่อสาร,20
102,ประเสริฐ ณ นคร,สังคม 106,อังคาร,TUE,1,08:00,10:00,10700361,ภาษาจีนเบื้องต้น 1,5
102,ประเสริฐ ณ นคร,สังคม 106,อังคาร,TUE,1,10:00,12:00,10700308,ภาษาอังกฤษในชีวิตประจำวัน,29
102,ประเสริฐ ณ นคร,สังคม 106,อังคาร,TUE,1,13:00,14:00,10700205,ศิลปะกับความคิดสร้างสรรค์,2
102,ประเสริฐ ณ นคร,สังคม 106,อังคาร,TUE,1,14:00,18:00,10700205,ศิลปะกับความคิดสร้างสรรค์,2
102,ประเสริฐ ณ นคร,สังคม 106,พุธ,WED,2,08:00,09:00,10700205,ศิลปะกับความคิดสร้างสรรค์,1
102,ประเสริฐ ณ นคร,สังคม 106,พุธ,WED,2,09:00,13:00,10700205,ศิลปะกับความคิดสร้างสรรค์,1
102,ประเสริฐ ณ นคร,สังคม 106,พฤหัสบดี,THU,3,13:00,15:00,10700304,ภาษาไทยเพื่องานเขียนเชิงวิชาการ,6
102,ประเสริฐ ณ นคร,สังคม 106,พฤหัสบดี,THU,3,15:00,17:00,10700302,การใช้ภาษาไทยเพื่อการสื่อสาร,20
102,ประเสริฐ ณ นคร,สังคม 106,ศุกร์,FRI,4,08:00,10:00,10700361,ภาษาจีนเบื้องต้น 1,5
102,ประเสริฐ ณ นคร,สังคม 106,ศุกร์,FRI,4,10:00,12:00,10700308,ภาษาอังกฤษในชีวิตประจำวัน,29
102,ประเสริฐ ณ นคร,สังคม 202,จันทร์,MON,0,08:00,10:00,10700302,การใช้ภาษาไทยเพื่อการสื่อสาร,21
102,ประเสริฐ ณ นคร,สังคม 202,จันทร์,MON,0,13:00,15:00,10700307,ทักษะภาษาอังกฤษสำหรับศตวรรษที่ 21,30
102,ประเสริฐ ณ นคร,สังคม 202,จันทร์,MON,0,15:00,17:00,10700309,สนทนาภาษาอังกฤษ,10
102,ประเสริฐ ณ นคร,สังคม 202,อังคาร,TUE,1,10:00,12:00,10700307,ทักษะภาษาอังกฤษสำหรับศตวรรษที่ 21,29
102,ประเสริฐ ณ นคร,สังคม 202,พุธ,WED,2,08:00,10:00,10700307,ทักษะภาษาอังกฤษสำหรับศตวรรษที่ 21,32
102,ประเสริฐ ณ นคร,สังคม 202,พุธ,WED,2,10:00,12:00,10700307,ทักษะภาษาอังกฤษสำหรับศตวรรษที่ 21,32
102,ประเสริฐ ณ นคร,สังคม 202,พฤหัสบดี,THU,3,08:00,10:00,10700302,การใช้ภาษาไทยเพื่อการสื่อสาร,21
102,ประเสริฐ ณ นคร,สังคม 202,พฤหัสบดี,THU,3,13:00,15:00,10700307,ทักษะภาษาอังกฤษสำหรับศตวรรษที่ 21,30
102,ประเสริฐ ณ นคร,สังคม 202,พฤหัสบดี,THU,3,15:00,17:00,10700309,สนทนาภาษาอังกฤษ,10
102,ประเสริฐ ณ นคร,สังคม 202,ศุกร์,FRI,4,10:00,12:00,10700307,ทักษะภาษาอังกฤษสำหรับศตวรรษที่ 21,29
102,ประเสริฐ ณ นคร,สังคม 207,อังคาร,TUE,1,10:00,12:00,10700308,ภาษาอังกฤษในชีวิตประจำวัน,41
102,ประเสริฐ ณ นคร,สังคม 207,ศุกร์,FRI,4,10:00,12:00,10700308,ภาษาอังกฤษในชีวิตประจำวัน,41
102,ประเสริฐ ณ นคร,สังคม 208,อังคาร,TUE,1,15:00,17:00,10700310,ภาษาอังกฤษเบื้องต้นสำหรับธุรกิจและสตาร์ทอัพ,10
102,ประเสริฐ ณ นคร,สังคม 208,ศุกร์,FRI,4,15:00,17:00,10700310,ภาษาอังกฤษเบื้องต้นสำหรับธุรกิจและสตาร์ทอัพ,10
102,ประเสริฐ ณ นคร,สังคม 209,จันทร์,MON,0,08:00,10:00,10700202,สุขภาพสำหรับคนรุ่นใหม่,12
102,ประเสริฐ ณ นคร,สังคม 209,จันทร์,MON,0,10:00,12:00,10700308,ภาษาอังกฤษในชีวิตประจำวัน,15
102,ประเสริฐ ณ นคร,สังคม 209,จันทร์,MON,0,13:00,15:00,10700310,ภาษาอังกฤษเบื้องต้นสำหรับธุรกิจและสตาร์ทอัพ,20
102,ประเสริฐ ณ นคร,สังคม 209,จันทร์,MON,0,15:00,17:00,10700202,สุขภาพสำหรับคนรุ่นใหม่,9
102,ประเสริฐ ณ นคร,สังคม 209,อังคาร,TUE,1,08:00,10:00,10700318,ภาษาอังกฤษสำหรับการท่องเที่ยวสมัยใหม่,3
102,ประเสริฐ ณ นคร,สังคม 209,อังคาร,TUE,1,10:00,12:00,10700318,ภาษาอังกฤษสำหรับการท่องเที่ยวสมัยใหม่,1
102,ประเสริฐ ณ นคร,สังคม 209,อังคาร,TUE,1,13:00,15:00,10700311,ภาษาอังกฤษเพื่อการสมัครงาน,3
102,ประเสริฐ ณ นคร,สังคม 209,พฤหัสบดี,THU,3,08:00,10:00,10700202,สุขภาพสำหรับคนรุ่นใหม่,12
102,ประเสริฐ ณ นคร,สังคม 209,พฤหัสบดี,THU,3,10:00,12:00,10700308,ภาษาอังกฤษในชีวิตประจำวัน,15
102,ประเสริฐ ณ นคร,สังคม 209,พฤหัสบดี,THU,3,13:00,15:00,10700310,ภาษาอังกฤษเบื้องต้นสำหรับธุรกิจและสตาร์ทอัพ,20
102,ประเสริฐ ณ นคร,สังคม 209,พฤหัสบดี,THU,3,15:00,17:00,10700202,สุขภาพสำหรับคนรุ่นใหม่,9
102,ประเสริฐ ณ นคร,สังคม 209,ศุกร์,FRI,4,08:00,10:00,10700318,ภาษาอังกฤษสำหรับการท่องเที่ยวสมัยใหม่,3
102,ประเสริฐ ณ นคร,สังคม 209,ศุกร์,FRI,4,10:00,12:00,10700318,ภาษาอังกฤษสำหรับการท่องเที่ยวสมัยใหม่,1
102,ประเสริฐ ณ นคร,สังคม 209,ศุกร์,FRI,4,13:00,15:00,10700311,ภาษาอังกฤษเพื่อการสมัครงาน,3
102,ประเสริฐ ณ นคร,สังคม 211,จันทร์,MON,0,15:00,17:00,10700310,ภาษาอังกฤษเบื้องต้นสำหรับธุรกิจและสตาร์ทอัพ,8
102,ประเสริฐ ณ นคร,สังคม 211,อังคาร,TUE,1,10:00,12:00,10700307,ทักษะภาษาอังกฤษสำหรับศตวรรษที่ 21,28
102,ประเสริฐ ณ นคร,สังคม 211,อังคาร,TUE,1,15:00,17:00,10700309,สนทนาภาษาอังกฤษ,6
102,ประเสริฐ ณ นคร,สังคม 211,พฤหัสบดี,THU,3,15:00,17:00,10700310,ภาษาอังกฤษเบื้องต้นสำหรับธุรกิจและสตาร์ทอัพ,8
102,ประเสริฐ ณ นคร,สังคม 211,ศุกร์,FRI,4,10:00,12:00,10700307,ทักษะภาษาอังกฤษสำหรับศตวรรษที่ 21,28
102,ประเสริฐ ณ นคร,สังคม 211,ศุกร์,FRI,4,15:00,17:00,10700309,สนทนาภาษาอังกฤษ,6
102,ประเสริฐ ณ นคร,สังคม 213,พุธ,WED,2,08:00,10:00,10700321,ภาษาอังกฤษเพื่อการสื่อสารด้านการเกษตร,1
102,ประเสริฐ ณ นคร,สังคม 213,พุธ,WED,2,10:00,12:00,10700321,ภาษาอังกฤษเพื่อการสื่อสารด้านการเกษตร,1
102,ประเสริฐ ณ นคร,สังคม 217,จันทร์,MON,0,10:00,12:00,10700303,ภาษาไทยเพื่อการสื่อสารสำหรับชาวต่างประเทศ,1
102,ประเสริฐ ณ นคร,สังคม 217,พฤหัสบดี,THU,3,10:00,12:00,10700303,ภาษาไทยเพื่อการสื่อสารสำหรับชาวต่างประเทศ,1
102,ประเสริฐ ณ นคร,สังคม 604,จันทร์,MON,0,08:00,10:00,10700315,ภาษาอังกฤษเพื่อสังคมโลก,1
102,ประเสริฐ ณ นคร,สังคม 604,จันทร์,MON,0,10:00,12:00,10700315,ภาษาอังกฤษเพื่อสังคมโลก,2
102,ประเสริฐ ณ นคร,สังคม 604,จันทร์,MON,0,13:00,14:30,10700101,สังคมโลกสมัยใหม่ในชีวิตประจำวัน,10
102,ประเสริฐ ณ นคร,สังคม 604,อังคาร,TUE,1,10:00,12:00,10700361,ภาษาจีนเบื้องต้น 1,6
102,ประเสริฐ ณ นคร,สังคม 604,พฤหัสบดี,THU,3,08:00,10:00,10700315,ภาษาอังกฤษเพื่อสังคมโลก,1
102,ประเสริฐ ณ นคร,สังคม 604,พฤหัสบดี,THU,3,10:00,12:00,10700315,ภาษาอังกฤษเพื่อสังคมโลก,2
102,ประเสริฐ ณ นคร,สังคม 604,พฤหัสบดี,THU,3,13:00,14:30,10700101,สังคมโลกสมัยใหม่ในชีวิตประจำวัน,10
102,ประเสริฐ ณ นคร,สังคม 604,ศุกร์,FRI,4,10:00,12:00,10700361,ภาษาจีนเบื้องต้น 1,6
102,ประเสริฐ ณ นคร,สังคม 609,จันทร์,MON,0,08:00,10:00,10700318,ภาษาอังกฤษสำหรับการท่องเที่ยวสมัยใหม่,2
102,ประเสริฐ ณ นคร,สังคม 609,พฤหัสบดี,THU,3,08:00,10:00,10700318,ภาษาอังกฤษสำหรับการท่องเที่ยวสมัยใหม่,2
104,คณะวิศวกรรมและอุตสาหกรรมเกษตร,E 101,อังคาร,TUE,1,11:00,12:30,10400408,อาหารและเทคโนโลยี,1
104,คณะวิศวกรรมและอุตสาหกรรมเกษตร,E 101,ศุกร์,FRI,4,11:00,12:30,10400408,อาหารและเทคโนโลยี,1
104,คณะวิศวกรรมและอุตสาหกรรมเกษตร,Online Learning,จันทร์,MON,0,09:30,11:00,10400407,ทักษะดิจิทัลในศตวรรษที่ 21,1
104,คณะวิศวกรรมและอุตสาหกรรมเกษตร,Online Learning,จันทร์,MON,0,13:00,14:30,10400407,ทักษะดิจิทัลในศตวรรษที่ 21,2
104,คณะวิศวกรรมและอุตสาหกรรมเกษตร,Online Learning,พฤหัสบดี,THU,3,09:30,11:00,10400407,ทักษะดิจิทัลในศตวรรษที่ 21,1
104,คณะวิศวกรรมและอุตสาหกรรมเกษตร,Online Learning,พฤหัสบดี,THU,3,13:00,14:30,10400407,ทักษะดิจิทัลในศตวรรษที่ 21,2
105,คณะวิทยาศาสตร์,Lab IT 3202-1,จันทร์,MON,0,17:00,19:00,10300402,การใช้ชีวิตในสังคมดิจิทัล,2
105,คณะวิทยาศาสตร์,Lab IT 3202-1,พฤหัสบดี,THU,3,17:00,19:00,10300402,การใช้ชีวิตในสังคมดิจิทัล,2
105,คณะวิทยาศาสตร์,Lab คณิต 3,จันทร์,MON,0,11:00,12:30,10305361,คณิตศาสตร์ประกันชีวิต,1
105,คณะวิทยาศาสตร์,Lab คณิต 3,จันทร์,MON,0,14:30,16:00,10305282,ภินทนคณิตศาสตร์,1
105,คณะวิทยาศาสตร์,Lab คณิต 3,จันทร์,MON,0,16:00,18:00,10305271,วิทยาการข้อมูลสำหรับธุรกิจและอุตสาหกรรมเกษตร,1
105,คณะวิทยาศาสตร์,Lab คณิต 3,อังคาร,TUE,1,11:00,12:30,10305323,ทอพอโลยีเบื้องต้น,1
105,คณะวิทยาศาสตร์,Lab คณิต 3,อังคาร,TUE,1,15:00,16:30,10305231,แคลคูลัสขั้นสูง,1
105,คณะวิทยาศาสตร์,Lab คณิต 3,พุธ,WED,2,09:00,12:00,10305271,วิทยาการข้อมูลสำหรับธุรกิจและอุตสาหกรรมเกษตร,1
105,คณะวิทยาศาสตร์,Lab คณิต 3,พุธ,WED,2,12:00,14:00,10305491,สัมมนา,1
105,คณะวิทยาศาสตร์,Lab คณิต 3,พฤหัสบดี,THU,3,11:00,12:30,10305361,คณิตศาสตร์ประกันชีวิต,1
105,คณะวิทยาศาสตร์,Lab คณิต 3,พฤหัสบดี,THU,3,14:30,16:00,10305282,ภินทนคณิตศาสตร์,1
105,คณะวิทยาศาสตร์,Lab คณิต 3,ศุกร์,FRI,4,11:00,12:30,10305323,ทอพอโลยีเบื้องต้น,1
105,คณะวิทยาศาสตร์,Lab คณิต 3,ศุกร์,FRI,4,16:00,17:30,10305231,แคลคูลัสขั้นสูง,1
105,คณะวิทยาศาสตร์,Lab คณิต 4,จันทร์,MON,0,08:00,09:30,10305111,คณิตศาสตร์เพื่อการเกษตร,3
105,คณะวิทยาศาสตร์,Lab คณิต 4,จันทร์,MON,0,09:30,11:00,10305233,สมการเชิงอนุพันธ์และการประยุกต์,1
105,คณะวิทยาศาสตร์,Lab คณิต 4,จันทร์,MON,0,11:00,12:30,10305105,คณิตศาสตร์สำหรับบริหารธุรกิจและเศรษฐศาสตร์ 1,2
105,คณะวิทยาศาสตร์,Lab คณิต 4,จันทร์,MON,0,14:30,16:00,10305238,แคลคูลัสขั้นสูง,1
105,คณะวิทยาศาสตร์,Lab คณิต 4,อังคาร,TUE,1,09:30,11:00,10305203,แคลคูลัสสำหรับวิศวกรรม 3,2
105,คณะวิทยาศาสตร์,Lab คณิต 4,อังคาร,TUE,1,11:00,12:30,10305233,สมการเชิงอนุพันธ์และการประยุกต์,2
105,คณะวิทยาศาสตร์,Lab คณิต 4,อังคาร,TUE,1,13:00,14:30,10305203,แคลคูลัสสำหรับวิศวกรรม 3,1
105,คณะวิทยาศาสตร์,Lab คณิต 4,อังคาร,TUE,1,14:30,16:00,10305108,แคลคูลัสสำหรับวิทยาศาสตร์และเทคโนโลยี,1
105,คณะวิทยาศาสตร์,Lab คณิต 4,พฤหัสบดี,THU,3,08:00,09:30,10305111,คณิตศาสตร์เพื่อการเกษตร,3
105,คณะวิทยาศาสตร์,Lab คณิต 4,พฤหัสบดี,THU,3,09:30,11:00,10305233,สมการเชิงอนุพันธ์และการประยุกต์,1
105,คณะวิทยาศาสตร์,Lab คณิต 4,พฤหัสบดี,THU,3,11:00,12:30,10305105,คณิตศาสตร์สำหรับบริหารธุรกิจและเศรษฐศาสตร์ 1,2
105,คณะวิทยาศาสตร์,Lab คณิต 4,พฤหัสบดี,THU,3,14:30,16:00,10305238,แคลคูลัสขั้นสูง,1
105,คณะวิทยาศาสตร์,Lab คณิต 4,ศุกร์,FRI,4,09:30,11:00,10305203,แคลคูลัสสำหรับวิศวกรรม 3,2
105,คณะวิทยาศาสตร์,Lab คณิต 4,ศุกร์,FRI,4,11:00,12:30,10305233,สมการเชิงอนุพันธ์และการประยุกต์,2
105,คณะวิทยาศาสตร์,Lab คณิต 4,ศุกร์,FRI,4,13:00,14:30,10305203,แคลคูลัสสำหรับวิศวกรรม 3,1
105,คณะวิทยาศาสตร์,Lab คณิต 4,ศุกร์,FRI,4,14:30,16:00,10305108,แคลคูลัสสำหรับวิทยาศาสตร์และเทคโนโลยี,1
105,คณะวิทยาศาสตร์,Lab คอม 5,จันทร์,MON,0,13:00,15:00,10301366,วิทยาการสมองกลฝังตัว,1
105,คณะวิทยาศาสตร์,Lab คอม 5,อังคาร,TUE,1,10:00,13:00,10301366,วิทยาการสมองกลฝังตัว,1
105,คณะวิทยาศาสตร์,Lab คอม2,จันทร์,MON,0,10:00,12:00,10301341,การเข้ารหัสและความปลอดภัยในเครือข่าย,1
105,คณะวิทยาศาสตร์,Lab คอม2,จันทร์,MON,0,13:00,15:00,10301364,ตรรกศาสตร์เชิงดิจิทัลและอุปกรณ์อัจฉริยะ,1
105,คณะวิทยาศาสตร์,Lab คอม2,อังคาร,TUE,1,09:00,12:00,10301341,การเข้ารหัสและความปลอดภัยในเครือข่าย,1
105,คณะวิทยาศาสตร์,Lab คอม2,พุธ,WED,2,09:00,12:00,10301342,การประมวลผลแบบกลุ่มเมฆ,1
105,คณะวิทยาศาสตร์,Lab คอม2,พฤหัสบดี,THU,3,09:00,12:00,10301364,ตรรกศาสตร์เชิงดิจิทัลและอุปกรณ์อัจฉริยะ,1
105,คณะวิทยาศาสตร์,Lab คอม2,ศุกร์,FRI,4,09:00,12:00,10301374,การประมวลผลภาษาธรรมชาติ,1
105,คณะวิทยาศาสตร์,Lab คอม2,ศุกร์,FRI,4,13:00,16:00,10301371,ปัญญาประดิษฐ์,1
105,คณะวิทยาศาสตร์,Lab คอม3-4,จันทร์,MON,0,09:00,12:00,10301231,เว็บเทคโนโลยี,1
105,คณะวิทยาศาสตร์,Lab คอม3-4,จันทร์,MON,0,13:00,15:00,10301225,วิศวกรรมซอฟต์แวร์,1
105,คณะวิทยาศาสตร์,Lab คอม3-4,อังคาร,TUE,1,09:30,11:30,10301111,การเขียนโปรแกรมเบื้องต้น,1
105,คณะวิทยาศาสตร์,Lab คอม3-4,อังคาร,TUE,1,13:00,15:00,10301223,ฐานข้อมูลโครงสร้างเชิงสัมพันธ์,1
105,คณะวิทยาศาสตร์,Lab คอม3-4,อังคาร,TUE,1,15:00,17:00,10301222,โครงสร้างข้อมูลและอัลกอริทึม,1
105,คณะวิทยาศาสตร์,Lab คอม3-4,พุธ,WED,2,09:00,12:00,10301111,การเขียนโปรแกรมเบื้องต้น,1
105,คณะวิทยาศาสตร์,Lab คอม3-4,พฤหัสบดี,THU,3,09:00,12:00,10301223,ฐานข้อมูลโครงสร้างเชิงสัมพันธ์,1
105,คณะวิทยาศาสตร์,Lab คอม3-4,พฤหัสบดี,THU,3,13:00,15:00,10301231,เว็บเทคโนโลยี,1
105,คณะวิทยาศาสตร์,Lab คอม3-4,ศุกร์,FRI,4,10:00,13:00,10301112,เทคโนโลยีสารสนเทศและการสื่อสาร,1
105,คณะวิทยาศาสตร์,Lab คอม3-4,ศุกร์,FRI,4,13:00,16:00,10301225,วิศวกรรมซอฟต์แวร์,1
105,คณะวิทยาศาสตร์,Sci Digital Lab,จันทร์,MON,0,10:00,12:00,10301351,วิทยาการข้อมูล,2
105,คณะวิทยาศาสตร์,Sci Digital Lab,จันทร์,MON,0,13:00,15:00,10301351,วิทยาการข้อมูล,1
105,คณะวิทยาศาสตร์,Sci Digital Lab,อังคาร,TUE,1,13:00,16:00,10301351,วิทยาการข้อมูล,2
105,คณะวิทยาศาสตร์,Sci Digital Lab,พฤหัสบดี,THU,3,13:00,16:00,10301351,วิทยาการข้อมูล,1
105,คณะวิทยาศาสตร์,บรรยาย คอม 6,จันทร์,MON,0,15:00,17:00,10301385,ระบบบริหารสารสนเทศเพื่อการจัดการ,1
105,คณะวิทยาศาสตร์,บรรยาย คอม 6,อังคาร,TUE,1,13:00,15:00,10301391,หัวข้อพิเศษทางวิทยาการคอมพิวเตอร์ 1,1
105,คณะวิทยาศาสตร์,บรรยาย คอม 6,พุธ,WED,2,17:00,20:00,คพ392,การเป็นผู้ประกอบการทางด้านคอมพิวเตอร์และนวัตกรรม,1
105,คณะวิทยาศาสตร์,บรรยาย คอม 6,พฤหัสบดี,THU,3,10:00,13:00,10301391,หัวข้อพิเศษทางวิทยาการคอมพิวเตอร์ 1,1
105,คณะวิทยาศาสตร์,บรรยาย คอม 6,พฤหัสบดี,THU,3,14:00,17:00,10301385,ระบบบริหารสารสนเทศเพื่อการจัดการ,1
105,คณะวิทยาศาสตร์,บรรยาย คอม 6,ศุกร์,FRI,4,09:00,12:00,10301314,หลักการเขียนโปรแกรมเชิงวัตถุ,1
105,คณะวิทยาศาสตร์,บรรยาย คอม 7,จันทร์,MON,0,13:00,15:00,10301342,การประมวลผลแบบกลุ่มเมฆ,1
105,คณะวิทยาศาสตร์,บรรยาย คอม 8,จันทร์,MON,0,09:00,12:00,10301491,สัมมนาวิชาการทางวิทยาการคอมพิวเตอร์,1
105,คณะวิทยาศาสตร์,บรรยาย คอม 8,จันทร์,MON,0,13:00,15:00,10301314,หลักการเขียนโปรแกรมเชิงวัตถุ,1
105,คณะวิทยาศาสตร์,บรรยาย คอม 8,อังคาร,TUE,1,17:00,19:00,คพ392,การเป็นผู้ประกอบการทางด้านคอมพิวเตอร์และนวัตกรรม,1
105,คณะวิทยาศาสตร์,บรรยาย คอม 8,พฤหัสบดี,THU,3,13:00,15:00,10301374,การประมวลผลภาษาธรรมชาติ,1
105,คณะวิทยาศาสตร์,วิทย์ 1108,จันทร์,MON,0,08:00,09:30,10300409,คณิตศาสตร์เพื่อชีวิตสมัยใหม่,2
105,คณะวิทยาศาสตร์,วิทย์ 1108,จันทร์,MON,0,14:30,16:00,10300409,คณิตศาสตร์เพื่อชีวิตสมัยใหม่,1
105,คณะวิทยาศาสตร์,วิทย์ 1108,อังคาร,TUE,1,08:00,10:00,10300403,โปรแกรมสำเร็จรูปเพื่อการศึกษา,2
105,คณะวิทยาศาสตร์,วิทย์ 1108,อังคาร,TUE,1,13:00,14:30,10305105,คณิตศาสตร์สำหรับบริหารธุรกิจและเศรษฐศาสตร์ 1,1
105,คณะวิทยาศาสตร์,วิทย์ 1108,พฤหัสบดี,THU,3,08:00,09:30,10300409,คณิตศาสตร์เพื่อชีวิตสมัยใหม่,2
105,คณะวิทยาศาสตร์,วิทย์ 1108,พฤหัสบดี,THU,3,14:30,16:00,10300409,คณิตศาสตร์เพื่อชีวิตสมัยใหม่,1
105,คณะวิทยาศาสตร์,วิทย์ 1108,ศุกร์,FRI,4,13:00,14:30,10305105,คณิตศาสตร์สำหรับบริหารธุรกิจและเศรษฐศาสตร์ 1,1
105,คณะวิทยาศาสตร์,วิทย์ 2105,จันทร์,MON,0,08:00,10:00,10300413,วิทยาศาสตร์รอบตัวในศตวรรษที่ 21,1
105,คณะวิทยาศาสตร์,วิทย์ 2105,อังคาร,TUE,1,08:00,09:30,10305108,แคลคูลัสสำหรับวิทยาศาสตร์และเทคโนโลยี,2
105,คณะวิทยาศาสตร์,วิทย์ 2105,อังคาร,TUE,1,13:00,14:30,10305206,พีชคณิตเชิงเส้น,1
105,คณะวิทยาศาสตร์,วิทย์ 2105,อังคาร,TUE,1,14:30,16:00,10305133,แคลคูลัสและการประยุกต์ 1,1
105,คณะวิทยาศาสตร์,วิทย์ 2105,พฤหัสบดี,THU,3,08:00,10:00,10300413,วิทยาศาสตร์รอบตัวในศตวรรษที่ 21,1
105,คณะวิทยาศาสตร์,วิทย์ 2105,ศุกร์,FRI,4,08:00,09:30,10305108,แคลคูลัสสำหรับวิทยาศาสตร์และเทคโนโลยี,2
105,คณะวิทยาศาสตร์,วิทย์ 2105,ศุกร์,FRI,4,13:00,14:30,10305206,พีชคณิตเชิงเส้น,1
105,คณะวิทยาศาสตร์,วิทย์ 2105,ศุกร์,FRI,4,14:30,16:00,10305133,แคลคูลัสและการประยุกต์ 1,1
105,คณะวิทยาศาสตร์,วิทย์ 2105,อาทิตย์,SUN,6,08:00,10:00,10300412,การพัฒนาวิทยาศาสตร์และเทคโนโลยี,1
105,คณะวิทยาศาสตร์,วิทย์ 2105,อาทิตย์,SUN,6,10:00,12:00,10300412,การพัฒนาวิทยาศาสตร์และเทคโนโลยี,1
105,คณะวิทยาศาสตร์,วิทย์ 2205,จันทร์,MON,0,09:30,11:00,10300410,ความฉลาดรู้ด้านวิทยาศาสตร์สำหรับโลกสมัยใหม่,1
105,คณะวิทยาศาสตร์,วิทย์ 2205,จันทร์,MON,0,11:00,12:30,10300410,ความฉลาดรู้ด้านวิทยาศาสตร์สำหรับโลกสมัยใหม่,2
105,คณะวิทยาศาสตร์,วิทย์ 2205,อังคาร,TUE,1,09:30,11:00,10300410,ความฉลาดรู้ด้านวิทยาศาสตร์สำหรับโลกสมัยใหม่,3
105,คณะวิทยาศาสตร์,วิทย์ 2205,อังคาร,TUE,1,11:00,12:30,10300410,ความฉลาดรู้ด้านวิทยาศาสตร์สำหรับโลกสมัยใหม่,4
105,คณะวิทยาศาสตร์,วิทย์ 2205,พฤหัสบดี,THU,3,09:30,11:00,10300410,ความฉลาดรู้ด้านวิทยาศาสตร์สำหรับโลกสมัยใหม่,1
105,คณะวิทยาศาสตร์,วิทย์ 2205,พฤหัสบดี,THU,3,11:00,12:30,10300410,ความฉลาดรู้ด้านวิทยาศาสตร์สำหรับโลกสมัยใหม่,2
105,คณะวิทยาศาสตร์,วิทย์ 2205,ศุกร์,FRI,4,09:30,11:00,10300410,ความฉลาดรู้ด้านวิทยาศาสตร์สำหรับโลกสมัยใหม่,3
105,คณะวิทยาศาสตร์,วิทย์ 2205,ศุกร์,FRI,4,11:00,12:30,10300410,ความฉลาดรู้ด้านวิทยาศาสตร์สำหรับโลกสมัยใหม่,4
105,คณะวิทยาศาสตร์,วิทย์ 2507/1,จันทร์,MON,0,13:00,14:30,10304205,ความน่าจะเป็นและสถิติ,1
105,คณะวิทยาศาสตร์,วิทย์ 2507/1,พฤหัสบดี,THU,3,13:00,14:30,10304205,ความน่าจะเป็นและสถิติ,1
105,คณะวิทยาศาสตร์,วิทย์ 2507/2,จันทร์,MON,0,08:00,09:30,10305103,แคลคูลัสสำหรับวิศวกรรม 1,2
105,คณะวิทยาศาสตร์,วิทย์ 2507/2,จันทร์,MON,0,11:00,12:30,10305100,คณิตศาสตร์ขั้นพื้นฐาน,2
105,คณะวิทยาศาสตร์,วิทย์ 2507/2,จันทร์,MON,0,13:00,14:30,10305100,คณิตศาสตร์ขั้นพื้นฐาน,3
105,คณะวิทยาศาสตร์,วิทย์ 2507/2,อังคาร,TUE,1,09:30,11:00,10305100,คณิตศาสตร์ขั้นพื้นฐาน,4
105,คณะวิทยาศาสตร์,วิทย์ 2507/2,อังคาร,TUE,1,11:00,12:30,10305100,คณิตศาสตร์ขั้นพื้นฐาน,1
105,คณะวิทยาศาสตร์,วิทย์ 2507/2,อังคาร,TUE,1,13:00,14:30,10305103,แคลคูลัสสำหรับวิศวกรรม 1,1
105,คณะวิทยาศาสตร์,วิทย์ 2507/2,อังคาร,TUE,1,14:30,16:00,10305341,พีชคณิตนามธรรมเบื้องต้น,1
105,คณะวิทยาศาสตร์,วิทย์ 2507/2,พฤหัสบดี,THU,3,08:00,09:30,10305103,แคลคูลัสสำหรับวิศวกรรม 1,2
105,คณะวิทยาศาสตร์,วิทย์ 2507/2,พฤหัสบดี,THU,3,11:00,12:30,10305100,คณิตศาสตร์ขั้นพื้นฐาน,2
105,คณะวิทยาศาสตร์,วิทย์ 2507/2,พฤหัสบดี,THU,3,13:00,14:30,10305100,คณิตศาสตร์ขั้นพื้นฐาน,3
105,คณะวิทยาศาสตร์,วิทย์ 2507/2,ศุกร์,FRI,4,09:30,11:00,10305100,คณิตศาสตร์ขั้นพื้นฐาน,4
105,คณะวิทยาศาสตร์,วิทย์ 2507/2,ศุกร์,FRI,4,11:00,12:30,10305100,คณิตศาสตร์ขั้นพื้นฐาน,1
105,คณะวิทยาศาสตร์,วิทย์ 2507/2,ศุกร์,FRI,4,13:00,14:30,10305103,แคลคูลัสสำหรับวิศวกรรม 1,1
105,คณะวิทยาศาสตร์,วิทย์ 2507/2,ศุกร์,FRI,4,14:30,16:00,10305341,พีชคณิตนามธรรมเบื้องต้น,1
106,คณะเทคโนโลยีการประมงและทรัพยากรทางน้ำ,FT(ประมง) 1203,จันทร์,MON,0,10:00,12:00,10700361,ภาษาจีนเบื้องต้น 1,2
106,คณะเทคโนโลยีการประมงและทรัพยากรทางน้ำ,FT(ประมง) 1203,พฤหัสบดี,THU,3,10:00,12:00,10700361,ภาษาจีนเบื้องต้น 1,2
107,คณะบริหารธุรกิจ,BA 101,จันทร์,MON,0,10:00,12:00,10700307,ทักษะภาษาอังกฤษสำหรับศตวรรษที่ 21,3
107,คณะบริหารธุรกิจ,BA 101,พฤหัสบดี,THU,3,10:00,12:00,10700307,ทักษะภาษาอังกฤษสำหรับศตวรรษที่ 21,3
107,คณะบริหารธุรกิจ,BA 204 ห้อง lab,จันทร์,MON,0,17:00,19:00,10200503,การประยุกต์ใช้โปรแกรมสำเร็จรูปทางธุรกิจ,1
107,คณะบริหารธุรกิจ,BA 204 ห้อง lab,จันทร์,MON,0,19:00,21:00,10200503,การประยุกต์ใช้โปรแกรมสำเร็จรูปทางธุรกิจ,1
107,คณะบริหารธุรกิจ,BA 204 ห้อง lab,พฤหัสบดี,THU,3,17:00,19:00,10200503,การประยุกต์ใช้โปรแกรมสำเร็จรูปทางธุรกิจ,3
107,คณะบริหารธุรกิจ,BA 204 ห้อง lab,พฤหัสบดี,THU,3,19:00,21:00,10200503,การประยุกต์ใช้โปรแกรมสำเร็จรูปทางธุรกิจ,3
107,คณะบริหารธุรกิจ,BA 204 ห้อง lab,ศุกร์,FRI,4,17:00,19:00,10200503,การประยุกต์ใช้โปรแกรมสำเร็จรูปทางธุรกิจ,4
107,คณะบริหารธุรกิจ,BA 204 ห้อง lab,ศุกร์,FRI,4,19:00,21:00,10200503,การประยุกต์ใช้โปรแกรมสำเร็จรูปทางธุรกิจ,4
107,คณะบริหารธุรกิจ,BA 204 ห้อง lab,เสาร์,SAT,5,08:00,10:00,10200503,การประยุกต์ใช้โปรแกรมสำเร็จรูปทางธุรกิจ,5
107,คณะบริหารธุรกิจ,BA 204 ห้อง lab,เสาร์,SAT,5,10:00,12:00,10200503,การประยุกต์ใช้โปรแกรมสำเร็จรูปทางธุรกิจ,5
107,คณะบริหารธุรกิจ,BA 204 ห้อง lab,เสาร์,SAT,5,13:00,15:00,10200503,การประยุกต์ใช้โปรแกรมสำเร็จรูปทางธุรกิจ,6
107,คณะบริหารธุรกิจ,BA 204 ห้อง lab,เสาร์,SAT,5,15:00,17:00,10200503,การประยุกต์ใช้โปรแกรมสำเร็จรูปทางธุรกิจ,6
107,คณะบริหารธุรกิจ,BA 206,จันทร์,MON,0,17:00,19:00,10200503,การประยุกต์ใช้โปรแกรมสำเร็จรูปทางธุรกิจ,2
107,คณะบริหารธุรกิจ,BA 206,จันทร์,MON,0,19:00,21:00,10200503,การประยุกต์ใช้โปรแกรมสำเร็จรูปทางธุรกิจ,2
107,คณะบริหารธุรกิจ,BA 304,อังคาร,TUE,1,13:00,14:30,10200506,การวางแผนการเงินในชีวิตประจำวัน,2
107,คณะบริหารธุรกิจ,BA 304,ศุกร์,FRI,4,13:00,14:30,10200506,การวางแผนการเงินในชีวิตประจำวัน,2
107,คณะบริหารธุรกิจ,BA 402,พฤหัสบดี,THU,3,17:00,20:00,10200507,ภาษีอากรสำหรับผู้ประกอบการ,1
110,ศูนย์กีฬาเฉลิมพระเกียรติ (โซน B),ศกฬ เรียน1,จันทร์,MON,0,08:00,10:00,10700307,ทักษะภาษาอังกฤษสำหรับศตวรรษที่ 21,1
110,ศูนย์กีฬาเฉลิมพระเกียรติ (โซน B),ศกฬ เรียน1,จันทร์,MON,0,10:00,12:00,10700307,ทักษะภาษาอังกฤษสำหรับศตวรรษที่ 21,4
110,ศูนย์กีฬาเฉลิมพระเกียรติ (โซน B),ศกฬ เรียน1,จันทร์,MON,0,13:00,15:00,10700202,สุขภาพสำหรับคนรุ่นใหม่,8
110,ศูนย์กีฬาเฉลิมพระเกียรติ (โซน B),ศกฬ เรียน1,จันทร์,MON,0,15:00,17:00,10700308,ภาษาอังกฤษในชีวิตประจำวัน,17
110,ศูนย์กีฬาเฉลิมพระเกียรติ (โซน B),ศกฬ เรียน1,อังคาร,TUE,1,10:00,12:00,10700202,สุขภาพสำหรับคนรุ่นใหม่,2
110,ศูนย์กีฬาเฉลิมพระเกียรติ (โซน B),ศกฬ เรียน1,อังคาร,TUE,1,13:00,15:00,10700307,ทักษะภาษาอังกฤษสำหรับศตวรรษที่ 21,15
110,ศูนย์กีฬาเฉลิมพระเกียรติ (โซน B),ศกฬ เรียน1,พฤหัสบดี,THU,3,08:00,10:00,10700307,ทักษะภาษาอังกฤษสำหรับศตวรรษที่ 21,1
110,ศูนย์กีฬาเฉลิมพระเกียรติ (โซน B),ศกฬ เรียน1,พฤหัสบดี,THU,3,10:00,12:00,10700307,ทักษะภาษาอังกฤษสำหรับศตวรรษที่ 21,4
110,ศูนย์กีฬาเฉลิมพระเกียรติ (โซน B),ศกฬ เรียน1,พฤหัสบดี,THU,3,13:00,15:00,10700202,สุขภาพสำหรับคนรุ่นใหม่,8
110,ศูนย์กีฬาเฉลิมพระเกียรติ (โซน B),ศกฬ เรียน1,พฤหัสบดี,THU,3,15:00,17:00,10700308,ภาษาอังกฤษในชีวิตประจำวัน,17
110,ศูนย์กีฬาเฉลิมพระเกียรติ (โซน B),ศกฬ เรียน1,ศุกร์,FRI,4,10:00,12:00,10700202,สุขภาพสำหรับคนรุ่นใหม่,2
110,ศูนย์กีฬาเฉลิมพระเกียรติ (โซน B),ศกฬ เรียน1,ศุกร์,FRI,4,13:00,15:00,10700307,ทักษะภาษาอังกฤษสำหรับศตวรรษที่ 21,15
110,ศูนย์กีฬาเฉลิมพระเกียรติ (โซน B),ศกฬ เรียน2,จันทร์,MON,0,08:00,10:00,10700307,ทักษะภาษาอังกฤษสำหรับศตวรรษที่ 21,2
110,ศูนย์กีฬาเฉลิมพระเกียรติ (โซน B),ศกฬ เรียน2,จันทร์,MON,0,10:00,12:00,10700307,ทักษะภาษาอังกฤษสำหรับศตวรรษที่ 21,5
110,ศูนย์กีฬาเฉลิมพระเกียรติ (โซน B),ศกฬ เรียน2,จันทร์,MON,0,13:00,15:00,10700307,ทักษะภาษาอังกฤษสำหรับศตวรรษที่ 21,16
110,ศูนย์กีฬาเฉลิมพระเกียรติ (โซน B),ศกฬ เรียน2,จันทร์,MON,0,15:00,17:00,10700202,สุขภาพสำหรับคนรุ่นใหม่,10
110,ศูนย์กีฬาเฉลิมพระเกียรติ (โซน B),ศกฬ เรียน2,อังคาร,TUE,1,08:00,10:00,10700307,ทักษะภาษาอังกฤษสำหรับศตวรรษที่ 21,10
110,ศูนย์กีฬาเฉลิมพระเกียรติ (โซน B),ศกฬ เรียน2,อังคาร,TUE,1,10:00,12:00,10700314,ภาษาอังกฤษสำหรับวิชาชีพเกษตร,1
110,ศูนย์กีฬาเฉลิมพระเกียรติ (โซน B),ศกฬ เรียน2,อังคาร,TUE,1,13:00,15:00,10700307,ทักษะภาษาอังกฤษสำหรับศตวรรษที่ 21,8
110,ศูนย์กีฬาเฉลิมพระเกียรติ (โซน B),ศกฬ เรียน2,พฤหัสบดี,THU,3,08:00,10:00,10700307,ทักษะภาษาอังกฤษสำหรับศตวรรษที่ 21,2
110,ศูนย์กีฬาเฉลิมพระเกียรติ (โซน B),ศกฬ เรียน2,พฤหัสบดี,THU,3,10:00,12:00,10700307,ทักษะภาษาอังกฤษสำหรับศตวรรษที่ 21,5
110,ศูนย์กีฬาเฉลิมพระเกียรติ (โซน B),ศกฬ เรียน2,พฤหัสบดี,THU,3,13:00,15:00,10700307,ทักษะภาษาอังกฤษสำหรับศตวรรษที่ 21,16
110,ศูนย์กีฬาเฉลิมพระเกียรติ (โซน B),ศกฬ เรียน2,พฤหัสบดี,THU,3,15:00,17:00,10700202,สุขภาพสำหรับคนรุ่นใหม่,10
110,ศูนย์กีฬาเฉลิมพระเกียรติ (โซน B),ศกฬ เรียน2,ศุกร์,FRI,4,08:00,10:00,10700307,ทักษะภาษาอังกฤษสำหรับศตวรรษที่ 21,10
110,ศูนย์กีฬาเฉลิมพระเกียรติ (โซน B),ศกฬ เรียน2,ศุกร์,FRI,4,10:00,12:00,10700314,ภาษาอังกฤษสำหรับวิชาชีพเกษตร,1
110,ศูนย์กีฬาเฉลิมพระเกียรติ (โซน B),ศกฬ เรียน2,ศุกร์,FRI,4,13:00,15:00,10700307,ทักษะภาษาอังกฤษสำหรับศตวรรษที่ 21,8
110,ศูนย์กีฬาเฉลิมพระเกียรติ (โซน B),ศกฬรับรอง2,จันทร์,MON,0,08:00,10:00,10700308,ภาษาอังกฤษในชีวิตประจำวัน,8
110,ศูนย์กีฬาเฉลิมพระเกียรติ (โซน B),ศกฬรับรอง2,จันทร์,MON,0,10:00,12:00,10700308,ภาษาอังกฤษในชีวิตประจำวัน,26
110,ศูนย์กีฬาเฉลิมพระเกียรติ (โซน B),ศกฬรับรอง2,จันทร์,MON,0,13:00,15:00,10700307,ทักษะภาษาอังกฤษสำหรับศตวรรษที่ 21,17
110,ศูนย์กีฬาเฉลิมพระเกียรติ (โซน B),ศกฬรับรอง2,จันทร์,MON,0,15:00,17:00,10700307,ทักษะภาษาอังกฤษสำหรับศตวรรษที่ 21,9
110,ศูนย์กีฬาเฉลิมพระเกียรติ (โซน B),ศกฬรับรอง2,อังคาร,TUE,1,10:00,12:00,10700302,การใช้ภาษาไทยเพื่อการสื่อสาร,11
110,ศูนย์กีฬาเฉลิมพระเกียรติ (โซน B),ศกฬรับรอง2,อังคาร,TUE,1,13:00,15:00,10700307,ทักษะภาษาอังกฤษสำหรับศตวรรษที่ 21,20
110,ศูนย์กีฬาเฉลิมพระเกียรติ (โซน B),ศกฬรับรอง2,พฤหัสบดี,THU,3,08:00,10:00,10700308,ภาษาอังกฤษในชีวิตประจำวัน,8
110,ศูนย์กีฬาเฉลิมพระเกียรติ (โซน B),ศกฬรับรอง2,พฤหัสบดี,THU,3,10:00,12:00,10700308,ภาษาอังกฤษในชีวิตประจำวัน,26
110,ศูนย์กีฬาเฉลิมพระเกียรติ (โซน B),ศกฬรับรอง2,พฤหัสบดี,THU,3,13:00,15:00,10700307,ทักษะภาษาอังกฤษสำหรับศตวรรษที่ 21,17
110,ศูนย์กีฬาเฉลิมพระเกียรติ (โซน B),ศกฬรับรอง2,พฤหัสบดี,THU,3,15:00,17:00,10700307,ทักษะภาษาอังกฤษสำหรับศตวรรษที่ 21,9
110,ศูนย์กีฬาเฉลิมพระเกียรติ (โซน B),ศกฬรับรอง2,ศุกร์,FRI,4,10:00,12:00,10700302,การใช้ภาษาไทยเพื่อการสื่อสาร,11
110,ศูนย์กีฬาเฉลิมพระเกียรติ (โซน B),ศกฬรับรอง2,ศุกร์,FRI,4,13:00,15:00,10700307,ทักษะภาษาอังกฤษสำหรับศตวรรษที่ 21,20
110,ศูนย์กีฬาเฉลิมพระเกียรติ (โซน B),ศูนย์กีฬา,จันทร์,MON,0,15:00,18:00,10100214,เกษตรเพื่อชีวิต,1
110,ศูนย์กีฬาเฉลิมพระเกียรติ (โซน B),ศูนย์กีฬา,อังคาร,TUE,1,15:00,18:00,10100214,เกษตรเพื่อชีวิต,3
111,ศูนย์กล้วยไม้และไม้ดอกไม้ประดับ,เหลืองโคราช,เสาร์,SAT,5,08:00,10:00,10700301,ภาษาไทยเพื่อการนำเสนอ,1
111,ศูนย์กล้วยไม้และไม้ดอกไม้ประดับ,เหลืองโคราช,เสาร์,SAT,5,10:00,12:00,10700301,ภาษาไทยเพื่อการนำเสนอ,1
124,อาคารสุวรรณวาจกกิสิกิจ,เรียนรวม 429,พฤหัสบดี,THU,3,10:00,12:00,10700361,ภาษาจีนเบื้องต้น 1,3
125,อาคารแม่โจ้ 70 ปี : สร้างปัญญาเพื่อแผ่นดิน,ศร201_1,จันทร์,MON,0,08:00,10:00,10300411,วิทยาศาสตร์เพื่อชีวิต,1
125,อาคารแม่โจ้ 70 ปี : สร้างปัญญาเพื่อแผ่นดิน,ศร201_1,จันทร์,MON,0,10:00,12:00,10300412,การพัฒนาวิทยาศาสตร์และเทคโนโลยี,1
125,อาคารแม่โจ้ 70 ปี : สร้างปัญญาเพื่อแผ่นดิน,ศร201_1,จันทร์,MON,0,13:00,15:00,10300411,วิทยาศาสตร์เพื่อชีวิต,3
125,อาคารแม่โจ้ 70 ปี : สร้างปัญญาเพื่อแผ่นดิน,ศร201_1,จันทร์,MON,0,15:00,17:00,10300411,วิทยาศาสตร์เพื่อชีวิต,2
125,อาคารแม่โจ้ 70 ปี : สร้างปัญญาเพื่อแผ่นดิน,ศร201_1,อังคาร,TUE,1,08:00,09:30,10700209,จิตวิทยาเพื่อการดำเนินชีวิตในสังคมสมัยใหม่,6
125,อาคารแม่โจ้ 70 ปี : สร้างปัญญาเพื่อแผ่นดิน,ศร201_1,พฤหัสบดี,THU,3,08:00,10:00,10300411,วิทยาศาสตร์เพื่อชีวิต,1
125,อาคารแม่โจ้ 70 ปี : สร้างปัญญาเพื่อแผ่นดิน,ศร201_1,พฤหัสบดี,THU,3,10:00,12:00,10300412,การพัฒนาวิทยาศาสตร์และเทคโนโลยี,1
125,อาคารแม่โจ้ 70 ปี : สร้างปัญญาเพื่อแผ่นดิน,ศร201_1,พฤหัสบดี,THU,3,13:00,15:00,10300411,วิทยาศาสตร์เพื่อชีวิต,3
125,อาคารแม่โจ้ 70 ปี : สร้างปัญญาเพื่อแผ่นดิน,ศร201_1,พฤหัสบดี,THU,3,15:00,17:00,10300411,วิทยาศาสตร์เพื่อชีวิต,2
125,อาคารแม่โจ้ 70 ปี : สร้างปัญญาเพื่อแผ่นดิน,ศร201_1,ศุกร์,FRI,4,08:00,09:30,10700209,จิตวิทยาเพื่อการดำเนินชีวิตในสังคมสมัยใหม่,6
125,อาคารแม่โจ้ 70 ปี : สร้างปัญญาเพื่อแผ่นดิน,ศร201_2,จันทร์,MON,0,13:00,15:00,10400502,ผู้ประกอบการนวัตกรรมทางการเกษตร,1
125,อาคารแม่โจ้ 70 ปี : สร้างปัญญาเพื่อแผ่นดิน,ศร201_2,อังคาร,TUE,1,11:00,12:30,10700209,จิตวิทยาเพื่อการดำเนินชีวิตในสังคมสมัยใหม่,7
125,อาคารแม่โจ้ 70 ปี : สร้างปัญญาเพื่อแผ่นดิน,ศร201_2,อังคาร,TUE,1,13:00,15:00,10300402,การใช้ชีวิตในสังคมดิจิทัล,1
125,อาคารแม่โจ้ 70 ปี : สร้างปัญญาเพื่อแผ่นดิน,ศร201_2,พฤหัสบดี,THU,3,13:00,15:00,10400502,ผู้ประกอบการนวัตกรรมทางการเกษตร,1
125,อาคารแม่โจ้ 70 ปี : สร้างปัญญาเพื่อแผ่นดิน,ศร201_2,ศุกร์,FRI,4,11:00,12:30,10700209,จิตวิทยาเพื่อการดำเนินชีวิตในสังคมสมัยใหม่,7
125,อาคารแม่โจ้ 70 ปี : สร้างปัญญาเพื่อแผ่นดิน,ศร201_2,ศุกร์,FRI,4,13:00,15:00,10300402,การใช้ชีวิตในสังคมดิจิทัล,1
125,อาคารแม่โจ้ 70 ปี : สร้างปัญญาเพื่อแผ่นดิน,ศร204,จันทร์,MON,0,08:00,09:30,10700106,สังคมและวัฒนธรรมไทย,1
125,อาคารแม่โจ้ 70 ปี : สร้างปัญญาเพื่อแผ่นดิน,ศร204,จันทร์,MON,0,10:00,11:30,10300404,การตัดสินใจในชีวิตประจำวัน,5
125,อาคารแม่โจ้ 70 ปี : สร้างปัญญาเพื่อแผ่นดิน,ศร204,อังคาร,TUE,1,08:00,09:30,10700101,สังคมโลกสมัยใหม่ในชีวิตประจำวัน,1
125,อาคารแม่โจ้ 70 ปี : สร้างปัญญาเพื่อแผ่นดิน,ศร204,อังคาร,TUE,1,09:30,11:00,10700209,จิตวิทยาเพื่อการดำเนินชีวิตในสังคมสมัยใหม่,2
125,อาคารแม่โจ้ 70 ปี : สร้างปัญญาเพื่อแผ่นดิน,ศร204,อังคาร,TUE,1,11:00,12:30,10700102,อารยธรรมและโลกสมัยใหม่,9
125,อาคารแม่โจ้ 70 ปี : สร้างปัญญาเพื่อแผ่นดิน,ศร204,อังคาร,TUE,1,13:00,15:00,10700308,ภาษาอังกฤษในชีวิตประจำวัน,30
125,อาคารแม่โจ้ 70 ปี : สร้างปัญญาเพื่อแผ่นดิน,ศร204,อังคาร,TUE,1,15:00,17:00,10700304,ภาษาไทยเพื่องานเขียนเชิงวิชาการ,7
125,อาคารแม่โจ้ 70 ปี : สร้างปัญญาเพื่อแผ่นดิน,ศร204,พุธ,WED,2,08:00,11:00,10700101,สังคมโลกสมัยใหม่ในชีวิตประจำวัน,9
125,อาคารแม่โจ้ 70 ปี : สร้างปัญญาเพื่อแผ่นดิน,ศร204,พฤหัสบดี,THU,3,08:00,09:30,10700106,สังคมและวัฒนธรรมไทย,1
125,อาคารแม่โจ้ 70 ปี : สร้างปัญญาเพื่อแผ่นดิน,ศร204,พฤหัสบดี,THU,3,10:00,11:30,10300404,การตัดสินใจในชีวิตประจำวัน,5
125,อาคารแม่โจ้ 70 ปี : สร้างปัญญาเพื่อแผ่นดิน,ศร204,ศุกร์,FRI,4,08:00,09:30,10700101,สังคมโลกสมัยใหม่ในชีวิตประจำวัน,1
125,อาคารแม่โจ้ 70 ปี : สร้างปัญญาเพื่อแผ่นดิน,ศร204,ศุกร์,FRI,4,09:30,11:00,10700209,จิตวิทยาเพื่อการดำเนินชีวิตในสังคมสมัยใหม่,2
125,อาคารแม่โจ้ 70 ปี : สร้างปัญญาเพื่อแผ่นดิน,ศร204,ศุกร์,FRI,4,11:00,12:30,10700102,อารยธรรมและโลกสมัยใหม่,9
125,อาคารแม่โจ้ 70 ปี : สร้างปัญญาเพื่อแผ่นดิน,ศร204,ศุกร์,FRI,4,13:00,15:00,10700308,ภาษาอังกฤษในชีวิตประจำวัน,30
125,อาคารแม่โจ้ 70 ปี : สร้างปัญญาเพื่อแผ่นดิน,ศร204,ศุกร์,FRI,4,15:00,17:00,10700304,ภาษาไทยเพื่องานเขียนเชิงวิชาการ,7
125,อาคารแม่โจ้ 70 ปี : สร้างปัญญาเพื่อแผ่นดิน,ศร301,จันทร์,MON,0,08:00,10:00,10200504,การเป็นผู้ประกอบการ,2
125,อาคารแม่โจ้ 70 ปี : สร้างปัญญาเพื่อแผ่นดิน,ศร301,อังคาร,TUE,1,08:00,10:00,10200504,การเป็นผู้ประกอบการ,3
125,อาคารแม่โจ้ 70 ปี : สร้างปัญญาเพื่อแผ่นดิน,ศร301,อังคาร,TUE,1,10:00,12:00,10200504,การเป็นผู้ประกอบการ,1
125,อาคารแม่โจ้ 70 ปี : สร้างปัญญาเพื่อแผ่นดิน,ศร301,อังคาร,TUE,1,15:00,17:00,10200504,การเป็นผู้ประกอบการ,4
125,อาคารแม่โจ้ 70 ปี : สร้างปัญญาเพื่อแผ่นดิน,ศร301,พุธ,WED,2,11:00,14:00,10400406,นานาสาระเกี่ยวกับอาหารและยา,1
125,อาคารแม่โจ้ 70 ปี : สร้างปัญญาเพื่อแผ่นดิน,ศร301,พฤหัสบดี,THU,3,08:00,10:00,10200504,การเป็นผู้ประกอบการ,2
125,อาคารแม่โจ้ 70 ปี : สร้างปัญญาเพื่อแผ่นดิน,ศร301,ศุกร์,FRI,4,08:00,10:00,10200504,การเป็นผู้ประกอบการ,3
125,อาคารแม่โจ้ 70 ปี : สร้างปัญญาเพื่อแผ่นดิน,ศร301,ศุกร์,FRI,4,10:00,12:00,10200504,การเป็นผู้ประกอบการ,1
125,อาคารแม่โจ้ 70 ปี : สร้างปัญญาเพื่อแผ่นดิน,ศร301,ศุกร์,FRI,4,15:00,17:00,10200504,การเป็นผู้ประกอบการ,4
125,อาคารแม่โจ้ 70 ปี : สร้างปัญญาเพื่อแผ่นดิน,ศร302,จันทร์,MON,0,08:00,10:00,10700301,ภาษาไทยเพื่อการนำเสนอ,4
125,อาคารแม่โจ้ 70 ปี : สร้างปัญญาเพื่อแผ่นดิน,ศร302,จันทร์,MON,0,11:00,12:30,10700101,สังคมโลกสมัยใหม่ในชีวิตประจำวัน,3
125,อาคารแม่โจ้ 70 ปี : สร้างปัญญาเพื่อแผ่นดิน,ศร302,จันทร์,MON,0,13:00,14:30,10700209,จิตวิทยาเพื่อการดำเนินชีวิตในสังคมสมัยใหม่,1
125,อาคารแม่โจ้ 70 ปี : สร้างปัญญาเพื่อแผ่นดิน,ศร302,จันทร์,MON,0,15:00,16:30,10700106,สังคมและวัฒนธรรมไทย,5
125,อาคารแม่โจ้ 70 ปี : สร้างปัญญาเพื่อแผ่นดิน,ศร302,อังคาร,TUE,1,08:00,10:00,10700401,การรู้สารสนเทศ,5
125,อาคารแม่โจ้ 70 ปี : สร้างปัญญาเพื่อแผ่นดิน,ศร302,อังคาร,TUE,1,13:00,14:30,10700106,สังคมและวัฒนธรรมไทย,3
125,อาคารแม่โจ้ 70 ปี : สร้างปัญญาเพื่อแผ่นดิน,ศร302,อังคาร,TUE,1,14:30,16:00,10700106,สังคมและวัฒนธรรมไทย,4
125,อาคารแม่โจ้ 70 ปี : สร้างปัญญาเพื่อแผ่นดิน,ศร302,พุธ,WED,2,08:00,11:00,10700101,สังคมโลกสมัยใหม่ในชีวิตประจำวัน,5
125,อาคารแม่โจ้ 70 ปี : สร้างปัญญาเพื่อแผ่นดิน,ศร302,พฤหัสบดี,THU,3,08:00,10:00,10700301,ภาษาไทยเพื่อการนำเสนอ,4
125,อาคารแม่โจ้ 70 ปี : สร้างปัญญาเพื่อแผ่นดิน,ศร302,พฤหัสบดี,THU,3,11:00,12:30,10700101,สังคมโลกสมัยใหม่ในชีวิตประจำวัน,3
125,อาคารแม่โจ้ 70 ปี : สร้างปัญญาเพื่อแผ่นดิน,ศร302,พฤหัสบดี,THU,3,13:00,14:30,10700209,จิตวิทยาเพื่อการดำเนินชีวิตในสังคมสมัยใหม่,1
125,อาคารแม่โจ้ 70 ปี : สร้างปัญญาเพื่อแผ่นดิน,ศร302,พฤหัสบดี,THU,3,15:00,16:30,10700106,สังคมและวัฒนธรรมไทย,5
125,อาคารแม่โจ้ 70 ปี : สร้างปัญญาเพื่อแผ่นดิน,ศร302,ศุกร์,FRI,4,08:00,10:00,10700401,การรู้สารสนเทศ,5
125,อาคารแม่โจ้ 70 ปี : สร้างปัญญาเพื่อแผ่นดิน,ศร302,ศุกร์,FRI,4,13:00,14:30,10700106,สังคมและวัฒนธรรมไทย,3
125,อาคารแม่โจ้ 70 ปี : สร้างปัญญาเพื่อแผ่นดิน,ศร302,ศุกร์,FRI,4,14:30,16:00,10700106,สังคมและวัฒนธรรมไทย,4
125,อาคารแม่โจ้ 70 ปี : สร้างปัญญาเพื่อแผ่นดิน,ศร303,จันทร์,MON,0,08:00,10:00,10700311,ภาษาอังกฤษเพื่อการสมัครงาน,4
125,อาคารแม่โจ้ 70 ปี : สร้างปัญญาเพื่อแผ่นดิน,ศร303,จันทร์,MON,0,10:00,12:00,10700308,ภาษาอังกฤษในชีวิตประจำวัน,3
125,อาคารแม่โจ้ 70 ปี : สร้างปัญญาเพื่อแผ่นดิน,ศร303,จันทร์,MON,0,13:00,15:00,10700202,สุขภาพสำหรับคนรุ่นใหม่,7
125,อาคารแม่โจ้ 70 ปี : สร้างปัญญาเพื่อแผ่นดิน,ศร303,จันทร์,MON,0,15:00,17:00,10700202,สุขภาพสำหรับคนรุ่นใหม่,5
125,อาคารแม่โจ้ 70 ปี : สร้างปัญญาเพื่อแผ่นดิน,ศร303,อังคาร,TUE,1,08:00,10:00,10700308,ภาษาอังกฤษในชีวิตประจำวัน,9
125,อาคารแม่โจ้ 70 ปี : สร้างปัญญาเพื่อแผ่นดิน,ศร303,อังคาร,TUE,1,10:00,12:00,10700312,ภาษาอังกฤษเชิงวิชาการ,1
125,อาคารแม่โจ้ 70 ปี : สร้างปัญญาเพื่อแผ่นดิน,ศร303,อังคาร,TUE,1,13:00,15:00,10700308,ภาษาอังกฤษในชีวิตประจำวัน,14
125,อาคารแม่โจ้ 70 ปี : สร้างปัญญาเพื่อแผ่นดิน,ศร303,อังคาร,TUE,1,15:00,17:00,10700308,ภาษาอังกฤษในชีวิตประจำวัน,16
125,อาคารแม่โจ้ 70 ปี : สร้างปัญญาเพื่อแผ่นดิน,ศร303,พฤหัสบดี,THU,3,08:00,10:00,10700311,ภาษาอังกฤษเพื่อการสมัครงาน,4
125,อาคารแม่โจ้ 70 ปี : สร้างปัญญาเพื่อแผ่นดิน,ศร303,พฤหัสบดี,THU,3,10:00,12:00,10700308,ภาษาอังกฤษในชีวิตประจำวัน,3
125,อาคารแม่โจ้ 70 ปี : สร้างปัญญาเพื่อแผ่นดิน,ศร303,พฤหัสบดี,THU,3,13:00,15:00,10700202,สุขภาพสำหรับคนรุ่นใหม่,7
125,อาคารแม่โจ้ 70 ปี : สร้างปัญญาเพื่อแผ่นดิน,ศร303,พฤหัสบดี,THU,3,15:00,17:00,10700202,สุขภาพสำหรับคนรุ่นใหม่,5
125,อาคารแม่โจ้ 70 ปี : สร้างปัญญาเพื่อแผ่นดิน,ศร303,ศุกร์,FRI,4,08:00,10:00,10700308,ภาษาอังกฤษในชีวิตประจำวัน,9
125,อาคารแม่โจ้ 70 ปี : สร้างปัญญาเพื่อแผ่นดิน,ศร303,ศุกร์,FRI,4,10:00,12:00,10700312,ภาษาอังกฤษเชิงวิชาการ,1
125,อาคารแม่โจ้ 70 ปี : สร้างปัญญาเพื่อแผ่นดิน,ศร303,ศุกร์,FRI,4,13:00,15:00,10700308,ภาษาอังกฤษในชีวิตประจำวัน,14
125,อาคารแม่โจ้ 70 ปี : สร้างปัญญาเพื่อแผ่นดิน,ศร303,ศุกร์,FRI,4,15:00,17:00,10700308,ภาษาอังกฤษในชีวิตประจำวัน,16
125,อาคารแม่โจ้ 70 ปี : สร้างปัญญาเพื่อแผ่นดิน,ศร304,จันทร์,MON,0,08:00,09:30,10700102,อารยธรรมและโลกสมัยใหม่,7
125,อาคารแม่โจ้ 70 ปี : สร้างปัญญาเพื่อแผ่นดิน,ศร304,จันทร์,MON,0,09:30,11:00,10700209,จิตวิทยาเพื่อการดำเนินชีวิตในสังคมสมัยใหม่,5
125,อาคารแม่โจ้ 70 ปี : สร้างปัญญาเพื่อแผ่นดิน,ศร304,อังคาร,TUE,1,10:00,12:00,10700301,ภาษาไทยเพื่อการนำเสนอ,7
125,อาคารแม่โจ้ 70 ปี : สร้างปัญญาเพื่อแผ่นดิน,ศร304,อังคาร,TUE,1,13:00,15:00,10700304,ภาษาไทยเพื่องานเขียนเชิงวิชาการ,2
125,อาคารแม่โจ้ 70 ปี : สร้างปัญญาเพื่อแผ่นดิน,ศร304,อังคาร,TUE,1,16:00,17:30,10200505,การตลาดบนสมาร์ทโฟน,1
125,อาคารแม่โจ้ 70 ปี : สร้างปัญญาเพื่อแผ่นดิน,ศร304,พฤหัสบดี,THU,3,08:00,09:30,10700102,อารยธรรมและโลกสมัยใหม่,7
125,อาคารแม่โจ้ 70 ปี : สร้างปัญญาเพื่อแผ่นดิน,ศร304,พฤหัสบดี,THU,3,09:30,11:00,10700209,จิตวิทยาเพื่อการดำเนินชีวิตในสังคมสมัยใหม่,5
125,อาคารแม่โจ้ 70 ปี : สร้างปัญญาเพื่อแผ่นดิน,ศร304,ศุกร์,FRI,4,10:00,12:00,10700301,ภาษาไทยเพื่อการนำเสนอ,7
125,อาคารแม่โจ้ 70 ปี : สร้างปัญญาเพื่อแผ่นดิน,ศร304,ศุกร์,FRI,4,13:00,15:00,10700304,ภาษาไทยเพื่องานเขียนเชิงวิชาการ,2
125,อาคารแม่โจ้ 70 ปี : สร้างปัญญาเพื่อแผ่นดิน,ศร304,ศุกร์,FRI,4,16:00,17:30,10200505,การตลาดบนสมาร์ทโฟน,1
125,อาคารแม่โจ้ 70 ปี : สร้างปัญญาเพื่อแผ่นดิน,ศร305,จันทร์,MON,0,08:00,10:00,10700309,สนทนาภาษาอังกฤษ,4
125,อาคารแม่โจ้ 70 ปี : สร้างปัญญาเพื่อแผ่นดิน,ศร305,จันทร์,MON,0,10:00,12:00,10700310,ภาษาอังกฤษเบื้องต้นสำหรับธุรกิจและสตาร์ทอัพ,4
125,อาคารแม่โจ้ 70 ปี : สร้างปัญญาเพื่อแผ่นดิน,ศร305,จันทร์,MON,0,13:00,15:00,10700310,ภาษาอังกฤษเบื้องต้นสำหรับธุรกิจและสตาร์ทอัพ,24
125,อาคารแม่โจ้ 70 ปี : สร้างปัญญาเพื่อแผ่นดิน,ศร305,จันทร์,MON,0,15:00,17:00,10700308,ภาษาอังกฤษในชีวิตประจำวัน,18
125,อาคารแม่โจ้ 70 ปี : สร้างปัญญาเพื่อแผ่นดิน,ศร305,อังคาร,TUE,1,08:00,10:00,10700202,สุขภาพสำหรับคนรุ่นใหม่,3
125,อาคารแม่โจ้ 70 ปี : สร้างปัญญาเพื่อแผ่นดิน,ศร305,อังคาร,TUE,1,10:00,12:00,10700310,ภาษาอังกฤษเบื้องต้นสำหรับธุรกิจและสตาร์ทอัพ,21
125,อาคารแม่โจ้ 70 ปี : สร้างปัญญาเพื่อแผ่นดิน,ศร305,อังคาร,TUE,1,13:00,15:00,10700361,ภาษาจีนเบื้องต้น 1,7
125,อาคารแม่โจ้ 70 ปี : สร้างปัญญาเพื่อแผ่นดิน,ศร305,อังคาร,TUE,1,15:00,17:00,10700309,สนทนาภาษาอังกฤษ,13
125,อาคารแม่โจ้ 70 ปี : สร้างปัญญาเพื่อแผ่นดิน,ศร305,พุธ,WED,2,08:00,10:00,10700302,การใช้ภาษาไทยเพื่อการสื่อสาร,6
125,อาคารแม่โจ้ 70 ปี : สร้างปัญญาเพื่อแผ่นดิน,ศร305,พุธ,WED,2,10:00,12:00,10700302,การใช้ภาษาไทยเพื่อการสื่อสาร,6
125,อาคารแม่โจ้ 70 ปี : สร้างปัญญาเพื่อแผ่นดิน,ศร305,พฤหัสบดี,THU,3,08:00,10:00,10700309,สนทนาภาษาอังกฤษ,4
125,อาคารแม่โจ้ 70 ปี : สร้างปัญญาเพื่อแผ่นดิน,ศร305,พฤหัสบดี,THU,3,10:00,12:00,10700310,ภาษาอังกฤษเบื้องต้นสำหรับธุรกิจและสตาร์ทอัพ,4
125,อาคารแม่โจ้ 70 ปี : สร้างปัญญาเพื่อแผ่นดิน,ศร305,พฤหัสบดี,THU,3,13:00,15:00,10700310,ภาษาอังกฤษเบื้องต้นสำหรับธุรกิจและสตาร์ทอัพ,24
125,อาคารแม่โจ้ 70 ปี : สร้างปัญญาเพื่อแผ่นดิน,ศร305,พฤหัสบดี,THU,3,15:00,17:00,10700308,ภาษาอังกฤษในชีวิตประจำวัน,18
125,อาคารแม่โจ้ 70 ปี : สร้างปัญญาเพื่อแผ่นดิน,ศร305,ศุกร์,FRI,4,08:00,10:00,10700202,สุขภาพสำหรับคนรุ่นใหม่,3
125,อาคารแม่โจ้ 70 ปี : สร้างปัญญาเพื่อแผ่นดิน,ศร305,ศุกร์,FRI,4,10:00,12:00,10700310,ภาษาอังกฤษเบื้องต้นสำหรับธุรกิจและสตาร์ทอัพ,21
125,อาคารแม่โจ้ 70 ปี : สร้างปัญญาเพื่อแผ่นดิน,ศร305,ศุกร์,FRI,4,13:00,15:00,10700361,ภาษาจีนเบื้องต้น 1,7
125,อาคารแม่โจ้ 70 ปี : สร้างปัญญาเพื่อแผ่นดิน,ศร305,ศุกร์,FRI,4,15:00,17:00,10700309,สนทนาภาษาอังกฤษ,13
125,อาคารแม่โจ้ 70 ปี : สร้างปัญญาเพื่อแผ่นดิน,ศร306,จันทร์,MON,0,08:00,09:30,10700204,มนุษย์กับความงามทางศิลปะ,1
125,อาคารแม่โจ้ 70 ปี : สร้างปัญญาเพื่อแผ่นดิน,ศร306,จันทร์,MON,0,09:30,11:00,10700103,ประวัติศาสตร์และพัฒนาการของล้านนา,2
125,อาคารแม่โจ้ 70 ปี : สร้างปัญญาเพื่อแผ่นดิน,ศร306,จันทร์,MON,0,13:00,15:00,10700302,การใช้ภาษาไทยเพื่อการสื่อสาร,5
125,อาคารแม่โจ้ 70 ปี : สร้างปัญญาเพื่อแผ่นดิน,ศร306,จันทร์,MON,0,15:00,16:30,10700213,วัฒนธรรมข้าวและประเพณีชาวนาไทย,1
125,อาคารแม่โจ้ 70 ปี : สร้างปัญญาเพื่อแผ่นดิน,ศร306,อังคาร,TUE,1,09:30,11:00,10700101,สังคมโลกสมัยใหม่ในชีวิตประจำวัน,6
125,อาคารแม่โจ้ 70 ปี : สร้างปัญญาเพื่อแผ่นดิน,ศร306,อังคาร,TUE,1,11:00,12:30,10305111,คณิตศาสตร์เพื่อการเกษตร,1
125,อาคารแม่โจ้ 70 ปี : สร้างปัญญาเพื่อแผ่นดิน,ศร306,อังคาร,TUE,1,13:00,15:00,10700310,ภาษาอังกฤษเบื้องต้นสำหรับธุรกิจและสตาร์ทอัพ,22
125,อาคารแม่โจ้ 70 ปี : สร้างปัญญาเพื่อแผ่นดิน,ศร306,อังคาร,TUE,1,16:00,17:30,10700209,จิตวิทยาเพื่อการดำเนินชีวิตในสังคมสมัยใหม่,3
125,อาคารแม่โจ้ 70 ปี : สร้างปัญญาเพื่อแผ่นดิน,ศร306,พฤหัสบดี,THU,3,08:00,09:30,10700204,มนุษย์กับความงามทางศิลปะ,1
125,อาคารแม่โจ้ 70 ปี : สร้างปัญญาเพื่อแผ่นดิน,ศร306,พฤหัสบดี,THU,3,09:30,11:00,10700103,ประวัติศาสตร์และพัฒนาการของล้านนา,2
125,อาคารแม่โจ้ 70 ปี : สร้างปัญญาเพื่อแผ่นดิน,ศร306,พฤหัสบดี,THU,3,13:00,15:00,10700302,การใช้ภาษาไทยเพื่อการสื่อสาร,5
125,อาคารแม่โจ้ 70 ปี : สร้างปัญญาเพื่อแผ่นดิน,ศร306,พฤหัสบดี,THU,3,15:00,16:30,10700213,วัฒนธรรมข้าวและประเพณีชาวนาไทย,1
125,อาคารแม่โจ้ 70 ปี : สร้างปัญญาเพื่อแผ่นดิน,ศร306,ศุกร์,FRI,4,09:30,11:00,10700101,สังคมโลกสมัยใหม่ในชีวิตประจำวัน,6
125,อาคารแม่โจ้ 70 ปี : สร้างปัญญาเพื่อแผ่นดิน,ศร306,ศุกร์,FRI,4,11:00,12:30,10305111,คณิตศาสตร์เพื่อการเกษตร,1
125,อาคารแม่โจ้ 70 ปี : สร้างปัญญาเพื่อแผ่นดิน,ศร306,ศุกร์,FRI,4,13:00,15:00,10700310,ภาษาอังกฤษเบื้องต้นสำหรับธุรกิจและสตาร์ทอัพ,22
125,อาคารแม่โจ้ 70 ปี : สร้างปัญญาเพื่อแผ่นดิน,ศร306,ศุกร์,FRI,4,16:00,17:30,10700209,จิตวิทยาเพื่อการดำเนินชีวิตในสังคมสมัยใหม่,3
125,อาคารแม่โจ้ 70 ปี : สร้างปัญญาเพื่อแผ่นดิน,ศร401,จันทร์,MON,0,08:00,09:30,10700106,สังคมและวัฒนธรรมไทย,2
125,อาคารแม่โจ้ 70 ปี : สร้างปัญญาเพื่อแผ่นดิน,ศร401,จันทร์,MON,0,09:30,11:00,10700102,อารยธรรมและโลกสมัยใหม่,1
125,อาคารแม่โจ้ 70 ปี : สร้างปัญญาเพื่อแผ่นดิน,ศร401,จันทร์,MON,0,13:00,14:30,10305109,คณิตศาสตร์สำหรับอุตสาหกรรม,1
125,อาคารแม่โจ้ 70 ปี : สร้างปัญญาเพื่อแผ่นดิน,ศร401,จันทร์,MON,0,14:30,16:00,10300404,การตัดสินใจในชีวิตประจำวัน,3
125,อาคารแม่โจ้ 70 ปี : สร้างปัญญาเพื่อแผ่นดิน,ศร401,จันทร์,MON,0,16:00,17:30,10700101,สังคมโลกสมัยใหม่ในชีวิตประจำวัน,4
125,อาคารแม่โจ้ 70 ปี : สร้างปัญญาเพื่อแผ่นดิน,ศร401,อังคาร,TUE,1,08:00,10:00,10700308,ภาษาอังกฤษในชีวิตประจำวัน,10
125,อาคารแม่โจ้ 70 ปี : สร้างปัญญาเพื่อแผ่นดิน,ศร401,อังคาร,TUE,1,10:00,11:30,10300404,การตัดสินใจในชีวิตประจำวัน,6
125,อาคารแม่โจ้ 70 ปี : สร้างปัญญาเพื่อแผ่นดิน,ศร401,อังคาร,TUE,1,13:00,14:30,10700102,อารยธรรมและโลกสมัยใหม่,8
125,อาคารแม่โจ้ 70 ปี : สร้างปัญญาเพื่อแผ่นดิน,ศร401,อังคาร,TUE,1,14:30,16:00,10700102,อารยธรรมและโลกสมัยใหม่,5
125,อาคารแม่โจ้ 70 ปี : สร้างปัญญาเพื่อแผ่นดิน,ศร401,พฤหัสบดี,THU,3,08:00,09:30,10700106,สังคมและวัฒนธรรมไทย,2
125,อาคารแม่โจ้ 70 ปี : สร้างปัญญาเพื่อแผ่นดิน,ศร401,พฤหัสบดี,THU,3,09:30,11:00,10700102,อารยธรรมและโลกสมัยใหม่,1
125,อาคารแม่โจ้ 70 ปี : สร้างปัญญาเพื่อแผ่นดิน,ศร401,พฤหัสบดี,THU,3,13:00,14:30,10305109,คณิตศาสตร์สำหรับอุตสาหกรรม,1
125,อาคารแม่โจ้ 70 ปี : สร้างปัญญาเพื่อแผ่นดิน,ศร401,พฤหัสบดี,THU,3,14:30,16:00,10300404,การตัดสินใจในชีวิตประจำวัน,3
125,อาคารแม่โจ้ 70 ปี : สร้างปัญญาเพื่อแผ่นดิน,ศร401,พฤหัสบดี,THU,3,16:00,17:30,10700101,สังคมโลกสมัยใหม่ในชีวิตประจำวัน,4
125,อาคารแม่โจ้ 70 ปี : สร้างปัญญาเพื่อแผ่นดิน,ศร401,ศุกร์,FRI,4,08:00,10:00,10700308,ภาษาอังกฤษในชีวิตประจำวัน,10
125,อาคารแม่โจ้ 70 ปี : สร้างปัญญาเพื่อแผ่นดิน,ศร401,ศุกร์,FRI,4,10:00,11:30,10300404,การตัดสินใจในชีวิตประจำวัน,6
125,อาคารแม่โจ้ 70 ปี : สร้างปัญญาเพื่อแผ่นดิน,ศร401,ศุกร์,FRI,4,13:00,14:30,10700102,อารยธรรมและโลกสมัยใหม่,8
125,อาคารแม่โจ้ 70 ปี : สร้างปัญญาเพื่อแผ่นดิน,ศร401,ศุกร์,FRI,4,14:30,16:00,10700102,อารยธรรมและโลกสมัยใหม่,5
125,อาคารแม่โจ้ 70 ปี : สร้างปัญญาเพื่อแผ่นดิน,ศร402,จันทร์,MON,0,08:00,10:00,10700308,ภาษาอังกฤษในชีวิตประจำวัน,2
125,อาคารแม่โจ้ 70 ปี : สร้างปัญญาเพื่อแผ่นดิน,ศร402,จันทร์,MON,0,10:00,12:00,10700308,ภาษาอังกฤษในชีวิตประจำวัน,36
125,อาคารแม่โจ้ 70 ปี : สร้างปัญญาเพื่อแผ่นดิน,ศร402,จันทร์,MON,0,13:00,15:00,10700307,ทักษะภาษาอังกฤษสำหรับศตวรรษที่ 21,21
125,อาคารแม่โจ้ 70 ปี : สร้างปัญญาเพื่อแผ่นดิน,ศร402,จันทร์,MON,0,15:00,17:00,10700308,ภาษาอังกฤษในชีวิตประจำวัน,5
125,อาคารแม่โจ้ 70 ปี : สร้างปัญญาเพื่อแผ่นดิน,ศร402,อังคาร,TUE,1,08:00,10:00,10700308,ภาษาอังกฤษในชีวิตประจำวัน,39
125,อาคารแม่โจ้ 70 ปี : สร้างปัญญาเพื่อแผ่นดิน,ศร402,อังคาร,TUE,1,10:00,12:00,10700211,การพัฒนาบุคลิกภาพความเป็นผู้ประกอบการที่ยั่งยืน,2
125,อาคารแม่โจ้ 70 ปี : สร้างปัญญาเพื่อแผ่นดิน,ศร402,อังคาร,TUE,1,13:00,15:00,10700310,ภาษาอังกฤษเบื้องต้นสำหรับธุรกิจและสตาร์ทอัพ,13
125,อาคารแม่โจ้ 70 ปี : สร้างปัญญาเพื่อแผ่นดิน,ศร402,อังคาร,TUE,1,15:00,17:00,10700202,สุขภาพสำหรับคนรุ่นใหม่,6
125,อาคารแม่โจ้ 70 ปี : สร้างปัญญาเพื่อแผ่นดิน,ศร402,พฤหัสบดี,THU,3,08:00,10:00,10700308,ภาษาอังกฤษในชีวิตประจำวัน,2
125,อาคารแม่โจ้ 70 ปี : สร้างปัญญาเพื่อแผ่นดิน,ศร402,พฤหัสบดี,THU,3,10:00,12:00,10700308,ภาษาอังกฤษในชีวิตประจำวัน,36
125,อาคารแม่โจ้ 70 ปี : สร้างปัญญาเพื่อแผ่นดิน,ศร402,พฤหัสบดี,THU,3,13:00,15:00,10700307,ทักษะภาษาอังกฤษสำหรับศตวรรษที่ 21,21
125,อาคารแม่โจ้ 70 ปี : สร้างปัญญาเพื่อแผ่นดิน,ศร402,พฤหัสบดี,THU,3,15:00,17:00,10700308,ภาษาอังกฤษในชีวิตประจำวัน,5
125,อาคารแม่โจ้ 70 ปี : สร้างปัญญาเพื่อแผ่นดิน,ศร402,ศุกร์,FRI,4,08:00,10:00,10700308,ภาษาอังกฤษในชีวิตประจำวัน,39
125,อาคารแม่โจ้ 70 ปี : สร้างปัญญาเพื่อแผ่นดิน,ศร402,ศุกร์,FRI,4,10:00,12:00,10700211,การพัฒนาบุคลิกภาพความเป็นผู้ประกอบการที่ยั่งยืน,2
125,อาคารแม่โจ้ 70 ปี : สร้างปัญญาเพื่อแผ่นดิน,ศร402,ศุกร์,FRI,4,13:00,15:00,10700310,ภาษาอังกฤษเบื้องต้นสำหรับธุรกิจและสตาร์ทอัพ,13
125,อาคารแม่โจ้ 70 ปี : สร้างปัญญาเพื่อแผ่นดิน,ศร402,ศุกร์,FRI,4,15:00,17:00,10700202,สุขภาพสำหรับคนรุ่นใหม่,6
125,อาคารแม่โจ้ 70 ปี : สร้างปัญญาเพื่อแผ่นดิน,ศร403,จันทร์,MON,0,08:00,09:30,10700102,อารยธรรมและโลกสมัยใหม่,4
125,อาคารแม่โจ้ 70 ปี : สร้างปัญญาเพื่อแผ่นดิน,ศร403,จันทร์,MON,0,09:30,11:00,10700201,จิตวิทยากับพฤติกรรมมนุษย์,1
125,อาคารแม่โจ้ 70 ปี : สร้างปัญญาเพื่อแผ่นดิน,ศร403,จันทร์,MON,0,11:00,12:30,10700101,สังคมโลกสมัยใหม่ในชีวิตประจำวัน,2
125,อาคารแม่โจ้ 70 ปี : สร้างปัญญาเพื่อแผ่นดิน,ศร403,อังคาร,TUE,1,08:00,09:30,10700209,จิตวิทยาเพื่อการดำเนินชีวิตในสังคมสมัยใหม่,4
125,อาคารแม่โจ้ 70 ปี : สร้างปัญญาเพื่อแผ่นดิน,ศร403,อังคาร,TUE,1,11:00,12:30,10700102,อารยธรรมและโลกสมัยใหม่,6
125,อาคารแม่โจ้ 70 ปี : สร้างปัญญาเพื่อแผ่นดิน,ศร403,อังคาร,TUE,1,13:00,15:00,10700401,การรู้สารสนเทศ,6
125,อาคารแม่โจ้ 70 ปี : สร้างปัญญาเพื่อแผ่นดิน,ศร403,พฤหัสบดี,THU,3,08:00,09:30,10700102,อารยธรรมและโลกสมัยใหม่,4
125,อาคารแม่โจ้ 70 ปี : สร้างปัญญาเพื่อแผ่นดิน,ศร403,พฤหัสบดี,THU,3,09:30,11:00,10700201,จิตวิทยากับพฤติกรรมมนุษย์,1
125,อาคารแม่โจ้ 70 ปี : สร้างปัญญาเพื่อแผ่นดิน,ศร403,พฤหัสบดี,THU,3,11:00,12:30,10700101,สังคมโลกสมัยใหม่ในชีวิตประจำวัน,2
125,อาคารแม่โจ้ 70 ปี : สร้างปัญญาเพื่อแผ่นดิน,ศร403,ศุกร์,FRI,4,08:00,09:30,10700209,จิตวิทยาเพื่อการดำเนินชีวิตในสังคมสมัยใหม่,4
125,อาคารแม่โจ้ 70 ปี : สร้างปัญญาเพื่อแผ่นดิน,ศร403,ศุกร์,FRI,4,11:00,12:30,10700102,อารยธรรมและโลกสมัยใหม่,6
125,อาคารแม่โจ้ 70 ปี : สร้างปัญญาเพื่อแผ่นดิน,ศร403,ศุกร์,FRI,4,13:00,15:00,10700401,การรู้สารสนเทศ,6
125,อาคารแม่โจ้ 70 ปี : สร้างปัญญาเพื่อแผ่นดิน,ศร502,จันทร์,MON,0,08:00,10:00,10700301,ภาษาไทยเพื่อการนำเสนอ,8
125,อาคารแม่โจ้ 70 ปี : สร้างปัญญาเพื่อแผ่นดิน,ศร502,จันทร์,MON,0,10:00,12:00,10700308,ภาษาอังกฤษในชีวิตประจำวัน,27
125,อาคารแม่โจ้ 70 ปี : สร้างปัญญาเพื่อแผ่นดิน,ศร502,จันทร์,MON,0,13:00,14:30,10700106,สังคมและวัฒนธรรมไทย,6
125,อาคารแม่โจ้ 70 ปี : สร้างปัญญาเพื่อแผ่นดิน,ศร502,จันทร์,MON,0,15:00,17:00,10700307,ทักษะภาษาอังกฤษสำหรับศตวรรษที่ 21,26
125,อาคารแม่โจ้ 70 ปี : สร้างปัญญาเพื่อแผ่นดิน,ศร502,อังคาร,TUE,1,08:00,10:00,10700308,ภาษาอังกฤษในชีวิตประจำวัน,35
125,อาคารแม่โจ้ 70 ปี : สร้างปัญญาเพื่อแผ่นดิน,ศร502,อังคาร,TUE,1,13:00,15:00,10700211,การพัฒนาบุคลิกภาพความเป็นผู้ประกอบการที่ยั่งยืน,1
125,อาคารแม่โจ้ 70 ปี : สร้างปัญญาเพื่อแผ่นดิน,ศร502,อังคาร,TUE,1,16:00,17:30,10305133,แคลคูลัสและการประยุกต์ 1,2
125,อาคารแม่โจ้ 70 ปี : สร้างปัญญาเพื่อแผ่นดิน,ศร502,พฤหัสบดี,THU,3,08:00,10:00,10700301,ภาษาไทยเพื่อการนำเสนอ,8
125,อาคารแม่โจ้ 70 ปี : สร้างปัญญาเพื่อแผ่นดิน,ศร502,พฤหัสบดี,THU,3,10:00,12:00,10700308,ภาษาอังกฤษในชีวิตประจำวัน,27
125,อาคารแม่โจ้ 70 ปี : สร้างปัญญาเพื่อแผ่นดิน,ศร502,พฤหัสบดี,THU,3,13:00,14:30,10700106,สังคมและวัฒนธรรมไทย,6
125,อาคารแม่โจ้ 70 ปี : สร้างปัญญาเพื่อแผ่นดิน,ศร502,พฤหัสบดี,THU,3,15:00,17:00,10700307,ทักษะภาษาอังกฤษสำหรับศตวรรษที่ 21,26
125,อาคารแม่โจ้ 70 ปี : สร้างปัญญาเพื่อแผ่นดิน,ศร502,ศุกร์,FRI,4,08:00,10:00,10700308,ภาษาอังกฤษในชีวิตประจำวัน,35
125,อาคารแม่โจ้ 70 ปี : สร้างปัญญาเพื่อแผ่นดิน,ศร502,ศุกร์,FRI,4,13:00,15:00,10700211,การพัฒนาบุคลิกภาพความเป็นผู้ประกอบการที่ยั่งยืน,1
125,อาคารแม่โจ้ 70 ปี : สร้างปัญญาเพื่อแผ่นดิน,ศร502,ศุกร์,FRI,4,16:00,17:30,10305133,แคลคูลัสและการประยุกต์ 1,2
125,อาคารแม่โจ้ 70 ปี : สร้างปัญญาเพื่อแผ่นดิน,ห้องคอม C,จันทร์,MON,0,10:00,12:00,10300405,การคำนวณทางธุรกิจและการลงทุนสำหรับผู้ประกอบการยุคใหม่,1
125,อาคารแม่โจ้ 70 ปี : สร้างปัญญาเพื่อแผ่นดิน,ห้องคอม C,จันทร์,MON,0,15:00,17:00,10300405,การคำนวณทางธุรกิจและการลงทุนสำหรับผู้ประกอบการยุคใหม่,4
125,อาคารแม่โจ้ 70 ปี : สร้างปัญญาเพื่อแผ่นดิน,ห้องคอม C,อังคาร,TUE,1,10:00,12:00,10300403,โปรแกรมสำเร็จรูปเพื่อการศึกษา,1
125,อาคารแม่โจ้ 70 ปี : สร้างปัญญาเพื่อแผ่นดิน,ห้องคอม C,อังคาร,TUE,1,13:00,15:00,10300405,การคำนวณทางธุรกิจและการลงทุนสำหรับผู้ประกอบการยุคใหม่,3
125,อาคารแม่โจ้ 70 ปี : สร้างปัญญาเพื่อแผ่นดิน,ห้องคอม C,อังคาร,TUE,1,15:00,17:00,10300405,การคำนวณทางธุรกิจและการลงทุนสำหรับผู้ประกอบการยุคใหม่,2
125,อาคารแม่โจ้ 70 ปี : สร้างปัญญาเพื่อแผ่นดิน,ห้องคอม C,พฤหัสบดี,THU,3,10:00,12:00,10300405,การคำนวณทางธุรกิจและการลงทุนสำหรับผู้ประกอบการยุคใหม่,1
125,อาคารแม่โจ้ 70 ปี : สร้างปัญญาเพื่อแผ่นดิน,ห้องคอม C,พฤหัสบดี,THU,3,15:00,17:00,10300405,การคำนวณทางธุรกิจและการลงทุนสำหรับผู้ประกอบการยุคใหม่,4
125,อาคารแม่โจ้ 70 ปี : สร้างปัญญาเพื่อแผ่นดิน,ห้องคอม C,ศุกร์,FRI,4,08:00,10:00,10300403,โปรแกรมสำเร็จรูปเพื่อการศึกษา,2
125,อาคารแม่โจ้ 70 ปี : สร้างปัญญาเพื่อแผ่นดิน,ห้องคอม C,ศุกร์,FRI,4,10:00,12:00,10300403,โปรแกรมสำเร็จรูปเพื่อการศึกษา,1
125,อาคารแม่โจ้ 70 ปี : สร้างปัญญาเพื่อแผ่นดิน,ห้องคอม C,ศุกร์,FRI,4,13:00,15:00,10300405,การคำนวณทางธุรกิจและการลงทุนสำหรับผู้ประกอบการยุคใหม่,3
125,อาคารแม่โจ้ 70 ปี : สร้างปัญญาเพื่อแผ่นดิน,ห้องคอม C,ศุกร์,FRI,4,15:00,17:00,10300405,การคำนวณทางธุรกิจและการลงทุนสำหรับผู้ประกอบการยุคใหม่,2
140,อาคารเศรษฐศาสตร์,EC302,จันทร์,MON,0,09:30,11:00,10500501,เศรษฐศาสตร์เพื่อชีวิตประจำวันและการประกอบการ,2
140,อาคารเศรษฐศาสตร์,EC302,พฤหัสบดี,THU,3,09:30,11:00,10500501,เศรษฐศาสตร์เพื่อชีวิตประจำวันและการประกอบการ,2
140,อาคารเศรษฐศาสตร์,EC402,จันทร์,MON,0,13:00,15:00,10700317,ภาษาอังกฤษเพื่อผู้ประกอบการทางการเกษตรสร้างสรรค์,2
140,อาคารเศรษฐศาสตร์,EC402,อังคาร,TUE,1,13:00,15:00,10700317,ภาษาอังกฤษเพื่อผู้ประกอบการทางการเกษตรสร้างสรรค์,1
140,อาคารเศรษฐศาสตร์,EC402,พฤหัสบดี,THU,3,13:00,15:00,10700317,ภาษาอังกฤษเพื่อผู้ประกอบการทางการเกษตรสร้างสรรค์,2
140,อาคารเศรษฐศาสตร์,EC402,ศุกร์,FRI,4,13:00,15:00,10700317,ภาษาอังกฤษเพื่อผู้ประกอบการทางการเกษตรสร้างสรรค์,1
140,อาคารเศรษฐศาสตร์,EC403,อังคาร,TUE,1,08:00,10:00,10700308,ภาษาอังกฤษในชีวิตประจำวัน,11
140,อาคารเศรษฐศาสตร์,EC403,อังคาร,TUE,1,15:00,16:30,10500501,เศรษฐศาสตร์เพื่อชีวิตประจำวันและการประกอบการ,1
140,อาคารเศรษฐศาสตร์,EC403,ศุกร์,FRI,4,08:00,10:00,10700308,ภาษาอังกฤษในชีวิตประจำวัน,11
140,อาคารเศรษฐศาสตร์,EC403,ศุกร์,FRI,4,15:00,16:30,10500501,เศรษฐศาสตร์เพื่อชีวิตประจำวันและการประกอบการ,1
140,อาคารเศรษฐศาสตร์,EC406,จันทร์,MON,0,10:00,12:00,10700361,ภาษาจีนเบื้องต้น 1,1
140,อาคารเศรษฐศาสตร์,EC406,พฤหัสบดี,THU,3,10:00,12:00,10700361,ภาษาจีนเบื้องต้น 1,1
140,อาคารเศรษฐศาสตร์,EC407,จันทร์,MON,0,13:00,15:00,10700361,ภาษาจีนเบื้องต้น 1,4
140,อาคารเศรษฐศาสตร์,EC407,พฤหัสบดี,THU,3,13:00,15:00,10700361,ภาษาจีนเบื้องต้น 1,4
141,อาคารจุฬาภรณ์,3102,จันทร์,MON,0,17:00,19:00,10300411,วิทยาศาสตร์เพื่อชีวิต,4
141,อาคารจุฬาภรณ์,3102,อังคาร,TUE,1,17:00,19:00,10300411,วิทยาศาสตร์เพื่อชีวิต,5
141,อาคารจุฬาภรณ์,3102,พฤหัสบดี,THU,3,17:00,19:00,10300411,วิทยาศาสตร์เพื่อชีวิต,4
141,อาคารจุฬาภรณ์,3102,ศุกร์,FRI,4,17:00,19:00,10300411,วิทยาศาสตร์เพื่อชีวิต,5
141,อาคารจุฬาภรณ์,3104,จันทร์,MON,0,13:00,14:30,10305321,การวิเคราะห์เชิงคณิตศาสตร์,1
141,อาคารจุฬาภรณ์,3104,จันทร์,MON,0,14:30,16:00,10305241,พีชคณิตเชิงเส้นและการประยุกต์,1
141,อาคารจุฬาภรณ์,3104,อังคาร,TUE,1,11:00,12:30,10305211,หลักการคณิตศาสตร์,1
141,อาคารจุฬาภรณ์,3104,อังคาร,TUE,1,13:00,14:30,10305261,หลักการคณิตศาสตร์ประกันภัย,1
141,อาคารจุฬาภรณ์,3104,พฤหัสบดี,THU,3,13:00,14:30,10305321,การวิเคราะห์เชิงคณิตศาสตร์,1
141,อาคารจุฬาภรณ์,3104,พฤหัสบดี,THU,3,14:30,16:00,10305241,พีชคณิตเชิงเส้นและการประยุกต์,1
141,อาคารจุฬาภรณ์,3104,ศุกร์,FRI,4,11:00,12:30,10305211,หลักการคณิตศาสตร์,1
141,อาคารจุฬาภรณ์,3104,ศุกร์,FRI,4,13:00,14:30,10305261,หลักการคณิตศาสตร์ประกันภัย,1
141,อาคารจุฬาภรณ์,3203,อังคาร,TUE,1,08:30,10:00,10301211,คณิตศาสตร์สำหรับวิทยาการคอมพิวเตอร์,1
141,อาคารจุฬาภรณ์,3203,อังคาร,TUE,1,10:00,12:00,10301371,ปัญญาประดิษฐ์,1
141,อาคารจุฬาภรณ์,3203,อังคาร,TUE,1,12:30,14:30,10301112,เทคโนโลยีสารสนเทศและการสื่อสาร,1
141,อาคารจุฬาภรณ์,3203,พุธ,WED,2,09:00,12:00,10301222,โครงสร้างข้อมูลและอัลกอริทึม,1
141,อาคารจุฬาภรณ์,3203,ศุกร์,FRI,4,08:30,10:00,10301211,คณิตศาสตร์สำหรับวิทยาการคอมพิวเตอร์,1
142,อาคารเทพ พงษ์พานิช,SAS301,จันทร์,MON,0,10:00,12:00,10700309,สนทนาภาษาอังกฤษ,1
142,อาคารเทพ พงษ์พานิช,SAS301,พฤหัสบดี,THU,3,10:00,12:00,10700309,สนทนาภาษาอังกฤษ,1
142,อาคารเทพ พงษ์พานิช,สิงห์ปราชญ์,อังคาร,TUE,1,08:00,10:00,11400112,การต่อต้านการทุจริต,2
142,อาคารเทพ พงษ์พานิช,สิงห์ปราชญ์,อังคาร,TUE,1,10:00,12:00,10700308,ภาษาอังกฤษในชีวิตประจำวัน,46
142,อาคารเทพ พงษ์พานิช,สิงห์ปราชญ์,ศุกร์,FRI,4,08:00,10:00,11400112,การต่อต้านการทุจริต,2
142,อาคารเทพ พงษ์พานิช,สิงห์ปราชญ์,ศุกร์,FRI,4,10:00,12:00,10700308,ภาษาอังกฤษในชีวิตประจำวัน,46
142,อาคารเทพ พงษ์พานิช,สิงห์พลิน,จันทร์,MON,0,08:00,10:00,11400111,อาเซียนศึกษา,1
142,อาคารเทพ พงษ์พานิช,สิงห์พลิน,อังคาร,TUE,1,08:00,10:00,11400110,เศรษฐกิจพอเพียงและการพัฒนาที่ยั่งยืน,1
142,อาคารเทพ พงษ์พานิช,สิงห์พลิน,อังคาร,TUE,1,15:00,17:00,11400112,การต่อต้านการทุจริต,1
142,อาคารเทพ พงษ์พานิช,สิงห์พลิน,พฤหัสบดี,THU,3,08:00,10:00,11400111,อาเซียนศึกษา,1
142,อาคารเทพ พงษ์พานิช,สิงห์พลิน,ศุกร์,FRI,4,08:00,11:00,11400110,เศรษฐกิจพอเพียงและการพัฒนาที่ยั่งยืน,1
142,อาคารเทพ พงษ์พานิช,สิงห์พลิน,ศุกร์,FRI,4,15:00,17:00,11400112,การต่อต้านการทุจริต,1
143,อาคาร 75 ปี (คณะสารสนเทศแลการสื่อสาร),IC 307,พุธ,WED,2,09:00,12:00,10800114,ความฉลาดทางดิจิทัล,3
147,อาคารเรียนรวม 80 ปี,80-201,อังคาร,TUE,1,08:00,09:30,10800113,พลเมืองดิจิทัล,2
147,อาคารเรียนรวม 80 ปี,80-201,อังคาร,TUE,1,15:00,18:00,10800113,พลเมืองดิจิทัล,1
147,อาคารเรียนรวม 80 ปี,80-201,พุธ,WED,2,11:00,14:00,10800114,ความฉลาดทางดิจิทัล,1
147,อาคารเรียนรวม 80 ปี,80-201,พฤหัสบดี,THU,3,15:00,18:00,10100214,เกษตรเพื่อชีวิต,2
147,อาคารเรียนรวม 80 ปี,80-201,ศุกร์,FRI,4,08:00,09:30,10800113,พลเมืองดิจิทัล,2
147,อาคารเรียนรวม 80 ปี,80-201,ศุกร์,FRI,4,15:00,18:00,10800114,ความฉลาดทางดิจิทัล,2
147,อาคารเรียนรวม 80 ปี,80-301,จันทร์,MON,0,11:00,12:30,10700103,ประวัติศาสตร์และพัฒนาการของล้านนา,1
147,อาคารเรียนรวม 80 ปี,80-301,จันทร์,MON,0,16:00,18:00,10300402,การใช้ชีวิตในสังคมดิจิทัล,3
147,อาคารเรียนรวม 80 ปี,80-301,อังคาร,TUE,1,15:00,17:00,11400110,เศรษฐกิจพอเพียงและการพัฒนาที่ยั่งยืน,2
147,อาคารเรียนรวม 80 ปี,80-301,พฤหัสบดี,THU,3,11:00,12:30,10700103,ประวัติศาสตร์และพัฒนาการของล้านนา,1
147,อาคารเรียนรวม 80 ปี,80-301,พฤหัสบดี,THU,3,16:00,18:00,10300402,การใช้ชีวิตในสังคมดิจิทัล,3
147,อาคารเรียนรวม 80 ปี,80-301,ศุกร์,FRI,4,15:00,18:00,11400110,เศรษฐกิจพอเพียงและการพัฒนาที่ยั่งยืน,2
147,อาคารเรียนรวม 80 ปี,80-303,จันทร์,MON,0,08:00,10:00,10700308,ภาษาอังกฤษในชีวิตประจำวัน,1
147,อาคารเรียนรวม 80 ปี,80-303,จันทร์,MON,0,10:00,12:00,10700302,การใช้ภาษาไทยเพื่อการสื่อสาร,19
147,อาคารเรียนรวม 80 ปี,80-303,จันทร์,MON,0,13:00,15:00,10700308,ภาษาอังกฤษในชีวิตประจำวัน,34
147,อาคารเรียนรวม 80 ปี,80-303,จันทร์,MON,0,15:00,17:00,10700302,การใช้ภาษาไทยเพื่อการสื่อสาร,23
147,อาคารเรียนรวม 80 ปี,80-303,จันทร์,MON,0,17:00,19:00,10700310,ภาษาอังกฤษเบื้องต้นสำหรับธุรกิจและสตาร์ทอัพ,2
147,อาคารเรียนรวม 80 ปี,80-303,อังคาร,TUE,1,08:00,10:00,10700313,ภาษาอังกฤษเชิงวิทยาศาสตร์และนวัตกรรม,3
147,อาคารเรียนรวม 80 ปี,80-303,อังคาร,TUE,1,10:00,12:00,10700306,ภาษาไทยเพื่อกิจธุระยุคดิจิทัล,2
147,อาคารเรียนรวม 80 ปี,80-303,อังคาร,TUE,1,13:00,15:00,10700311,ภาษาอังกฤษเพื่อการสมัครงาน,6
147,อาคารเรียนรวม 80 ปี,80-303,อังคาร,TUE,1,15:00,17:00,10700310,ภาษาอังกฤษเบื้องต้นสำหรับธุรกิจและสตาร์ทอัพ,11
147,อาคารเรียนรวม 80 ปี,80-303,อังคาร,TUE,1,17:00,19:00,10700307,ทักษะภาษาอังกฤษสำหรับศตวรรษที่ 21,12
147,อาคารเรียนรวม 80 ปี,80-303,พฤหัสบดี,THU,3,08:00,10:00,10700308,ภาษาอังกฤษในชีวิตประจำวัน,1
147,อาคารเรียนรวม 80 ปี,80-303,พฤหัสบดี,THU,3,10:00,12:00,10700302,การใช้ภาษาไทยเพื่อการสื่อสาร,19
147,อาคารเรียนรวม 80 ปี,80-303,พฤหัสบดี,THU,3,13:00,15:00,10700308,ภาษาอังกฤษในชีวิตประจำวัน,34
147,อาคารเรียนรวม 80 ปี,80-303,พฤหัสบดี,THU,3,15:00,17:00,10700302,การใช้ภาษาไทยเพื่อการสื่อสาร,23
147,อาคารเรียนรวม 80 ปี,80-303,พฤหัสบดี,THU,3,17:00,19:00,10700310,ภาษาอังกฤษเบื้องต้นสำหรับธุรกิจและสตาร์ทอัพ,2
147,อาคารเรียนรวม 80 ปี,80-303,ศุกร์,FRI,4,08:00,10:00,10700313,ภาษาอังกฤษเชิงวิทยาศาสตร์และนวัตกรรม,3
147,อาคารเรียนรวม 80 ปี,80-303,ศุกร์,FRI,4,10:00,12:00,10700306,ภาษาไทยเพื่อกิจธุระยุคดิจิทัล,2
147,อาคารเรียนรวม 80 ปี,80-303,ศุกร์,FRI,4,13:00,15:00,10700311,ภาษาอังกฤษเพื่อการสมัครงาน,6
147,อาคารเรียนรวม 80 ปี,80-303,ศุกร์,FRI,4,15:00,17:00,10700310,ภาษาอังกฤษเบื้องต้นสำหรับธุรกิจและสตาร์ทอัพ,11
147,อาคารเรียนรวม 80 ปี,80-303,ศุกร์,FRI,4,17:00,19:00,10700307,ทักษะภาษาอังกฤษสำหรับศตวรรษที่ 21,12
147,อาคารเรียนรวม 80 ปี,80-304,จันทร์,MON,0,08:00,10:00,10700302,การใช้ภาษาไทยเพื่อการสื่อสาร,13
147,อาคารเรียนรวม 80 ปี,80-304,จันทร์,MON,0,10:00,12:00,10700310,ภาษาอังกฤษเบื้องต้นสำหรับธุรกิจและสตาร์ทอัพ,6
147,อาคารเรียนรวม 80 ปี,80-304,จันทร์,MON,0,13:00,15:00,10700307,ทักษะภาษาอังกฤษสำหรับศตวรรษที่ 21,6
147,อาคารเรียนรวม 80 ปี,80-304,จันทร์,MON,0,15:00,17:00,10700308,ภาษาอังกฤษในชีวิตประจำวัน,25
147,อาคารเรียนรวม 80 ปี,80-304,จันทร์,MON,0,17:00,19:00,10700308,ภาษาอังกฤษในชีวิตประจำวัน,42
147,อาคารเรียนรวม 80 ปี,80-304,อังคาร,TUE,1,08:00,10:00,10700202,สุขภาพสำหรับคนรุ่นใหม่,4
147,อาคารเรียนรวม 80 ปี,80-304,อังคาร,TUE,1,10:00,12:00,10700308,ภาษาอังกฤษในชีวิตประจำวัน,13
147,อาคารเรียนรวม 80 ปี,80-304,อังคาร,TUE,1,15:00,17:00,10700309,สนทนาภาษาอังกฤษ,12
147,อาคารเรียนรวม 80 ปี,80-304,พุธ,WED,2,08:00,10:00,10700302,การใช้ภาษาไทยเพื่อการสื่อสาร,14
147,อาคารเรียนรวม 80 ปี,80-304,พุธ,WED,2,10:00,12:00,10700302,การใช้ภาษาไทยเพื่อการสื่อสาร,14
147,อาคารเรียนรวม 80 ปี,80-304,พฤหัสบดี,THU,3,08:00,10:00,10700302,การใช้ภาษาไทยเพื่อการสื่อสาร,13
147,อาคารเรียนรวม 80 ปี,80-304,พฤหัสบดี,THU,3,10:00,12:00,10700310,ภาษาอังกฤษเบื้องต้นสำหรับธุรกิจและสตาร์ทอัพ,6
147,อาคารเรียนรวม 80 ปี,80-304,พฤหัสบดี,THU,3,13:00,15:00,10700307,ทักษะภาษาอังกฤษสำหรับศตวรรษที่ 21,6
147,อาคารเรียนรวม 80 ปี,80-304,พฤหัสบดี,THU,3,15:00,17:00,10700308,ภาษาอังกฤษในชีวิตประจำวัน,25
147,อาคารเรียนรวม 80 ปี,80-304,พฤหัสบดี,THU,3,17:00,19:00,10700308,ภาษาอังกฤษในชีวิตประจำวัน,42
147,อาคารเรียนรวม 80 ปี,80-304,ศุกร์,FRI,4,08:00,10:00,10700202,สุขภาพสำหรับคนรุ่นใหม่,4
147,อาคารเรียนรวม 80 ปี,80-304,ศุกร์,FRI,4,10:00,12:00,10700308,ภาษาอังกฤษในชีวิตประจำวัน,13
147,อาคารเรียนรวม 80 ปี,80-304,ศุกร์,FRI,4,15:00,17:00,10700309,สนทนาภาษาอังกฤษ,12
147,อาคารเรียนรวม 80 ปี,80-305 (สำรอง),จันทร์,MON,0,09:30,11:00,10305111,คณิตศาสตร์เพื่อการเกษตร,5
147,อาคารเรียนรวม 80 ปี,80-305 (สำรอง),จันทร์,MON,0,13:00,15:00,10700312,ภาษาอังกฤษเชิงวิชาการ,4
147,อาคารเรียนรวม 80 ปี,80-305 (สำรอง),จันทร์,MON,0,15:00,17:00,10700312,ภาษาอังกฤษเชิงวิชาการ,2
147,อาคารเรียนรวม 80 ปี,80-305 (สำรอง),อังคาร,TUE,1,08:00,09:30,10305111,คณิตศาสตร์เพื่อการเกษตร,2
147,อาคารเรียนรวม 80 ปี,80-305 (สำรอง),อังคาร,TUE,1,09:30,11:00,10305111,คณิตศาสตร์เพื่อการเกษตร,6
147,อาคารเรียนรวม 80 ปี,80-305 (สำรอง),อังคาร,TUE,1,11:00,12:30,10300404,การตัดสินใจในชีวิตประจำวัน,1
147,อาคารเรียนรวม 80 ปี,80-305 (สำรอง),อังคาร,TUE,1,13:00,14:30,10300404,การตัดสินใจในชีวิตประจำวัน,2
147,อาคารเรียนรวม 80 ปี,80-305 (สำรอง),อังคาร,TUE,1,15:00,17:00,10700308,ภาษาอังกฤษในชีวิตประจำวัน,20
147,อาคารเรียนรวม 80 ปี,80-305 (สำรอง),อังคาร,TUE,1,17:00,19:00,10700308,ภาษาอังกฤษในชีวิตประจำวัน,43
147,อาคารเรียนรวม 80 ปี,80-305 (สำรอง),พุธ,WED,2,08:00,12:00,10700312,ภาษาอังกฤษเชิงวิชาการ,3
147,อาคารเรียนรวม 80 ปี,80-305 (สำรอง),พฤหัสบดี,THU,3,09:30,11:00,10305111,คณิตศาสตร์เพื่อการเกษตร,5
147,อาคารเรียนรวม 80 ปี,80-305 (สำรอง),พฤหัสบดี,THU,3,13:00,15:00,10700312,ภาษาอังกฤษเชิงวิชาการ,4
147,อาคารเรียนรวม 80 ปี,80-305 (สำรอง),พฤหัสบดี,THU,3,15:00,17:00,10700312,ภาษาอังกฤษเชิงวิชาการ,2
147,อาคารเรียนรวม 80 ปี,80-305 (สำรอง),ศุกร์,FRI,4,08:00,09:30,10305111,คณิตศาสตร์เพื่อการเกษตร,2
147,อาคารเรียนรวม 80 ปี,80-305 (สำรอง),ศุกร์,FRI,4,09:30,11:00,10305111,คณิตศาสตร์เพื่อการเกษตร,6
147,อาคารเรียนรวม 80 ปี,80-305 (สำรอง),ศุกร์,FRI,4,11:00,12:30,10300404,การตัดสินใจในชีวิตประจำวัน,1
147,อาคารเรียนรวม 80 ปี,80-305 (สำรอง),ศุกร์,FRI,4,13:00,14:30,10300404,การตัดสินใจในชีวิตประจำวัน,2
147,อาคารเรียนรวม 80 ปี,80-305 (สำรอง),ศุกร์,FRI,4,15:00,17:00,10700308,ภาษาอังกฤษในชีวิตประจำวัน,20
147,อาคารเรียนรวม 80 ปี,80-305 (สำรอง),ศุกร์,FRI,4,17:00,19:00,10700308,ภาษาอังกฤษในชีวิตประจำวัน,43
147,อาคารเรียนรวม 80 ปี,80-308,อังคาร,TUE,1,13:00,15:00,10305252,การเขียนโปรแกรมคำนวณทางคณิตศาสตร์,1
147,อาคารเรียนรวม 80 ปี,80-308,ศุกร์,FRI,4,13:00,16:00,10305252,การเขียนโปรแกรมคำนวณทางคณิตศาสตร์,1
147,อาคารเรียนรวม 80 ปี,80-401,จันทร์,MON,0,08:00,09:30,10700104,ผู้สูงอายุและสังคมผู้สูงวัย,1
147,อาคารเรียนรวม 80 ปี,80-401,จันทร์,MON,0,10:00,11:30,10700204,มนุษย์กับความงามทางศิลปะ,2
147,อาคารเรียนรวม 80 ปี,80-401,จันทร์,MON,0,15:00,17:00,10700313,ภาษาอังกฤษเชิงวิทยาศาสตร์และนวัตกรรม,1
147,อาคารเรียนรวม 80 ปี,80-401,อังคาร,TUE,1,08:00,09:30,10700102,อารยธรรมและโลกสมัยใหม่,2
147,อาคารเรียนรวม 80 ปี,80-401,อังคาร,TUE,1,11:00,12:30,10700101,สังคมโลกสมัยใหม่ในชีวิตประจำวัน,8
147,อาคารเรียนรวม 80 ปี,80-401,อังคาร,TUE,1,13:00,15:00,10700401,การรู้สารสนเทศ,4
147,อาคารเรียนรวม 80 ปี,80-401,อังคาร,TUE,1,15:00,17:00,10700401,การรู้สารสนเทศ,3
147,อาคารเรียนรวม 80 ปี,80-401,พฤหัสบดี,THU,3,08:00,09:30,10700104,ผู้สูงอายุและสังคมผู้สูงวัย,1
147,อาคารเรียนรวม 80 ปี,80-401,พฤหัสบดี,THU,3,10:00,11:30,10700204,มนุษย์กับความงามทางศิลปะ,2
147,อาคารเรียนรวม 80 ปี,80-401,พฤหัสบดี,THU,3,15:00,17:00,10700313,ภาษาอังกฤษเชิงวิทยาศาสตร์และนวัตกรรม,1
147,อาคารเรียนรวม 80 ปี,80-401,ศุกร์,FRI,4,08:00,09:30,10700102,อารยธรรมและโลกสมัยใหม่,2
147,อาคารเรียนรวม 80 ปี,80-401,ศุกร์,FRI,4,11:00,12:30,10700101,สังคมโลกสมัยใหม่ในชีวิตประจำวัน,8
147,อาคารเรียนรวม 80 ปี,80-401,ศุกร์,FRI,4,13:00,15:00,10700401,การรู้สารสนเทศ,4
147,อาคารเรียนรวม 80 ปี,80-401,ศุกร์,FRI,4,15:00,17:00,10700401,การรู้สารสนเทศ,3
147,อาคารเรียนรวม 80 ปี,80-402,จันทร์,MON,0,10:00,12:00,10700313,ภาษาอังกฤษเชิงวิทยาศาสตร์และนวัตกรรม,4
147,อาคารเรียนรวม 80 ปี,80-402,จันทร์,MON,0,13:00,15:00,10700301,ภาษาไทยเพื่อการนำเสนอ,5
147,อาคารเรียนรวม 80 ปี,80-402,จันทร์,MON,0,15:00,17:00,11400110,เศรษฐกิจพอเพียงและการพัฒนาที่ยั่งยืน,3
147,อาคารเรียนรวม 80 ปี,80-402,อังคาร,TUE,1,08:00,10:00,10700307,ทักษะภาษาอังกฤษสำหรับศตวรรษที่ 21,19
147,อาคารเรียนรวม 80 ปี,80-402,อังคาร,TUE,1,10:00,12:00,10700401,การรู้สารสนเทศ,8
147,อาคารเรียนรวม 80 ปี,80-402,อังคาร,TUE,1,13:00,15:00,10700308,ภาษาอังกฤษในชีวิตประจำวัน,4
147,อาคารเรียนรวม 80 ปี,80-402,อังคาร,TUE,1,15:00,17:00,10700401,การรู้สารสนเทศ,1
147,อาคารเรียนรวม 80 ปี,80-402,พฤหัสบดี,THU,3,10:00,12:00,10700313,ภาษาอังกฤษเชิงวิทยาศาสตร์และนวัตกรรม,4
147,อาคารเรียนรวม 80 ปี,80-402,พฤหัสบดี,THU,3,13:00,15:00,10700301,ภาษาไทยเพื่อการนำเสนอ,5
147,อาคารเรียนรวม 80 ปี,80-402,พฤหัสบดี,THU,3,15:00,18:00,11400110,เศรษฐกิจพอเพียงและการพัฒนาที่ยั่งยืน,3
147,อาคารเรียนรวม 80 ปี,80-402,ศุกร์,FRI,4,08:00,10:00,10700307,ทักษะภาษาอังกฤษสำหรับศตวรรษที่ 21,19
147,อาคารเรียนรวม 80 ปี,80-402,ศุกร์,FRI,4,10:00,12:00,10700401,การรู้สารสนเทศ,8
147,อาคารเรียนรวม 80 ปี,80-402,ศุกร์,FRI,4,13:00,15:00,10700308,ภาษาอังกฤษในชีวิตประจำวัน,4
147,อาคารเรียนรวม 80 ปี,80-402,ศุกร์,FRI,4,15:00,17:00,10700401,การรู้สารสนเทศ,1
147,อาคารเรียนรวม 80 ปี,80-403,จันทร์,MON,0,10:00,12:00,10700302,การใช้ภาษาไทยเพื่อการสื่อสาร,18
147,อาคารเรียนรวม 80 ปี,80-403,จันทร์,MON,0,13:00,15:00,10700311,ภาษาอังกฤษเพื่อการสมัครงาน,5
147,อาคารเรียนรวม 80 ปี,80-403,จันทร์,MON,0,17:00,19:00,10700307,ทักษะภาษาอังกฤษสำหรับศตวรรษที่ 21,31
147,อาคารเรียนรวม 80 ปี,80-403,อังคาร,TUE,1,08:00,10:00,10700302,การใช้ภาษาไทยเพื่อการสื่อสาร,10
147,อาคารเรียนรวม 80 ปี,80-403,อังคาร,TUE,1,10:00,12:00,10700319,ภาษาอังกฤษสำหรับผู้ประกอบการและการค้าระหว่างประเทศ,1
147,อาคารเรียนรวม 80 ปี,80-403,อังคาร,TUE,1,13:00,15:00,10700304,ภาษาไทยเพื่องานเขียนเชิงวิชาการ,4
147,อาคารเรียนรวม 80 ปี,80-403,อังคาร,TUE,1,15:00,17:00,10700304,ภาษาไทยเพื่องานเขียนเชิงวิชาการ,8
147,อาคารเรียนรวม 80 ปี,80-403,อังคาร,TUE,1,17:00,19:00,10700307,ทักษะภาษาอังกฤษสำหรับศตวรรษที่ 21,7
147,อาคารเรียนรวม 80 ปี,80-403,พุธ,WED,2,08:00,10:00,10700309,สนทนาภาษาอังกฤษ,11
147,อาคารเรียนรวม 80 ปี,80-403,พุธ,WED,2,10:00,12:00,10700309,สนทนาภาษาอังกฤษ,11
147,อาคารเรียนรวม 80 ปี,80-403,พฤหัสบดี,THU,3,10:00,12:00,10700302,การใช้ภาษาไทยเพื่อการสื่อสาร,18
147,อาคารเรียนรวม 80 ปี,80-403,พฤหัสบดี,THU,3,13:00,15:00,10700311,ภาษาอังกฤษเพื่อการสมัครงาน,5
147,อาคารเรียนรวม 80 ปี,80-403,พฤหัสบดี,THU,3,17:00,19:00,10700307,ทักษะภาษาอังกฤษสำหรับศตวรรษที่ 21,31
147,อาคารเรียนรวม 80 ปี,80-403,ศุกร์,FRI,4,08:00,10:00,10700302,การใช้ภาษาไทยเพื่อการสื่อสาร,10
147,อาคารเรียนรวม 80 ปี,80-403,ศุกร์,FRI,4,10:00,12:00,10700319,ภาษาอังกฤษสำหรับผู้ประกอบการและการค้าระหว่างประเทศ,1
147,อาคารเรียนรวม 80 ปี,80-403,ศุกร์,FRI,4,13:00,15:00,10700304,ภาษาไทยเพื่องานเขียนเชิงวิชาการ,4
147,อาคารเรียนรวม 80 ปี,80-403,ศุกร์,FRI,4,15:00,17:00,10700304,ภาษาไทยเพื่องานเขียนเชิงวิชาการ,8
147,อาคารเรียนรวม 80 ปี,80-403,ศุกร์,FRI,4,17:00,19:00,10700307,ทักษะภาษาอังกฤษสำหรับศตวรรษที่ 21,7
147,อาคารเรียนรวม 80 ปี,80-404,จันทร์,MON,0,10:00,12:00,10700310,ภาษาอังกฤษเบื้องต้นสำหรับธุรกิจและสตาร์ทอัพ,5
147,อาคารเรียนรวม 80 ปี,80-404,จันทร์,MON,0,13:00,15:00,10700301,ภาษาไทยเพื่อการนำเสนอ,6
147,อาคารเรียนรวม 80 ปี,80-404,จันทร์,MON,0,15:00,17:00,10700308,ภาษาอังกฤษในชีวิตประจำวัน,24
147,อาคารเรียนรวม 80 ปี,80-404,จันทร์,MON,0,17:00,19:00,10700310,ภาษาอังกฤษเบื้องต้นสำหรับธุรกิจและสตาร์ทอัพ,12
147,อาคารเรียนรวม 80 ปี,80-404,อังคาร,TUE,1,08:00,10:00,10700109,จิตอาสาเพื่อพัฒนาสังคม,2
147,อาคารเรียนรวม 80 ปี,80-404,อังคาร,TUE,1,10:00,12:00,10700308,ภาษาอังกฤษในชีวิตประจำวัน,38
147,อาคารเรียนรวม 80 ปี,80-404,อังคาร,TUE,1,13:00,15:00,10700304,ภาษาไทยเพื่องานเขียนเชิงวิชาการ,3
147,อาคารเรียนรวม 80 ปี,80-404,อังคาร,TUE,1,15:00,17:00,10700307,ทักษะภาษาอังกฤษสำหรับศตวรรษที่ 21,25
147,อาคารเรียนรวม 80 ปี,80-404,พุธ,WED,2,08:00,10:00,10700302,การใช้ภาษาไทยเพื่อการสื่อสาร,16
147,อาคารเรียนรวม 80 ปี,80-404,พุธ,WED,2,10:00,12:00,10700302,การใช้ภาษาไทยเพื่อการสื่อสาร,16
147,อาคารเรียนรวม 80 ปี,80-404,พฤหัสบดี,THU,3,10:00,12:00,10700310,ภาษาอังกฤษเบื้องต้นสำหรับธุรกิจและสตาร์ทอัพ,5
147,อาคารเรียนรวม 80 ปี,80-404,พฤหัสบดี,THU,3,13:00,15:00,10700301,ภาษาไทยเพื่อการนำเสนอ,6
147,อาคารเรียนรวม 80 ปี,80-404,พฤหัสบดี,THU,3,15:00,17:00,10700308,ภาษาอังกฤษในชีวิตประจำวัน,24
147,อาคารเรียนรวม 80 ปี,80-404,พฤหัสบดี,THU,3,17:00,19:00,10700310,ภาษาอังกฤษเบื้องต้นสำหรับธุรกิจและสตาร์ทอัพ,12
147,อาคารเรียนรวม 80 ปี,80-404,ศุกร์,FRI,4,08:00,10:00,10700109,จิตอาสาเพื่อพัฒนาสังคม,2
147,อาคารเรียนรวม 80 ปี,80-404,ศุกร์,FRI,4,10:00,12:00,10700308,ภาษาอังกฤษในชีวิตประจำวัน,38
147,อาคารเรียนรวม 80 ปี,80-404,ศุกร์,FRI,4,13:00,15:00,10700304,ภาษาไทยเพื่องานเขียนเชิงวิชาการ,3
147,อาคารเรียนรวม 80 ปี,80-404,ศุกร์,FRI,4,15:00,17:00,10700307,ทักษะภาษาอังกฤษสำหรับศตวรรษที่ 21,25
147,อาคารเรียนรวม 80 ปี,80-406,จันทร์,MON,0,09:30,11:00,10305131,แคลคูลัสสำหรับวิทยาศาสตร์ 1,1
147,อาคารเรียนรวม 80 ปี,80-406,จันทร์,MON,0,13:00,14:30,10300404,การตัดสินใจในชีวิตประจำวัน,4
147,อาคารเรียนรวม 80 ปี,80-406,จันทร์,MON,0,15:00,17:00,10700306,ภาษาไทยเพื่อกิจธุระยุคดิจิทัล,1
147,อาคารเรียนรวม 80 ปี,80-406,อังคาร,TUE,1,08:00,10:00,10700307,ทักษะภาษาอังกฤษสำหรับศตวรรษที่ 21,22
147,อาคารเรียนรวม 80 ปี,80-406,อังคาร,TUE,1,11:00,12:30,10305131,แคลคูลัสสำหรับวิทยาศาสตร์ 1,2
147,อาคารเรียนรวม 80 ปี,80-406,อังคาร,TUE,1,13:00,15:00,10700308,ภาษาอังกฤษในชีวิตประจำวัน,32
147,อาคารเรียนรวม 80 ปี,80-406,อังคาร,TUE,1,15:00,17:00,10700306,ภาษาไทยเพื่อกิจธุระยุคดิจิทัล,5
147,อาคารเรียนรวม 80 ปี,80-406,พุธ,WED,2,08:00,10:00,10700308,ภาษาอังกฤษในชีวิตประจำวัน,33
147,อาคารเรียนรวม 80 ปี,80-406,พุธ,WED,2,10:00,12:00,10700308,ภาษาอังกฤษในชีวิตประจำวัน,33
147,อาคารเรียนรวม 80 ปี,80-406,พฤหัสบดี,THU,3,09:30,11:00,10305131,แคลคูลัสสำหรับวิทยาศาสตร์ 1,1
147,อาคารเรียนรวม 80 ปี,80-406,พฤหัสบดี,THU,3,13:00,14:30,10300404,การตัดสินใจในชีวิตประจำวัน,4
147,อาคารเรียนรวม 80 ปี,80-406,พฤหัสบดี,THU,3,15:00,17:00,10700306,ภาษาไทยเพื่อกิจธุระยุคดิจิทัล,1
147,อาคารเรียนรวม 80 ปี,80-406,ศุกร์,FRI,4,08:00,10:00,10700307,ทักษะภาษาอังกฤษสำหรับศตวรรษที่ 21,22
147,อาคารเรียนรวม 80 ปี,80-406,ศุกร์,FRI,4,11:00,12:30,10305131,แคลคูลัสสำหรับวิทยาศาสตร์ 1,2
147,อาคารเรียนรวม 80 ปี,80-406,ศุกร์,FRI,4,13:00,15:00,10700308,ภาษาอังกฤษในชีวิตประจำวัน,32
147,อาคารเรียนรวม 80 ปี,80-406,ศุกร์,FRI,4,15:00,17:00,10700306,ภาษาไทยเพื่อกิจธุระยุคดิจิทัล,5
147,อาคารเรียนรวม 80 ปี,80-408,จันทร์,MON,0,08:00,10:00,10700314,ภาษาอังกฤษสำหรับวิชาชีพเกษตร,2
147,อาคารเรียนรวม 80 ปี,80-408,จันทร์,MON,0,10:00,12:00,10700109,จิตอาสาเพื่อพัฒนาสังคม,1
147,อาคารเรียนรวม 80 ปี,80-408,จันทร์,MON,0,15:00,17:00,10700309,สนทนาภาษาอังกฤษ,9
147,อาคารเรียนรวม 80 ปี,80-408,จันทร์,MON,0,17:00,19:00,10700308,ภาษาอังกฤษในชีวิตประจำวัน,19
147,อาคารเรียนรวม 80 ปี,80-408,อังคาร,TUE,1,08:00,10:00,10700302,การใช้ภาษาไทยเพื่อการสื่อสาร,22
147,อาคารเรียนรวม 80 ปี,80-408,อังคาร,TUE,1,10:00,12:00,10700309,สนทนาภาษาอังกฤษ,3
147,อาคารเรียนรวม 80 ปี,80-408,อังคาร,TUE,1,15:00,17:00,10700310,ภาษาอังกฤษเบื้องต้นสำหรับธุรกิจและสตาร์ทอัพ,14
147,อาคารเรียนรวม 80 ปี,80-408,อังคาร,TUE,1,17:00,19:00,10700308,ภาษาอังกฤษในชีวิตประจำวัน,44
147,อาคารเรียนรวม 80 ปี,80-408,พฤหัสบดี,THU,3,08:00,10:00,10700314,ภาษาอังกฤษสำหรับวิชาชีพเกษตร,2
147,อาคารเรียนรวม 80 ปี,80-408,พฤหัสบดี,THU,3,10:00,12:00,10700109,จิตอาสาเพื่อพัฒนาสังคม,1
147,อาคารเรียนรวม 80 ปี,80-408,พฤหัสบดี,THU,3,15:00,17:00,10700309,สนทนาภาษาอังกฤษ,9
147,อาคารเรียนรวม 80 ปี,80-408,พฤหัสบดี,THU,3,17:00,19:00,10700308,ภาษาอังกฤษในชีวิตประจำวัน,19
147,อาคารเรียนรวม 80 ปี,80-408,ศุกร์,FRI,4,08:00,10:00,10700302,การใช้ภาษาไทยเพื่อการสื่อสาร,22
147,อาคารเรียนรวม 80 ปี,80-408,ศุกร์,FRI,4,10:00,12:00,10700309,สนทนาภาษาอังกฤษ,3
147,อาคารเรียนรวม 80 ปี,80-408,ศุกร์,FRI,4,15:00,17:00,10700310,ภาษาอังกฤษเบื้องต้นสำหรับธุรกิจและสตาร์ทอัพ,14
147,อาคารเรียนรวม 80 ปี,80-408,ศุกร์,FRI,4,17:00,19:00,10700308,ภาษาอังกฤษในชีวิตประจำวัน,44
147,อาคารเรียนรวม 80 ปี,80-409,จันทร์,MON,0,08:00,10:00,10700308,ภาษาอังกฤษในชีวิตประจำวัน,28
147,อาคารเรียนรวม 80 ปี,80-409,จันทร์,MON,0,10:00,12:00,10700202,สุขภาพสำหรับคนรุ่นใหม่,11
147,อาคารเรียนรวม 80 ปี,80-409,จันทร์,MON,0,13:00,15:00,10700307,ทักษะภาษาอังกฤษสำหรับศตวรรษที่ 21,23
147,อาคารเรียนรวม 80 ปี,80-409,อังคาร,TUE,1,10:00,12:00,10700308,ภาษาอังกฤษในชีวิตประจำวัน,12
147,อาคารเรียนรวม 80 ปี,80-409,อังคาร,TUE,1,13:00,15:00,10700301,ภาษาไทยเพื่อการนำเสนอ,3
147,อาคารเรียนรวม 80 ปี,80-409,อังคาร,TUE,1,17:00,19:00,10700308,ภาษาอังกฤษในชีวิตประจำวัน,45
147,อาคารเรียนรวม 80 ปี,80-409,พฤหัสบดี,THU,3,08:00,10:00,10700308,ภาษาอังกฤษในชีวิตประจำวัน,28
147,อาคารเรียนรวม 80 ปี,80-409,พฤหัสบดี,THU,3,10:00,12:00,10700202,สุขภาพสำหรับคนรุ่นใหม่,11
147,อาคารเรียนรวม 80 ปี,80-409,พฤหัสบดี,THU,3,13:00,15:00,10700307,ทักษะภาษาอังกฤษสำหรับศตวรรษที่ 21,23
147,อาคารเรียนรวม 80 ปี,80-409,ศุกร์,FRI,4,10:00,12:00,10700308,ภาษาอังกฤษในชีวิตประจำวัน,12
147,อาคารเรียนรวม 80 ปี,80-409,ศุกร์,FRI,4,13:00,15:00,10700301,ภาษาไทยเพื่อการนำเสนอ,3
147,อาคารเรียนรวม 80 ปี,80-409,ศุกร์,FRI,4,17:00,19:00,10700308,ภาษาอังกฤษในชีวิตประจำวัน,45
147,อาคารเรียนรวม 80 ปี,80-410,จันทร์,MON,0,08:00,10:00,10700302,การใช้ภาษาไทยเพื่อการสื่อสาร,15
147,อาคารเรียนรวม 80 ปี,80-410,จันทร์,MON,0,10:00,12:00,10700309,สนทนาภาษาอังกฤษ,2
147,อาคารเรียนรวม 80 ปี,80-410,จันทร์,MON,0,13:00,15:00,10700304,ภาษาไทยเพื่องานเขียนเชิงวิชาการ,5
147,อาคารเรียนรวม 80 ปี,80-410,จันทร์,MON,0,15:00,17:00,10700302,การใช้ภาษาไทยเพื่อการสื่อสาร,17
147,อาคารเรียนรวม 80 ปี,80-410,อังคาร,TUE,1,08:00,10:00,10700311,ภาษาอังกฤษเพื่อการสมัครงาน,1
147,อาคารเรียนรวม 80 ปี,80-410,อังคาร,TUE,1,10:00,12:00,10700319,ภาษาอังกฤษสำหรับผู้ประกอบการและการค้าระหว่างประเทศ,4
147,อาคารเรียนรวม 80 ปี,80-410,อังคาร,TUE,1,17:00,19:00,10700307,ทักษะภาษาอังกฤษสำหรับศตวรรษที่ 21,33
147,อาคารเรียนรวม 80 ปี,80-410,พฤหัสบดี,THU,3,08:00,10:00,10700302,การใช้ภาษาไทยเพื่อการสื่อสาร,15
147,อาคารเรียนรวม 80 ปี,80-410,พฤหัสบดี,THU,3,10:00,12:00,10700309,สนทนาภาษาอังกฤษ,2
147,อาคารเรียนรวม 80 ปี,80-410,พฤหัสบดี,THU,3,13:00,15:00,10700304,ภาษาไทยเพื่องานเขียนเชิงวิชาการ,5
147,อาคารเรียนรวม 80 ปี,80-410,พฤหัสบดี,THU,3,15:00,17:00,10700302,การใช้ภาษาไทยเพื่อการสื่อสาร,17
147,อาคารเรียนรวม 80 ปี,80-410,ศุกร์,FRI,4,08:00,10:00,10700311,ภาษาอังกฤษเพื่อการสมัครงาน,1
147,อาคารเรียนรวม 80 ปี,80-410,ศุกร์,FRI,4,10:00,12:00,10700319,ภาษาอังกฤษสำหรับผู้ประกอบการและการค้าระหว่างประเทศ,4
147,อาคารเรียนรวม 80 ปี,80-410,ศุกร์,FRI,4,17:00,19:00,10700307,ทักษะภาษาอังกฤษสำหรับศตวรรษที่ 21,33
147,อาคารเรียนรวม 80 ปี,80-501,จันทร์,MON,0,08:00,10:00,10700401,การรู้สารสนเทศ,7
147,อาคารเรียนรวม 80 ปี,80-501,จันทร์,MON,0,11:00,12:30,10700105,มนุษย์ สังคม เทคโนโลยีและสิ่งแวดล้อม,2
147,อาคารเรียนรวม 80 ปี,80-501,จันทร์,MON,0,13:00,14:30,10200506,การวางแผนการเงินในชีวิตประจำวัน,1
147,อาคารเรียนรวม 80 ปี,80-501,จันทร์,MON,0,15:00,17:00,10700320,ภาษาอังกฤษเพื่อการศึกษาต่อและการประกอบอาชีพ,2
147,อาคารเรียนรวม 80 ปี,80-501,อังคาร,TUE,1,08:00,10:00,10700203,ศาสตร์และศิลป์แห่งปัญญาชน,1
147,อาคารเรียนรวม 80 ปี,80-501,อังคาร,TUE,1,10:00,12:00,10700313,ภาษาอังกฤษเชิงวิทยาศาสตร์และนวัตกรรม,2
147,อาคารเรียนรวม 80 ปี,80-501,อังคาร,TUE,1,13:00,15:00,10700307,ทักษะภาษาอังกฤษสำหรับศตวรรษที่ 21,13
147,อาคารเรียนรวม 80 ปี,80-501,อังคาร,TUE,1,15:00,17:00,10700310,ภาษาอังกฤษเบื้องต้นสำหรับธุรกิจและสตาร์ทอัพ,9
147,อาคารเรียนรวม 80 ปี,80-501,พุธ,WED,2,08:00,11:00,10700105,มนุษย์ สังคม เทคโนโลยีและสิ่งแวดล้อม,1
147,อาคารเรียนรวม 80 ปี,80-501,พฤหัสบดี,THU,3,08:00,10:00,10700401,การรู้สารสนเทศ,7
147,อาคารเรียนรวม 80 ปี,80-501,พฤหัสบดี,THU,3,11:00,12:30,10700105,มนุษย์ สังคม เทคโนโลยีและสิ่งแวดล้อม,2
147,อาคารเรียนรวม 80 ปี,80-501,พฤหัสบดี,THU,3,13:00,14:30,10200506,การวางแผนการเงินในชีวิตประจำวัน,1
147,อาคารเรียนรวม 80 ปี,80-501,พฤหัสบดี,THU,3,15:00,17:00,10700320,ภาษาอังกฤษเพื่อการศึกษาต่อและการประกอบอาชีพ,2
147,อาคารเรียนรวม 80 ปี,80-501,ศุกร์,FRI,4,08:00,10:00,10700203,ศาสตร์และศิลป์แห่งปัญญาชน,1
147,อาคารเรียนรวม 80 ปี,80-501,ศุกร์,FRI,4,10:00,12:00,10700313,ภาษาอังกฤษเชิงวิทยาศาสตร์และนวัตกรรม,2
147,อาคารเรียนรวม 80 ปี,80-501,ศุกร์,FRI,4,13:00,15:00,10700307,ทักษะภาษาอังกฤษสำหรับศตวรรษที่ 21,13
147,อาคารเรียนรวม 80 ปี,80-501,ศุกร์,FRI,4,15:00,17:00,10700310,ภาษาอังกฤษเบื้องต้นสำหรับธุรกิจและสตาร์ทอัพ,9
147,อาคารเรียนรวม 80 ปี,80-502,จันทร์,MON,0,08:00,09:30,10305111,คณิตศาสตร์เพื่อการเกษตร,4
147,อาคารเรียนรวม 80 ปี,80-502,จันทร์,MON,0,10:00,12:00,10700319,ภาษาอังกฤษสำหรับผู้ประกอบการและการค้าระหว่างประเทศ,3
147,อาคารเรียนรวม 80 ปี,80-502,จันทร์,MON,0,13:00,15:00,10700401,การรู้สารสนเทศ,2
147,อาคารเรียนรวม 80 ปี,80-502,จันทร์,MON,0,15:00,17:00,11400110,เศรษฐกิจพอเพียงและการพัฒนาที่ยั่งยืน,4
147,อาคารเรียนรวม 80 ปี,80-502,อังคาร,TUE,1,08:00,09:30,10700102,อารยธรรมและโลกสมัยใหม่,3
147,อาคารเรียนรวม 80 ปี,80-502,อังคาร,TUE,1,09:30,11:00,10700101,สังคมโลกสมัยใหม่ในชีวิตประจำวัน,7
147,อาคารเรียนรวม 80 ปี,80-502,พฤหัสบดี,THU,3,08:00,09:30,10305111,คณิตศาสตร์เพื่อการเกษตร,4
147,อาคารเรียนรวม 80 ปี,80-502,พฤหัสบดี,THU,3,10:00,12:00,10700319,ภาษาอังกฤษสำหรับผู้ประกอบการและการค้าระหว่างประเทศ,3
147,อาคารเรียนรวม 80 ปี,80-502,พฤหัสบดี,THU,3,13:00,15:00,10700401,การรู้สารสนเทศ,2
147,อาคารเรียนรวม 80 ปี,80-502,พฤหัสบดี,THU,3,15:00,18:00,11400110,เศรษฐกิจพอเพียงและการพัฒนาที่ยั่งยืน,4
147,อาคารเรียนรวม 80 ปี,80-502,ศุกร์,FRI,4,08:00,09:30,10700102,อารยธรรมและโลกสมัยใหม่,3
147,อาคารเรียนรวม 80 ปี,80-502,ศุกร์,FRI,4,09:30,11:00,10700101,สังคมโลกสมัยใหม่ในชีวิตประจำวัน,7
147,อาคารเรียนรวม 80 ปี,80-503,จันทร์,MON,0,08:00,10:00,10700302,การใช้ภาษาไทยเพื่อการสื่อสาร,12
147,อาคารเรียนรวม 80 ปี,80-503,จันทร์,MON,0,10:00,12:00,10700319,ภาษาอังกฤษสำหรับผู้ประกอบการและการค้าระหว่างประเทศ,2
147,อาคารเรียนรวม 80 ปี,80-503,จันทร์,MON,0,13:00,15:00,10700308,ภาษาอังกฤษในชีวิตประจำวัน,21
147,อาคารเรียนรวม 80 ปี,80-503,จันทร์,MON,0,15:00,17:00,10700308,ภาษาอังกฤษในชีวิตประจำวัน,23
147,อาคารเรียนรวม 80 ปี,80-503,อังคาร,TUE,1,08:00,10:00,10700310,ภาษาอังกฤษเบื้องต้นสำหรับธุรกิจและสตาร์ทอัพ,25
147,อาคารเรียนรวม 80 ปี,80-503,อังคาร,TUE,1,10:00,12:00,10700306,ภาษาไทยเพื่อกิจธุระยุคดิจิทัล,3
147,อาคารเรียนรวม 80 ปี,80-503,อังคาร,TUE,1,13:00,15:00,10700310,ภาษาอังกฤษเบื้องต้นสำหรับธุรกิจและสตาร์ทอัพ,16
147,อาคารเรียนรวม 80 ปี,80-503,อังคาร,TUE,1,15:00,17:00,10700314,ภาษาอังกฤษสำหรับวิชาชีพเกษตร,3
147,อาคารเรียนรวม 80 ปี,80-503,พุธ,WED,2,08:00,10:00,10700310,ภาษาอังกฤษเบื้องต้นสำหรับธุรกิจและสตาร์ทอัพ,19
147,อาคารเรียนรวม 80 ปี,80-503,พุธ,WED,2,10:00,12:00,10700310,ภาษาอังกฤษเบื้องต้นสำหรับธุรกิจและสตาร์ทอัพ,19
147,อาคารเรียนรวม 80 ปี,80-503,พฤหัสบดี,THU,3,08:00,10:00,10700302,การใช้ภาษาไทยเพื่อการสื่อสาร,12
147,อาคารเรียนรวม 80 ปี,80-503,พฤหัสบดี,THU,3,10:00,12:00,10700319,ภาษาอังกฤษสำหรับผู้ประกอบการและการค้าระหว่างประเทศ,2
147,อาคารเรียนรวม 80 ปี,80-503,พฤหัสบดี,THU,3,13:00,15:00,10700308,ภาษาอังกฤษในชีวิตประจำวัน,21
147,อาคารเรียนรวม 80 ปี,80-503,พฤหัสบดี,THU,3,15:00,17:00,10700308,ภาษาอังกฤษในชีวิตประจำวัน,23
147,อาคารเรียนรวม 80 ปี,80-503,ศุกร์,FRI,4,08:00,10:00,10700310,ภาษาอังกฤษเบื้องต้นสำหรับธุรกิจและสตาร์ทอัพ,25
147,อาคารเรียนรวม 80 ปี,80-503,ศุกร์,FRI,4,10:00,12:00,10700306,ภาษาไทยเพื่อกิจธุระยุคดิจิทัล,3
147,อาคารเรียนรวม 80 ปี,80-503,ศุกร์,FRI,4,13:00,15:00,10700310,ภาษาอังกฤษเบื้องต้นสำหรับธุรกิจและสตาร์ทอัพ,16
147,อาคารเรียนรวม 80 ปี,80-503,ศุกร์,FRI,4,15:00,17:00,10700314,ภาษาอังกฤษสำหรับวิชาชีพเกษตร,3
147,อาคารเรียนรวม 80 ปี,80-504,จันทร์,MON,0,08:00,10:00,10700310,ภาษาอังกฤษเบื้องต้นสำหรับธุรกิจและสตาร์ทอัพ,7
147,อาคารเรียนรวม 80 ปี,80-504,จันทร์,MON,0,10:00,12:00,10700311,ภาษาอังกฤษเพื่อการสมัครงาน,2
147,อาคารเรียนรวม 80 ปี,80-504,จันทร์,MON,0,13:00,15:00,10700301,ภาษาไทยเพื่อการนำเสนอ,1
147,อาคารเรียนรวม 80 ปี,80-504,จันทร์,MON,0,15:00,17:00,10700308,ภาษาอังกฤษในชีวิตประจำวัน,22
147,อาคารเรียนรวม 80 ปี,80-504,อังคาร,TUE,1,08:00,10:00,10700314,ภาษาอังกฤษสำหรับวิชาชีพเกษตร,5
147,อาคารเรียนรวม 80 ปี,80-504,อังคาร,TUE,1,10:00,12:00,10700310,ภาษาอังกฤษเบื้องต้นสำหรับธุรกิจและสตาร์ทอัพ,23
147,อาคารเรียนรวม 80 ปี,80-504,อังคาร,TUE,1,13:00,15:00,10700307,ทักษะภาษาอังกฤษสำหรับศตวรรษที่ 21,18
147,อาคารเรียนรวม 80 ปี,80-504,อังคาร,TUE,1,15:00,17:00,10700320,ภาษาอังกฤษเพื่อการศึกษาต่อและการประกอบอาชีพ,1
147,อาคารเรียนรวม 80 ปี,80-504,พุธ,WED,2,08:00,10:00,10700310,ภาษาอังกฤษเบื้องต้นสำหรับธุรกิจและสตาร์ทอัพ,18
147,อาคารเรียนรวม 80 ปี,80-504,พุธ,WED,2,10:00,12:00,10700310,ภาษาอังกฤษเบื้องต้นสำหรับธุรกิจและสตาร์ทอัพ,18
147,อาคารเรียนรวม 80 ปี,80-504,พฤหัสบดี,THU,3,08:00,10:00,10700310,ภาษาอังกฤษเบื้องต้นสำหรับธุรกิจและสตาร์ทอัพ,7
147,อาคารเรียนรวม 80 ปี,80-504,พฤหัสบดี,THU,3,10:00,12:00,10700311,ภาษาอังกฤษเพื่อการสมัครงาน,2
147,อาคารเรียนรวม 80 ปี,80-504,พฤหัสบดี,THU,3,13:00,15:00,10700301,ภาษาไทยเพื่อการนำเสนอ,1
147,อาคารเรียนรวม 80 ปี,80-504,พฤหัสบดี,THU,3,15:00,17:00,10700308,ภาษาอังกฤษในชีวิตประจำวัน,22
147,อาคารเรียนรวม 80 ปี,80-504,ศุกร์,FRI,4,08:00,10:00,10700314,ภาษาอังกฤษสำหรับวิชาชีพเกษตร,5
147,อาคารเรียนรวม 80 ปี,80-504,ศุกร์,FRI,4,10:00,12:00,10700310,ภาษาอังกฤษเบื้องต้นสำหรับธุรกิจและสตาร์ทอัพ,23
147,อาคารเรียนรวม 80 ปี,80-504,ศุกร์,FRI,4,13:00,15:00,10700307,ทักษะภาษาอังกฤษสำหรับศตวรรษที่ 21,18
147,อาคารเรียนรวม 80 ปี,80-504,ศุกร์,FRI,4,15:00,17:00,10700320,ภาษาอังกฤษเพื่อการศึกษาต่อและการประกอบอาชีพ,1
147,อาคารเรียนรวม 80 ปี,80-505,จันทร์,MON,0,08:00,10:00,10700310,ภาษาอังกฤษเบื้องต้นสำหรับธุรกิจและสตาร์ทอัพ,1
147,อาคารเรียนรวม 80 ปี,80-505,จันทร์,MON,0,10:00,12:00,10700302,การใช้ภาษาไทยเพื่อการสื่อสาร,9
147,อาคารเรียนรวม 80 ปี,80-505,จันทร์,MON,0,13:00,15:00,10700302,การใช้ภาษาไทยเพื่อการสื่อสาร,4
147,อาคารเรียนรวม 80 ปี,80-505,จันทร์,MON,0,17:00,19:00,10700310,ภาษาอังกฤษเบื้องต้นสำหรับธุรกิจและสตาร์ทอัพ,3
147,อาคารเรียนรวม 80 ปี,80-505,อังคาร,TUE,1,08:00,10:00,10700310,ภาษาอังกฤษเบื้องต้นสำหรับธุรกิจและสตาร์ทอัพ,15
147,อาคารเรียนรวม 80 ปี,80-505,อังคาร,TUE,1,13:00,15:00,10700308,ภาษาอังกฤษในชีวิตประจำวัน,31
147,อาคารเรียนรวม 80 ปี,80-505,อังคาร,TUE,1,15:00,17:00,10700307,ทักษะภาษาอังกฤษสำหรับศตวรรษที่ 21,27
147,อาคารเรียนรวม 80 ปี,80-505,พุธ,WED,2,08:00,10:00,10700308,ภาษาอังกฤษในชีวิตประจำวัน,37
147,อาคารเรียนรวม 80 ปี,80-505,พุธ,WED,2,10:00,12:00,10700308,ภาษาอังกฤษในชีวิตประจำวัน,37
147,อาคารเรียนรวม 80 ปี,80-505,พฤหัสบดี,THU,3,08:00,10:00,10700310,ภาษาอังกฤษเบื้องต้นสำหรับธุรกิจและสตาร์ทอัพ,1
147,อาคารเรียนรวม 80 ปี,80-505,พฤหัสบดี,THU,3,10:00,12:00,10700302,การใช้ภาษาไทยเพื่อการสื่อสาร,9
147,อาคารเรียนรวม 80 ปี,80-505,พฤหัสบดี,THU,3,13:00,15:00,10700302,การใช้ภาษาไทยเพื่อการสื่อสาร,4
147,อาคารเรียนรวม 80 ปี,80-505,พฤหัสบดี,THU,3,17:00,19:00,10700310,ภาษาอังกฤษเบื้องต้นสำหรับธุรกิจและสตาร์ทอัพ,3
147,อาคารเรียนรวม 80 ปี,80-505,ศุกร์,FRI,4,08:00,10:00,10700310,ภาษาอังกฤษเบื้องต้นสำหรับธุรกิจและสตาร์ทอัพ,15
147,อาคารเรียนรวม 80 ปี,80-505,ศุกร์,FRI,4,13:00,15:00,10700308,ภาษาอังกฤษในชีวิตประจำวัน,31
147,อาคารเรียนรวม 80 ปี,80-505,ศุกร์,FRI,4,15:00,17:00,10700307,ทักษะภาษาอังกฤษสำหรับศตวรรษที่ 21,27
147,อาคารเรียนรวม 80 ปี,80-506,จันทร์,MON,0,08:00,10:00,10700309,สนทนาภาษาอังกฤษ,5
147,อาคารเรียนรวม 80 ปี,80-506,จันทร์,MON,0,10:00,12:00,10700302,การใช้ภาษาไทยเพื่อการสื่อสาร,8
147,อาคารเรียนรวม 80 ปี,80-506,จันทร์,MON,0,13:00,15:00,10700301,ภาษาไทยเพื่อการนำเสนอ,2
147,อาคารเรียนรวม 80 ปี,80-506,จันทร์,MON,0,15:00,17:00,10700314,ภาษาอังกฤษสำหรับวิชาชีพเกษตร,4
147,อาคารเรียนรวม 80 ปี,80-506,อังคาร,TUE,1,08:00,10:00,10700309,สนทนาภาษาอังกฤษ,7
147,อาคารเรียนรวม 80 ปี,80-506,อังคาร,TUE,1,10:00,12:00,10700302,การใช้ภาษาไทยเพื่อการสื่อสาร,3
147,อาคารเรียนรวม 80 ปี,80-506,อังคาร,TUE,1,13:00,15:00,10700307,ทักษะภาษาอังกฤษสำหรับศตวรรษที่ 21,14
147,อาคารเรียนรวม 80 ปี,80-506,อังคาร,TUE,1,15:00,17:00,10700307,ทักษะภาษาอังกฤษสำหรับศตวรรษที่ 21,24
147,อาคารเรียนรวม 80 ปี,80-506,พฤหัสบดี,THU,3,08:00,10:00,10700309,สนทนาภาษาอังกฤษ,5
147,อาคารเรียนรวม 80 ปี,80-506,พฤหัสบดี,THU,3,10:00,12:00,10700302,การใช้ภาษาไทยเพื่อการสื่อสาร,8
147,อาคารเรียนรวม 80 ปี,80-506,พฤหัสบดี,THU,3,13:00,15:00,10700301,ภาษาไทยเพื่อการนำเสนอ,2
147,อาคารเรียนรวม 80 ปี,80-506,พฤหัสบดี,THU,3,15:00,17:00,10700314,ภาษาอังกฤษสำหรับวิชาชีพเกษตร,4
147,อาคารเรียนรวม 80 ปี,80-506,ศุกร์,FRI,4,08:00,10:00,10700309,สนทนาภาษาอังกฤษ,7
147,อาคารเรียนรวม 80 ปี,80-506,ศุกร์,FRI,4,10:00,12:00,10700302,การใช้ภาษาไทยเพื่อการสื่อสาร,3
147,อาคารเรียนรวม 80 ปี,80-506,ศุกร์,FRI,4,13:00,15:00,10700307,ทักษะภาษาอังกฤษสำหรับศตวรรษที่ 21,14
147,อาคารเรียนรวม 80 ปี,80-506,ศุกร์,FRI,4,15:00,17:00,10700307,ทักษะภาษาอังกฤษสำหรับศตวรรษที่ 21,24
147,อาคารเรียนรวม 80 ปี,80-507,จันทร์,MON,0,13:00,15:00,10700304,ภาษาไทยเพื่องานเขียนเชิงวิชาการ,1
147,อาคารเรียนรวม 80 ปี,80-507,จันทร์,MON,0,15:00,17:00,10700302,การใช้ภาษาไทยเพื่อการสื่อสาร,7
147,อาคารเรียนรวม 80 ปี,80-507,อังคาร,TUE,1,08:00,10:00,10700309,สนทนาภาษาอังกฤษ,8
147,อาคารเรียนรวม 80 ปี,80-507,อังคาร,TUE,1,10:00,12:00,10700202,สุขภาพสำหรับคนรุ่นใหม่,1
147,อาคารเรียนรวม 80 ปี,80-507,อังคาร,TUE,1,13:00,15:00,10700307,ทักษะภาษาอังกฤษสำหรับศตวรรษที่ 21,11
147,อาคารเรียนรวม 80 ปี,80-507,อังคาร,TUE,1,15:00,17:00,10700308,ภาษาอังกฤษในชีวิตประจำวัน,40
147,อาคารเรียนรวม 80 ปี,80-507,พฤหัสบดี,THU,3,13:00,15:00,10700304,ภาษาไทยเพื่องานเขียนเชิงวิชาการ,1
147,อาคารเรียนรวม 80 ปี,80-507,พฤหัสบดี,THU,3,15:00,17:00,10700302,การใช้ภาษาไทยเพื่อการสื่อสาร,7
147,อาคารเรียนรวม 80 ปี,80-507,ศุกร์,FRI,4,08:00,10:00,10700309,สนทนาภาษาอังกฤษ,8
147,อาคารเรียนรวม 80 ปี,80-507,ศุกร์,FRI,4,10:00,12:00,10700202,สุขภาพสำหรับคนรุ่นใหม่,1
147,อาคารเรียนรวม 80 ปี,80-507,ศุกร์,FRI,4,13:00,15:00,10700307,ทักษะภาษาอังกฤษสำหรับศตวรรษที่ 21,11
147,อาคารเรียนรวม 80 ปี,80-507,ศุกร์,FRI,4,15:00,17:00,10700308,ภาษาอังกฤษในชีวิตประจำวัน,40
716,,202 ห้อง Lab คอม,จันทร์,MON,0,08:00,10:00,10700401,การรู้สารสนเทศ,1
716,,202 ห้อง Lab คอม,พฤหัสบดี,THU,3,08:00,10:00,10700401,การรู้สารสนเทศ,1
716,,306,อังคาร,TUE,1,13:00,16:00,10100214,เกษตรเพื่อชีวิต,1
716,,308,จันทร์,MON,0,13:00,15:00,10700308,ภาษาอังกฤษในชีวิตประจำวัน,1
716,,308,จันทร์,MON,0,15:00,18:00,10700105,มนุษย์ สังคม เทคโนโลยีและสิ่งแวดล้อม,1
716,,308,พฤหัสบดี,THU,3,13:00,15:00,10700308,ภาษาอังกฤษในชีวิตประจำวัน,1
716,,Online ชุมพร,เสาร์,SAT,5,08:00,10:00,10700302,การใช้ภาษาไทยเพื่อการสื่อสาร,1
716,,Online ชุมพร,เสาร์,SAT,5,10:00,12:00,10700302,การใช้ภาษาไทยเพื่อการสื่อสาร,1
801,,106 : 801,จันทร์,MON,0,08:00,10:00,10700308,ภาษาอังกฤษในชีวิตประจำวัน,1
801,,106 : 801,พฤหัสบดี,THU,3,08:00,10:00,10700308,ภาษาอังกฤษในชีวิตประจำวัน,1
801,,107 : 801,อังคาร,TUE,1,08:00,10:00,10300405,การคำนวณทางธุรกิจและการลงทุนสำหรับผู้ประกอบการยุคใหม่,1
801,,107 : 801,อังคาร,TUE,1,13:00,15:00,10700304,ภาษาไทยเพื่องานเขียนเชิงวิชาการ,1
801,,107 : 801,ศุกร์,FRI,4,08:00,10:00,10700304,ภาษาไทยเพื่องานเขียนเชิงวิชาการ,1
801,,113 : 801,อังคาร,TUE,1,10:00,12:00,10700321,ภาษาอังกฤษเพื่อการสื่อสารด้านการเกษตร,1
801,,114 : 801,ศุกร์,FRI,4,13:00,15:00,10700307,ทักษะภาษาอังกฤษสำหรับศตวรรษที่ 21,2
801,,115 : 801,จันทร์,MON,0,10:00,12:00,10700307,ทักษะภาษาอังกฤษสำหรับศตวรรษที่ 21,5
801,,115 : 801,จันทร์,MON,0,13:00,15:00,10700302,การใช้ภาษาไทยเพื่อการสื่อสาร,1
801,,115 : 801,พฤหัสบดี,THU,3,08:00,10:00,10700314,ภาษาอังกฤษสำหรับวิชาชีพเกษตร,1
801,,115 : 801,พฤหัสบดี,THU,3,13:00,15:00,10700302,การใช้ภาษาไทยเพื่อการสื่อสาร,1
801,,207 : 801,อังคาร,TUE,1,13:00,15:00,10700309,สนทนาภาษาอังกฤษ,1
801,,208 : 801,จันทร์,MON,0,13:00,15:00,10700307,ทักษะภาษาอังกฤษสำหรับศตวรรษที่ 21,6
801,,208 : 801,อังคาร,TUE,1,13:00,15:00,11400112,การต่อต้านการทุจริต,1
801,,208 : 801,พุธ,WED,2,09:00,12:00,10700213,วัฒนธรรมข้าวและประเพณีชาวนาไทย,1
801,,208 : 801,พฤหัสบดี,THU,3,10:00,12:00,10700307,ทักษะภาษาอังกฤษสำหรับศตวรรษที่ 21,5
801,,208 : 801,พฤหัสบดี,THU,3,13:00,15:00,10700307,ทักษะภาษาอังกฤษสำหรับศตวรรษที่ 21,6
801,,208 : 801,ศุกร์,FRI,4,13:00,15:00,11400112,การต่อต้านการทุจริต,1
801,,302/2 : 801,จันทร์,MON,0,10:00,12:00,10700401,การรู้สารสนเทศ,1
801,,302/2 : 801,อังคาร,TUE,1,10:00,12:00,10700302,การใช้ภาษาไทยเพื่อการสื่อสาร,2
801,,302/2 : 801,พฤหัสบดี,THU,3,10:00,12:00,10700401,การรู้สารสนเทศ,1
801,,302/2 : 801,ศุกร์,FRI,4,10:00,12:00,10700302,การใช้ภาษาไทยเพื่อการสื่อสาร,2
801,,303/2 : 801,อังคาร,TUE,1,10:00,12:00,10700202,สุขภาพสำหรับคนรุ่นใหม่,2
801,,303/2 : 801,อังคาร,TUE,1,10:00,12:00,10700202,สุขภาพสำหรับคนรุ่นใหม่,3
801,,C1 COM : 801,พฤหัสบดี,THU,3,08:00,10:00,10200503,การประยุกต์ใช้โปรแกรมสำเร็จรูปทางธุรกิจ,1
801,,C3 COM : 801,จันทร์,MON,0,08:00,10:00,10200503,การประยุกต์ใช้โปรแกรมสำเร็จรูปทางธุรกิจ,1
801,,C3 COM : 801,อังคาร,TUE,1,15:00,17:00,10300403,โปรแกรมสำเร็จรูปเพื่อการศึกษา,1
801,,C3 COM : 801,พฤหัสบดี,THU,3,08:00,10:00,10300403,โปรแกรมสำเร็จรูปเพื่อการศึกษา,3
801,,C3 COM : 801,ศุกร์,FRI,4,08:00,10:00,10300403,โปรแกรมสำเร็จรูปเพื่อการศึกษา,2
801,,C3 COM : 801,ศุกร์,FRI,4,10:00,12:00,10300403,โปรแกรมสำเร็จรูปเพื่อการศึกษา,4
801,,S1.LAB : 801,จันทร์,MON,0,08:00,10:00,10700307,ทักษะภาษาอังกฤษสำหรับศตวรรษที่ 21,1
801,,S1.LAB : 801,พุธ,WED,2,15:00,17:00,10700314,ภาษาอังกฤษสำหรับวิชาชีพเกษตร,1
801,,S1.LAB : 801,พฤหัสบดี,THU,3,08:00,10:00,10700307,ทักษะภาษาอังกฤษสำหรับศตวรรษที่ 21,1
801,,S1.LAB : 801,ศุกร์,FRI,4,10:00,12:00,10700321,ภาษาอังกฤษเพื่อการสื่อสารด้านการเกษตร,1
801,,S1.LAB : 801,ศุกร์,FRI,4,13:00,15:00,10700309,สนทนาภาษาอังกฤษ,1
801,,S2.LAB : 801,จันทร์,MON,0,08:00,10:00,10700307,ทักษะภาษาอังกฤษสำหรับศตวรรษที่ 21,3
801,,S2.LAB : 801,จันทร์,MON,0,10:00,12:00,10700307,ทักษะภาษาอังกฤษสำหรับศตวรรษที่ 21,7
801,,S2.LAB : 801,จันทร์,MON,0,13:00,15:00,10700320,ภาษาอังกฤษเพื่อการศึกษาต่อและการประกอบอาชีพ,1
801,,S2.LAB : 801,อังคาร,TUE,1,08:00,10:00,10700321,ภาษาอังกฤษเพื่อการสื่อสารด้านการเกษตร,2
801,,S2.LAB : 801,อังคาร,TUE,1,10:00,12:00,10700307,ทักษะภาษาอังกฤษสำหรับศตวรรษที่ 21,4
801,,S2.LAB : 801,อังคาร,TUE,1,13:00,15:00,10700307,ทักษะภาษาอังกฤษสำหรับศตวรรษที่ 21,2
801,,S2.LAB : 801,พฤหัสบดี,THU,3,08:00,10:00,10700307,ทักษะภาษาอังกฤษสำหรับศตวรรษที่ 21,3
801,,S2.LAB : 801,พฤหัสบดี,THU,3,10:00,12:00,10700307,ทักษะภาษาอังกฤษสำหรับศตวรรษที่ 21,7
801,,S2.LAB : 801,พฤหัสบดี,THU,3,13:00,15:00,10700320,ภาษาอังกฤษเพื่อการศึกษาต่อและการประกอบอาชีพ,1
801,,S2.LAB : 801,ศุกร์,FRI,4,08:00,10:00,10700321,ภาษาอังกฤษเพื่อการสื่อสารด้านการเกษตร,2
801,,S2.LAB : 801,ศุกร์,FRI,4,10:00,12:00,10700307,ทักษะภาษาอังกฤษสำหรับศตวรรษที่ 21,4
806,,FF ฟาร์มสาธิต,พฤหัสบดี,THU,3,16:00,18:00,11400110,เศรษฐกิจพอเพียงและการพัฒนาที่ยั่งยืน,1
806,,FF ฟาร์มสาธิต,ศุกร์,FRI,4,16:00,18:00,11400110,เศรษฐกิจพอเพียงและการพัฒนาที่ยั่งยืน,2
806,,FF ฟาร์มสาธิต,ศุกร์,FRI,4,16:00,18:00,11400110,เศรษฐกิจพอเพียงและการพัฒนาที่ยั่งยืน,3
811,,N103:811,อังคาร,TUE,1,10:00,12:00,10700202,สุขภาพสำหรับคนรุ่นใหม่,1
811,,N104:811,จันทร์,MON,0,13:00,15:00,10700401,การรู้สารสนเทศ,2
811,,N104:811,จันทร์,MON,0,15:00,18:00,10100214,เกษตรเพื่อชีวิต,1
811,,N104:811,อังคาร,TUE,1,10:00,12:00,10300403,โปรแกรมสำเร็จรูปเพื่อการศึกษา,1
811,,N104:811,อังคาร,TUE,1,10:00,12:00,10300403,โปรแกรมสำเร็จรูปเพื่อการศึกษา,2
811,,N104:811,อังคาร,TUE,1,10:00,12:00,10300403,โปรแกรมสำเร็จรูปเพื่อการศึกษา,3
811,,N104:811,อังคาร,TUE,1,10:00,12:00,10300403,โปรแกรมสำเร็จรูปเพื่อการศึกษา,4
811,,N104:811,อังคาร,TUE,1,15:00,17:00,11400110,เศรษฐกิจพอเพียงและการพัฒนาที่ยั่งยืน,1
811,,N104:811,อังคาร,TUE,1,15:00,17:00,11400110,เศรษฐกิจพอเพียงและการพัฒนาที่ยั่งยืน,2
811,,N104:811,พฤหัสบดี,THU,3,13:00,15:00,10700401,การรู้สารสนเทศ,2
811,,N104:811,พฤหัสบดี,THU,3,15:00,18:00,10100214,เกษตรเพื่อชีวิต,2
811,,N107:811,จันทร์,MON,0,10:00,12:00,10700211,การพัฒนาบุคลิกภาพความเป็นผู้ประกอบการที่ยั่งยืน,1
811,,N107:811,จันทร์,MON,0,13:00,14:30,10700105,มนุษย์ สังคม เทคโนโลยีและสิ่งแวดล้อม,1
811,,N107:811,พฤหัสบดี,THU,3,10:00,12:00,10700211,การพัฒนาบุคลิกภาพความเป็นผู้ประกอบการที่ยั่งยืน,1
811,,N107:811,พฤหัสบดี,THU,3,13:00,14:30,10700105,มนุษย์ สังคม เทคโนโลยีและสิ่งแวดล้อม,1
811,,N108:811,อังคาร,TUE,1,08:00,09:30,10500501,เศรษฐศาสตร์เพื่อชีวิตประจำวันและการประกอบการ,1
811,,N108:811,ศุกร์,FRI,4,08:00,09:30,10500501,เศรษฐศาสตร์เพื่อชีวิตประจำวันและการประกอบการ,1
811,,N109:811,จันทร์,MON,0,10:00,11:30,10200505,การตลาดบนสมาร์ทโฟน,1
811,,N109:811,พุธ,WED,2,09:00,12:00,10400408,อาหารและเทคโนโลยี,1
811,,N109:811,พฤหัสบดี,THU,3,10:00,11:30,10200505,การตลาดบนสมาร์ทโฟน,1
811,,N109:811,ศุกร์,FRI,4,08:00,10:00,10300405,การคำนวณทางธุรกิจและการลงทุนสำหรับผู้ประกอบการยุคใหม่,1
811,,N202:811,จันทร์,MON,0,15:00,16:30,10700201,จิตวิทยากับพฤติกรรมมนุษย์,1
811,,N202:811,อังคาร,TUE,1,15:00,16:30,10700201,จิตวิทยากับพฤติกรรมมนุษย์,1
811,,N207:811,อังคาร,TUE,1,10:00,12:00,10400502,ผู้ประกอบการนวัตกรรมทางการเกษตร,1
811,,N207:811,ศุกร์,FRI,4,10:00,12:00,10400502,ผู้ประกอบการนวัตกรรมทางการเกษตร,1
811,,N208:811,จันทร์,MON,0,13:00,14:30,10700209,จิตวิทยาเพื่อการดำเนินชีวิตในสังคมสมัยใหม่,1
811,,N208:811,อังคาร,TUE,1,10:00,12:00,11400110,เศรษฐกิจพอเพียงและการพัฒนาที่ยั่งยืน,3
811,,N208:811,พฤหัสบดี,THU,3,13:00,14:30,10700209,จิตวิทยาเพื่อการดำเนินชีวิตในสังคมสมัยใหม่,1
TBA,,TBA(แพร่),จันทร์,MON,0,17:00,21:00,10700307,ทักษะภาษาอังกฤษสำหรับศตวรรษที่ 21,8
TBA,,TBA(แพร่),ศุกร์,FRI,4,17:00,20:00,10100214,เกษตรเพื่อชีวิต,3
TBA,,TBA(แพร่),เสาร์,SAT,5,08:00,12:00,10300405,การคำนวณทางธุรกิจและการลงทุนสำหรับผู้ประกอบการยุคใหม่,2
สนามกีฬา,,สนามกีฬา,ศุกร์,FRI,4,10:00,12:00,10700202,สุขภาพสำหรับคนรุ่นใหม่,1
สนามกีฬา,,สนามกีฬา,ศุกร์,FRI,4,13:00,15:00,10700202,สุขภาพสำหรับคนรุ่นใหม่,2
สนามกีฬา,,สนามกีฬา,ศุกร์,FRI,4,15:00,17:00,10700202,สุขภาพสำหรับคนรุ่นใหม่,3
