group_id,name,required_credits,parent_group_id,parent_group_name,program_ids
0b957383-06d5-4c00-935d-a9cccf396f36,หมวดวิชาศึกษาทั่วไป,,,,30274689-46d6-4552-89eb-f99f418f3c5f
9f1ba495-c263-41f3-b998-b304457e9b67,กลุ่มสังคมและวัฒนธรรม (ELO 1),6,0b957383-06d5-4c00-935d-a9cccf396f36,หมวดวิชาศึกษาทั่วไป,30274689-46d6-4552-89eb-f99f418f3c5f
0c14a1e5-4cbd-4bbe-9b7d-e1735fc285d2,กลุ่มคุณค่าความเป็นมนุษย์และการใช้ชีวิต (ELO 2),3,0b957383-06d5-4c00-935d-a9cccf396f36,หมวดวิชาศึกษาทั่วไป,30274689-46d6-4552-89eb-f99f418f3c5f
60e09ed7-3518-4c55-b5ab-1863e5ade399,กลุ่มภาษาและการสื่อสาร (ELO 3),,,,30274689-46d6-4552-89eb-f99f418f3c5f
a3cf5f1a-ff16-4acf-9ac7-e998e1d82bc3,รายวิชาภาษาไทย,3,60e09ed7-3518-4c55-b5ab-1863e5ade399,กลุ่มภาษาและการสื่อสาร (ELO 3),30274689-46d6-4552-89eb-f99f418f3c5f
40225020-b64e-40ed-89de-fb7e6b10d00d,รายวิชาภาษาต่างประเทศ,9,60e09ed7-3518-4c55-b5ab-1863e5ade399,กลุ่มภาษาและการสื่อสาร (ELO 3),30274689-46d6-4552-89eb-f99f418f3c5f
69036cb6-d8ad-4059-aca1-b4c448b8f1de,กลุ่มการคิดคำนวณ การใช้เหตุผลและเทคโนโลยี(ELO 4),6,0b957383-06d5-4c00-935d-a9cccf396f36,หมวดวิชาศึกษาทั่วไป,30274689-46d6-4552-89eb-f99f418f3c5f
9b48a9c3-63ec-48fb-969e-6d2dc8d96b35,กลุ่มการเป็นผู้ประกอบการ (ELO 5),3,0b957383-06d5-4c00-935d-a9cccf396f36,หมวดวิชาศึกษาทั่วไป,30274689-46d6-4552-89eb-f99f418f3c5f
8297893e-6a6f-4fda-a491-f044df4b85a8,หมวดวิชาเฉพาะ,,,,30274689-46d6-4552-89eb-f99f418f3c5f
2f1d888e-64c9-4cdf-854b-413c9a1c9c7a,กลุ่มวิชาแกน,18,8297893e-6a6f-4fda-a491-f044df4b85a8,หมวดวิชาเฉพาะ,30274689-46d6-4552-89eb-f99f418f3c5f
92b08fda-ccd2-4100-9438-3a55b4607c96,กลุ่มวิชาเอกบังคับ,45,8297893e-6a6f-4fda-a491-f044df4b85a8,หมวดวิชาเฉพาะ,30274689-46d6-4552-89eb-f99f418f3c5f
89ad8747-7653-4f2e-a305-3720fcca5b35,กลุ่มวิชาเอกเลือก,,,,30274689-46d6-4552-89eb-f99f418f3c5f
6c4088e4-23b0-4840-8c7f-ff8067b945a7,กลุ่มวิชาความรู้พื้นฐานทางวิทยาการคอมพิวเตอร์(Fundamental Computer Science),12,89ad8747-7653-4f2e-a305-3720fcca5b35,กลุ่มวิชาเอกเลือก,30274689-46d6-4552-89eb-f99f418f3c5f
9b3ab411-88db-431e-b5cb-a02b3a24a917,กลุ่มวิชาการพัฒนาระบบแอปพลิเคชัน (Application Development),18,89ad8747-7653-4f2e-a305-3720fcca5b35,กลุ่มวิชาเอกเลือก,30274689-46d6-4552-89eb-f99f418f3c5f
3cfeea9e-ca94-4ad3-8d77-b9a3eb4a6fc7,กลุ่มวิชาระบบเครือข่าย (Network System),21,89ad8747-7653-4f2e-a305-3720fcca5b35,กลุ่มวิชาเอกเลือก,30274689-46d6-4552-89eb-f99f418f3c5f
fe1ba98d-9b72-4148-b487-4ba91da327b3,กลุ่มวิชาวิทยาการข้อมูล (Data Science),32,89ad8747-7653-4f2e-a305-3720fcca5b35,กลุ่มวิชาเอกเลือก,30274689-46d6-4552-89eb-f99f418f3c5f
7c678788-15be-4b3a-a88a-2849279c2ed1,กลุ่มวิชาอินเทอร์เน็ตในทุกสิ่ง (Internet of Things),21,89ad8747-7653-4f2e-a305-3720fcca5b35,กลุ่มวิชาเอกเลือก,30274689-46d6-4552-89eb-f99f418f3c5f
729fcecc-ceda-460f-9010-205dbb7426a1,กลุ่มวิชาปัญญาประดิษฐ์ (Artificial Intelligence),27,89ad8747-7653-4f2e-a305-3720fcca5b35,กลุ่มวิชาเอกเลือก,30274689-46d6-4552-89eb-f99f418f3c5f
d43e88d7-6767-4d81-8f35-d811d8a65539,กลุ่มวิชาการประยุกต์งานด้านธุรกิจ (Computer Science for Business),15,89ad8747-7653-4f2e-a305-3720fcca5b35,กลุ่มวิชาเอกเลือก,30274689-46d6-4552-89eb-f99f418f3c5f
aaf0e23f-dc11-49d1-9171-608d0e3d37ea,กลุ่มวิชาหัวข้อพิเศษ (Special Topics),6,89ad8747-7653-4f2e-a305-3720fcca5b35,กลุ่มวิชาเอกเลือก,30274689-46d6-4552-89eb-f99f418f3c5f
2640386d-2788-41f3-82ec-bb8d703b076a,สมรรถนะด้านภาษาและการสื่อสาร,,,,d7b54fbf-46cd-4982-984e-36ca370d884e
5ed47c4c-cac7-4a1b-894e-522fdefb348e,รายวิชาภาษาไทย (2570),3,2640386d-2788-41f3-82ec-bb8d703b076a,สมรรถนะด้านภาษาและการสื่อสาร,d7b54fbf-46cd-4982-984e-36ca370d884e
9443720d-6b7d-4618-bb79-df8032270e1a,รายวิชาภาษาต่างประเทศ (2570),9,2640386d-2788-41f3-82ec-bb8d703b076a,สมรรถนะด้านภาษาและการสื่อสาร,d7b54fbf-46cd-4982-984e-36ca370d884e
103d30ce-0989-4357-95b6-54c5244ceb9b,หมวดวิชาศึกษาทั่วไป (2570),,,,d7b54fbf-46cd-4982-984e-36ca370d884e
ddd4bf66-757e-4b27-96cb-e6e0749d9b2d,สมรรถนะด้านสังคมและความเป็นมนุษย์,3,103d30ce-0989-4357-95b6-54c5244ceb9b,หมวดวิชาศึกษาทั่วไป (2570),d7b54fbf-46cd-4982-984e-36ca370d884e
9de1ea68-2958-4b25-bcd6-799b00f7090e,กลุ่มวิชาพื้นฐานวิชาชีพและวิชาชีพ (2570),,,,d7b54fbf-46cd-4982-984e-36ca370d884e
772c6971-0bb6-4ec8-857a-be2b32136003,กลุ่มวิชาปัญญาประดิษฐ์และวิทยาการข้อมูล (Artificial Intelligence & Data Science),27,9de1ea68-2958-4b25-bcd6-799b00f7090e,กลุ่มวิชาพื้นฐานวิชาชีพและวิชาชีพ (2570),d7b54fbf-46cd-4982-984e-36ca370d884e
e0d88147-d737-4073-bfdd-2c35438dfecb,กลุ่มวิชาวิศวกรรมซอฟต์แวร์และนวัตกรรมดิจิทัล (Software Engineering & Digital Innovation),27,9de1ea68-2958-4b25-bcd6-799b00f7090e,กลุ่มวิชาพื้นฐานวิชาชีพและวิชาชีพ (2570),d7b54fbf-46cd-4982-984e-36ca370d884e
f36d2e13-8641-426f-8f92-cceda5b197e8,กลุ่มวิชาโครงสร้างพื้นฐานดิจิทัลและเทคโนโลยีล้ำสมัย (Digital Infrastructure & Emerging Technologies),21,9de1ea68-2958-4b25-bcd6-799b00f7090e,กลุ่มวิชาพื้นฐานวิชาชีพและวิชาชีพ (2570),d7b54fbf-46cd-4982-984e-36ca370d884e
da017de0-1195-4803-b5c4-8e20c40dc836,กลุ่มวิชาหัวข้อพิเศษ (Special Topics) (2570),6,9de1ea68-2958-4b25-bcd6-799b00f7090e,กลุ่มวิชาพื้นฐานวิชาชีพและวิชาชีพ (2570),d7b54fbf-46cd-4982-984e-36ca370d884e
85ce8166-5765-42c0-8695-d9398328bd78,สมรรถนะด้านการคิดคำนวณ การใช้เหตุผล และการใช้เทคโนโลยี,3,103d30ce-0989-4357-95b6-54c5244ceb9b,หมวดวิชาศึกษาทั่วไป (2570),d7b54fbf-46cd-4982-984e-36ca370d884e
aaedf470-f568-439f-86ee-db00265658cd,สมรรถนะด้านการเป็นผู้ประกอบการ,6,103d30ce-0989-4357-95b6-54c5244ceb9b,หมวดวิชาศึกษาทั่วไป (2570),d7b54fbf-46cd-4982-984e-36ca370d884e
7b8d586f-72ba-4e97-ba41-891f0b2d8863,สมรรถนะด้านการทำงานและการเรียนรู้ตลอดชีวิต,6,103d30ce-0989-4357-95b6-54c5244ceb9b,หมวดวิชาศึกษาทั่วไป (2570),d7b54fbf-46cd-4982-984e-36ca370d884e
b6ec74f9-4f7a-4a3e-9905-01cc87ad1dea,หมวดวิชาเฉพาะ (2570),,,,d7b54fbf-46cd-4982-984e-36ca370d884e
aebf1e80-8de3-4fe3-a6e7-b5a13e631655,กลุ่มวิชาแกน (2570),18,b6ec74f9-4f7a-4a3e-9905-01cc87ad1dea,หมวดวิชาเฉพาะ (2570),d7b54fbf-46cd-4982-984e-36ca370d884e
f0dfec0e-af79-4a0c-88fb-5dfb44b18014,กลุ่มวิชาเฉพาะด้าน (2570),45,b6ec74f9-4f7a-4a3e-9905-01cc87ad1dea,หมวดวิชาเฉพาะ (2570),d7b54fbf-46cd-4982-984e-36ca370d884e
92757ffd-a4dc-4493-a192-1cd73814c137,กลุ่มวิชาวิทยาศาสตร์และคณิตศาสตร์,,,,
80964862-4ba3-4146-959a-77b30f92e038,กลุ่มวิชาบริหารจัดการนวัตกรรม (Innovation Management),,,,
7c157012-4250-48ef-ae99-014ec4b9cadc,กลุ่มวิชานวัตกรรมดิจิทัลเพื่อการเรียนรู้ (Digital Innovation for Learning),,,,
dd21c9fe-7676-46ec-b413-605f72caf152,กลุ่มวิชาพัฒนาระบบสารสนเทศอัจฉริยะ (Smart Information System Development),,,,
50d1b0af-9aa6-46c7-859a-8886aaf70275,วิชาเอกบังคับ,,,,
286f0057-f721-4d89-892f-bd86c6e2970e,วิทยานิพนธ์,,,,
4421631c-3d57-4c89-b44f-2ad03c447467,รายวิชาที่ไม่นับหน่วยกิต,,,,
