department,service,phone
กองบริหารงานสำนักบริหารและพัฒนาวิชาการ,ผู้อำนวยการกองบริหารงานสำนักบริหารและพัฒนาวิชาการ,053-873456
กองบริหารงานสำนักบริหารและพัฒนาวิชาการ,รับ-ส่งเอกสาร,053-873450
กองบริหารงานสำนักบริหารและพัฒนาวิชาการ,การเงิน-บัญชี,053-873452
กองบริหารงานสำนักบริหารและพัฒนาวิชาการ,งานพัสดุ,053-873452
กองบริหารงานสำนักบริหารและพัฒนาวิชาการ,งานแผนและยุทธศาสตร์,053-873451
กองบริหารงานสำนักบริหารและพัฒนาวิชาการ,งานพัฒนาระบบเทคโนโลยีสารสนเทศ,"053-873457, 053-873469, 053-873470"
ฝ่ายพัฒนาการศึกษาและหลักสูตร,"ข้อมูลหลักสูตร, ข้อมูลรายวิชา, TQF, อาจารย์ประจำหลักสูตร",053-873453
ฝ่ายพัฒนาการศึกษาและหลักสูตร,ข้อมูลอนุมัติหลักสูตร ขั้นตอน และเอกสารต่าง ๆ เกี่ยวกับหลักสูตร,053-873454
ฝ่ายพัฒนาการศึกษาและหลักสูตร,"รายวิชาที่เปิดสอน, ตารางสอน-สอบ, แผนการศึกษา",053-873455
ฝ่ายทะเบียนเรียนและบริการการศึกษา,"บัตรนักศึกษา, รหัสผ่านเข้าสู่ระบบ reg",053-873459
ฝ่ายทะเบียนเรียนและบริการการศึกษา,"เกรด, เทียบโอนรายวิชา, ย้ายสาขา, ขอเกรด V, SU",053-873459
ฝ่ายทะเบียนเรียนและบริการการศึกษา,หนังสือรับรอง ใบรายงานผล และหลักฐานระดับปริญญาตรี (กำลังศึกษาอยู่),053-873459
ฝ่ายทะเบียนเรียนและบริการการศึกษา,หนังสือรับรอง ใบรายงานผล และหลักฐานระดับปริญญาตรี (สำเร็จการศึกษาแล้ว),053-873458
ฝ่ายทะเบียนเรียนและบริการการศึกษา,หนังสือรับรอง ใบรายงานผล และหลักฐานระดับปริญญาโท-เอก,053-873458
ฝ่ายทะเบียนเรียนและบริการการศึกษา,"ตรวจสอบจบ, ปริญญาบัตร, เกียรตินิยม",053-873458
ฝ่ายทะเบียนเรียนและบริการการศึกษา,"ระเบียนประวัติ, ลาออก, ลาพัก, พ้นสภาพ",053-873459
ฝ่ายทะเบียนเรียนและบริการการศึกษา,"ระบบเว็บไซต์งานทะเบียน reg.mju.ac.th, ระบบส่งเกรด, ข้อมูลนักศึกษา",053-873457
ฝ่ายทะเบียนเรียนและบริการการศึกษา,"ลงทะเบียน, ลงทะเบียนเพิ่ม-ถอน",053-873470
ฝ่ายรับสมัครนักศึกษาและประชาสัมพันธ์หลักสูตร,รับนักศึกษาใหม่ ปริญญาตรี,053-873460
ฝ่ายรับสมัครนักศึกษาและประชาสัมพันธ์หลักสูตร,รับนักศึกษาใหม่ ปริญญาโท-เอก,053-873461
ฝ่ายรับสมัครนักศึกษาและประชาสัมพันธ์หลักสูตร,ประกันคุณภาพการศึกษา,053-873467
ฝ่ายรับสมัครนักศึกษาและประชาสัมพันธ์หลักสูตร,ระบบรับสมัครนักศึกษาใหม่ ป.ตรี โท เอก,053-873469
ฝ่ายสหกิจศึกษาและพัฒนาอาชีพ,ติดต่อฝ่ายสหกิจศึกษาและพัฒนาอาชีพ,053-873476-7
ฝ่ายบัณฑิตศึกษา,ติดต่อฝ่ายบัณฑิตศึกษา,053-875520-4
งานสื่อสิ่งพิมพ์,ติดต่องานพิมพ์,053-873471
งานสื่อสิ่งพิมพ์,ประเมินราคา,053-873471
