edu_program_id,group_name,group_min_credits,course_code,title_th,credits,credit_format
65304010,กลุ่มสังคมและวัฒนธรรม,6,10700101,สังคมโลกสมัยใหม่ในชีวิตประจำวัน,3,3(3-0-6)
65304010,กลุ่มสังคมและวัฒนธรรม,6,10700102,อารยธรรมและโลกสมัยใหม่,3,3(3-0-6)
65304010,กลุ่มสังคมและวัฒนธรรม,6,10700103,ประวัติศาสตร์และพัฒนาการของล้านนา,3,3(3-0-6)
65304010,กลุ่มสังคมและวัฒนธรรม,6,10700104,ผู้สูงอายุและสังคมผู้สูงวัย,3,3(3-0-6)
65304010,กลุ่มสังคมและวัฒนธรรม,6,10700105,มนุษย์ สังคม เทคโนโลยีและสิ่งแวดล้อม,3,3(3-0-6)
65304010,กลุ่มสังคมและวัฒนธรรม,6,10700106,สังคมและวัฒนธรรมไทย,3,3(3-0-6)
65304010,กลุ่มสังคมและวัฒนธรรม,6,10700107,วรรณกรรมไทยร่วมสมัยกับการเกษตรและสิ่งแวดล้อม,3,3(2-2-5)
65304010,กลุ่มสังคมและวัฒนธรรม,6,10700108,อาหารกับสังคม,3,3(2-2-5)
65304010,กลุ่มสังคมและวัฒนธรรม,6,10700109,จิตอาสาเพื่อพัฒนาสังคม,3,3(2-2-5)
65304010,กลุ่มสังคมและวัฒนธรรม,6,11400111,อาเซียนศึกษา,3,3(2-2-5)
65304010,กลุ่มสังคมและวัฒนธรรม,6,11400112,การต่อต้านการทุจริต,3,3(2-2-5)
65304010,กลุ่มสังคมและวัฒนธรรม,6,10800113,พลเมืองดิจิทัล,3,3(3-0-6)
65304010,กลุ่มสังคมและวัฒนธรรม,6,10800114,ความฉลาดทางดิจิทัล,3,3(3-0-6)
65304010,กลุ่มคุณค่าความเป็นมนุษย์และการใช้ชีวิต,3,10700201,จิตวิทยากับพฤติกรรมมนุษย์,3,3(3-0-6)
65304010,กลุ่มคุณค่าความเป็นมนุษย์และการใช้ชีวิต,3,10700202,สุขภาพสำหรับคนรุ่นใหม่,3,3(2-2-5)
65304010,กลุ่มคุณค่าความเป็นมนุษย์และการใช้ชีวิต,3,10700204,มนุษย์กับความงามทางศิลปะ,3,3(3-0-6)
65304010,กลุ่มคุณค่าความเป็นมนุษย์และการใช้ชีวิต,3,10700207,ศิลปะและโบราณคดีในประเทศไทยเพื่อสุนทรียะ,3,3(3-0-6)
65304010,กลุ่มคุณค่าความเป็นมนุษย์และการใช้ชีวิต,3,10700209,จิตวิทยาเพื่อการดำเนินชีวิตในสังคมสมัยใหม่,3,3(3-0-6)
65304010,กลุ่มคุณค่าความเป็นมนุษย์และการใช้ชีวิต,3,10700210,ความสุขและความสำเร็จในการทำงาน,3,3(3-0-6)
65304010,กลุ่มคุณค่าความเป็นมนุษย์และการใช้ชีวิต,3,10100214,เกษตรเพื่อชีวิต,3,3(3-0-6)
65304010,กลุ่มภาษาและการสื่อสาร-รายวิชาภาษาไทย,3,10700301,ภาษาไทยเพื่อการนำเสนอ,3,3(2-2-5)
65304010,กลุ่มภาษาและการสื่อสาร-รายวิชาภาษาไทย,3,10700302,การใช้ภาษาไทยเพื่อการสื่อสาร,3,3(2-2-5)
65304010,กลุ่มภาษาและการสื่อสาร-รายวิชาภาษาไทย,3,10700303,ภาษาไทยเพื่อการสื่อสารสำหรับชาวต่างประเทศ,3,3(2-2-5)
65304010,กลุ่มภาษาและการสื่อสาร-รายวิชาภาษาไทย,3,10700304,ภาษาไทยเพื่องานเขียนเชิงวิชาการ,3,3(2-2-5)
65304010,กลุ่มภาษาและการสื่อสาร-รายวิชาภาษาไทย,3,10700305,ภาษาไทยสำหรับหน่วยงานราชการ,3,3(2-2-5)
65304010,กลุ่มภาษาและการสื่อสาร-รายวิชาภาษาไทย,3,10700306,ภาษาไทยเพื่อกิจธุระยุคดิจิทัล,3,3(2-2-5)
65304010,กลุ่มภาษาและการสื่อสาร- รายวิชาภาษาต่างประเทศ,9,10700308,ภาษาอังกฤษในชีวิตประจำวัน,3,3(2-2-5)
65304010,กลุ่มภาษาและการสื่อสาร- รายวิชาภาษาต่างประเทศ,9,10700309,สนทนาภาษาอังกฤษ,3,3(2-2-5)
65304010,กลุ่มภาษาและการสื่อสาร- รายวิชาภาษาต่างประเทศ,9,10700310,ภาษาอังกฤษเบื้องต้นสำหรับธุรกิจและสตาร์ทอัพ,3,3(2-2-5)
65304010,กลุ่มภาษาและการสื่อสาร- รายวิชาภาษาต่างประเทศ,9,10700311,ภาษาอังกฤษเพื่อการสมัครงาน,3,3(2-2-5)
65304010,กลุ่มภาษาและการสื่อสาร- รายวิชาภาษาต่างประเทศ,9,10700312,ภาษาอังกฤษเชิงวิชาการ,3,3(2-2-5)
65304010,กลุ่มภาษาและการสื่อสาร- รายวิชาภาษาต่างประเทศ,9,10700313,ภาษาอังกฤษเชิงวิทยาศาสตร์และนวัตกรรม,3,3(2-2-5)
65304010,กลุ่มภาษาและการสื่อสาร- รายวิชาภาษาต่างประเทศ,9,10700314,ภาษาอังกฤษสำหรับวิชาชีพเกษตร,3,3(2-2-5)
65304010,กลุ่มภาษาและการสื่อสาร- รายวิชาภาษาต่างประเทศ,9,10700315,ภาษาอังกฤษเพื่อสังคมโลก,3,3(2-2-5)
65304010,กลุ่มภาษาและการสื่อสาร- รายวิชาภาษาต่างประเทศ,9,10700316,ภาษาอังกฤษเชิงวิทยาศาสตร์และเทคโนโลยีสีเขียวในชีวิตประจำวัน,3,3(2-2-5)
65304010,กลุ่มภาษาและการสื่อสาร- รายวิชาภาษาต่างประเทศ,9,10700317,ภาษาอังกฤษเพื่อผู้ประกอบการทางการเกษตรสร้างสรรค์,3,3(2-2-5)
65304010,กลุ่มภาษาและการสื่อสาร- รายวิชาภาษาต่างประเทศ,9,10700318,ภาษาอังกฤษสำหรับการท่องเที่ยวสมัยใหม่,3,3(2-2-5)
65304010,กลุ่มภาษาและการสื่อสาร- รายวิชาภาษาต่างประเทศ,9,10700319,ภาษาอังกฤษสำหรับผู้ประกอบการและการค้าระหว่างประเทศ,3,3(2-2-5)
65304010,กลุ่มภาษาและการสื่อสาร- รายวิชาภาษาต่างประเทศ,9,10700321,ภาษาอังกฤษเพื่อการสื่อสารด้านการเกษตร,3,3(2-2-5)
65304010,กลุ่มภาษาและการสื่อสาร- รายวิชาภาษาต่างประเทศ,9,10700322,ภาษาอังกฤษสำหรับวิชาชีพบัญชี,3,3(2-2-5)
65304010,กลุ่มการคิดคำนวณการใช้เหตุผลและการใช้เทคโนโลยี,6,10700401,การรู้สารสนเทศ,3,3(2-2-5)
65304010,กลุ่มการคิดคำนวณการใช้เหตุผลและการใช้เทคโนโลยี,6,10300402,การใช้ชีวิตในสังคมดิจิทัล,3,3(2-2-5)
65304010,กลุ่มการคิดคำนวณการใช้เหตุผลและการใช้เทคโนโลยี,6,10300403,โปรแกรมสำเร็จรูปเพื่อการศึกษา,3,3(2-2-5)
65304010,กลุ่มการคิดคำนวณการใช้เหตุผลและการใช้เทคโนโลยี,6,10300404,การตัดสินใจในชีวิตประจำวัน,3,3(3-0-6)
65304010,กลุ่มการคิดคำนวณการใช้เหตุผลและการใช้เทคโนโลยี,6,10300405,การคำนวณทางธุรกิจและการลงทุนสำหรับผู้ประกอบการยุคใหม่,3,3(2-2-5)
65304010,กลุ่มการคิดคำนวณการใช้เหตุผลและการใช้เทคโนโลยี,6,10400406,นานาสาระเกี่ยวกับอาหารและยา,3,3(3-0-6)
65304010,กลุ่มการคิดคำนวณการใช้เหตุผลและการใช้เทคโนโลยี,6,10400407,ทักษะดิจิทัลในศตวรรษที่ 21,3,3(3-0-6)
65304010,กลุ่มการคิดคำนวณการใช้เหตุผลและการใช้เทคโนโลยี,6,10400408,อาหารและเทคโนโลยี,3,3(3-0-6)
65304010,กลุ่มการคิดคำนวณการใช้เหตุผลและการใช้เทคโนโลยี,6,10300409,คณิตศาสตร์เพื่อชีวิตสมัยใหม่,3,3(3-0-6)
65304010,กลุ่มการคิดคำนวณการใช้เหตุผลและการใช้เทคโนโลยี,6,10300410,ความฉลาดรู้ด้านวิทยาศาสตร์สำหรับโลกสมัยใหม่,3,3(3-0-6)
65304010,กลุ่มการคิดคำนวณการใช้เหตุผลและการใช้เทคโนโลยี,6,10300411,วิทยาศาสตร์เพื่อชีวิต,3,3(2-2-5)
65304010,กลุ่มการคิดคำนวณการใช้เหตุผลและการใช้เทคโนโลยี,6,10300412,การพัฒนาวิทยาศาสตร์และเทคโนโลยี,3,3(2-2-5)
65304010,กลุ่มการคิดคำนวณการใช้เหตุผลและการใช้เทคโนโลยี,6,10300413,วิทยาศาสตร์รอบตัวในศตวรรษที่ 21,3,3(2-2-5)
65304010,กลุ่มการเป็นผู้ประกอบการ,3,10500501,เศรษฐศาสตร์เพื่อชีวิตประจำวันและการประกอบการ,3,3(3-0-6)
65304010,กลุ่มการเป็นผู้ประกอบการ,3,10400502,ผู้ประกอบการนวัตกรรมทางการเกษตร,3,3(2-2-5)
65304010,กลุ่มการเป็นผู้ประกอบการ,3,10200503,การประยุกต์ใช้โปรแกรมสำเร็จรูปทางธุรกิจ,3,3(2-2-5)
65304010,กลุ่มการเป็นผู้ประกอบการ,3,10200504,การเป็นผู้ประกอบการ,3,3(2-2-5)
65304010,กลุ่มการเป็นผู้ประกอบการ,3,10200505,การตลาดบนสมาร์ทโฟน,3,3(3-0-6)
65304010,กลุ่มการเป็นผู้ประกอบการ,3,10200506,การวางแผนการเงินในชีวิตประจำวัน,3,3(3-0-6)
65304010,กลุ่มการเป็นผู้ประกอบการ,3,10200507,ภาษีอากรสำหรับผู้ประกอบการ,3,3(3-0-6)
65304010,วิชาเฉพาะ-กลุ่มวิชาแกน,18,10700320,ภาษาอังกฤษเพื่อการศึกษาต่อและการประกอบอาชีพ,3,3(2-2-5)
65304010,วิชาเฉพาะ-กลุ่มวิชาแกน,18,10301111,การเขียนโปรแกรมเบื้องต้น,3,3(2-3-5)
65304010,วิชาเฉพาะ-กลุ่มวิชาแกน,18,10301113,คณิตศาสตร์ดีสครีต,3,3(3-0-6)
65304010,วิชาเฉพาะ-กลุ่มวิชาแกน,18,10304205,ความน่าจะเป็นและสถิติ,3,3(3-0-6)
65304010,วิชาเฉพาะ-กลุ่มวิชาแกน,18,10305108,แคลคูลัสสำหรับวิทยาศาสตร์และเทคโนโลยี,3,3(3-0-6)
65304010,วิชาเฉพาะ-กลุ่มวิชาแกน,18,10301211,คณิตศาสตร์สำหรับวิทยาการคอมพิวเตอร์,3,3(3-0-6)
65304010,วิชาเฉพาะ- กลุ่มวิชาเอกบังคับ,45,10301112,เทคโนโลยีสารสนเทศและการสื่อสาร,3,3(2-3-5)
65304010,วิชาเฉพาะ- กลุ่มวิชาเอกบังคับ,45,10301114,องค์ประกอบและสถาปัตยกรรมคอมพิวเตอร์,3,3(2-3-5)
65304010,วิชาเฉพาะ- กลุ่มวิชาเอกบังคับ,45,10301141,เครือข่ายคอมพิวเตอร์เบื้องต้น,3,3(2-3-5)
65304010,วิชาเฉพาะ- กลุ่มวิชาเอกบังคับ,45,10301212,การเขียนโปรแกรมและทักษะการแก้ปัญหา,3,3(2-3-5)
65304010,วิชาเฉพาะ- กลุ่มวิชาเอกบังคับ,45,10301221,การวิเคราะห์และออกแบบเชิงวัตถุ,3,3(2-3-5)
65304010,วิชาเฉพาะ- กลุ่มวิชาเอกบังคับ,45,10301222,โครงสร้างข้อมูลและอัลกอริทึม,3,3(2-3-5)
65304010,วิชาเฉพาะ- กลุ่มวิชาเอกบังคับ,45,10301223,ฐานข้อมูลโครงสร้างเชิงสัมพันธ์,3,3(2-3-5)
65304010,วิชาเฉพาะ- กลุ่มวิชาเอกบังคับ,45,10301224,ฐานข้อมูลแบบไม่มีโครงสร้าง,3,3(2-3-5)
65304010,วิชาเฉพาะ- กลุ่มวิชาเอกบังคับ,45,10301225,วิศวกรรมซอฟต์แวร์,3,3(2-3-5)
65304010,วิชาเฉพาะ- กลุ่มวิชาเอกบังคับ,45,10301231,เว็บเทคโนโลยี,3,3(2-3-5)
65304010,วิชาเฉพาะ- กลุ่มวิชาเอกบังคับ,45,10301232,การพัฒนาระบบฝั่งเซิร์ฟเวอร์,3,3(2-3-5)
65304010,วิชาเฉพาะ- กลุ่มวิชาเอกบังคับ,45,10301233,การพัฒนาซอฟต์แวร์บนอุปกรณ์เคลื่อนที่,3,3(2-3-5)
65304010,วิชาเฉพาะ- กลุ่มวิชาเอกบังคับ,45,10301491,สัมมนาวิชาการทางวิทยาการคอมพิวเตอร์,3,3(3-0-6)
65304010,วิชาเฉพาะ- กลุ่มวิชาเอกบังคับ,45,10300497,สหกิจศึกษา,6,6(0-270-0)
65304010,วิชาเฉพาะ- กลุ่มวิชาเอกบังคับ,45,10300498,การเรียนรู้อิสระ,6,6(0-270-0)
65304010,วิชาเฉพาะ- กลุ่มวิชาเอกบังคับ,45,10300499,การศึกษา หรือ ฝึกงาน หรือ ฝึกอบรมต่างประเทศ,6,6(0-270-0)
65304010,วิชาเฉพาะ- กลุ่มวิชาเอกเลือก,21,10301311,ทฤษฎีการคำนวณ,3,3(2-3-5)
65304010,วิชาเฉพาะ- กลุ่มวิชาเอกเลือก,21,10301312,เทคนิคการเขียนโปรแกรมคอมพิวเตอร์,3,3(2-3-5)
65304010,วิชาเฉพาะ- กลุ่มวิชาเอกเลือก,21,10301313,วิธีการนิวเมอริคัล,3,3(2-3-5)
65304010,วิชาเฉพาะ- กลุ่มวิชาเอกเลือก,21,10301314,หลักการเขียนโปรแกรมเชิงวัตถุ,3,3(2-3-5)
65304010,วิชาเฉพาะ- กลุ่มวิชาเอกเลือก,21,10301331,การพัฒนาซอฟต์แวร์ทางเกษตรบนอุปกรณ์เคลื่อนที่,3,3(2-3-5)
65304010,วิชาเฉพาะ- กลุ่มวิชาเอกเลือก,21,10301332,การพัฒนาซอฟต์แวร์บนระบบปฏิบัติการยูนิกซ์,3,3(2-3-5)
65304010,วิชาเฉพาะ- กลุ่มวิชาเอกเลือก,21,10301333,การพัฒนาโปรแกรมประยุกต์บนเดสก์ท็อป,3,3(2-3-5)
65304010,วิชาเฉพาะ- กลุ่มวิชาเอกเลือก,21,10301334,การพัฒนาแอปพลิเคชันข้ามแพลตฟอร์ม,3,3(2-3-5)
65304010,วิชาเฉพาะ- กลุ่มวิชาเอกเลือก,21,10301335,การออกแบบรูปแบบสำหรับซอฟต์แวร์,3,3(2-3-5)
65304010,วิชาเฉพาะ- กลุ่มวิชาเอกเลือก,21,10301336,คอมพิวเตอร์กราฟิก,3,3(2-3-5)
65304010,วิชาเฉพาะ- กลุ่มวิชาเอกเลือก,21,10301341,การเข้ารหัสและความปลอดภัยในเครือข่าย,3,3(2-3-5)
65304010,วิชาเฉพาะ- กลุ่มวิชาเอกเลือก,21,10301342,การประมวลผลแบบกลุ่มเมฆ,3,3(2-3-5)
65304010,วิชาเฉพาะ- กลุ่มวิชาเอกเลือก,21,10301343,การเขียนโปรแกรมเครือข่าย,3,3(2-3-5)
65304010,วิชาเฉพาะ- กลุ่มวิชาเอกเลือก,21,10301344,เครือข่ายคอมพิวเตอร์,3,3(2-3-5)
65304010,วิชาเฉพาะ- กลุ่มวิชาเอกเลือก,21,10301345,ระบบเครือข่ายไร้สาย,3,3(2-3-5)
65304010,วิชาเฉพาะ- กลุ่มวิชาเอกเลือก,21,10301346,ระบบปฏิบัติการ,3,3(2-3-5)
65304010,วิชาเฉพาะ- กลุ่มวิชาเอกเลือก,21,10301347,วิศวกรรมการพัฒนาปฏิบัติการบนคลาวด์,3,3(2-3-5)
65304010,วิชาเฉพาะ- กลุ่มวิชาเอกเลือก,21,10301351,วิทยาการข้อมูล,3,3(2-3-5)
65304010,วิชาเฉพาะ- กลุ่มวิชาเอกเลือก,21,10301352,โครงสร้างข้อมูลสำหรับการแก้ปัญหาทางด้านมัลติมีเดีย,3,3(2-3-5)
65304010,วิชาเฉพาะ- กลุ่มวิชาเอกเลือก,21,10301353,ฐานข้อมูลเชิงพื้นที่,3,3(2-3-5)
65304010,วิชาเฉพาะ- กลุ่มวิชาเอกเลือก,21,10301354,พื้นฐานความรู้ด้านข้อมูลขนาดใหญ่,3,3(2-3-5)
65304010,วิชาเฉพาะ- กลุ่มวิชาเอกเลือก,21,10301355,ระบบสนับสนุนการตัดสินใจ,3,3(2-3-5)
65304010,วิชาเฉพาะ- กลุ่มวิชาเอกเลือก,21,10301356,ระบบสารสนเทศภูมิศาสตร์เบื้องต้น,3,3(2-3-5)
65304010,วิชาเฉพาะ- กลุ่มวิชาเอกเลือก,21,10301357,ระบบเหมืองข้อมูล,3,3(2-3-5)
65304010,วิชาเฉพาะ- กลุ่มวิชาเอกเลือก,21,10301358,วิศวกรรมข้อมูล,3,3(2-3-5)
65304010,วิชาเฉพาะ- กลุ่มวิชาเอกเลือก,21,10301361,อินเทอร์เน็ตในทุกสิ่ง,3,3(2-3-5)
65304010,วิชาเฉพาะ- กลุ่มวิชาเอกเลือก,21,10301362,การโปรแกรมด้วยภาษาระดับต่ำ,3,3(2-3-5)
65304010,วิชาเฉพาะ- กลุ่มวิชาเอกเลือก,21,10301363,การออกแบบและการพัฒนาระบบทำงานแบบทันที,3,3(2-3-5)
65304010,วิชาเฉพาะ- กลุ่มวิชาเอกเลือก,21,10301364,ตรรกศาสตร์เชิงดิจิทัลและอุปกรณ์อัจฉริยะ,3,3(2-3-5)
65304010,วิชาเฉพาะ- กลุ่มวิชาเอกเลือก,21,10301365,ระบบคอมพิวเตอร์และภาษาแอสเซมบลี,3,3(2-3-5)
65304010,วิชาเฉพาะ- กลุ่มวิชาเอกเลือก,21,10301366,วิทยาการสมองกลฝังตัว,3,3(2-3-5)
65304010,วิชาเฉพาะ- กลุ่มวิชาเอกเลือก,21,10301367,อิเล็กทรอนิกส์เบื้องต้น,3,3(2-3-5)
65304010,วิชาเฉพาะ- กลุ่มวิชาเอกเลือก,21,10301371,ปัญญาประดิษฐ์,3,3(2-3-5)
65304010,วิชาเฉพาะ- กลุ่มวิชาเอกเลือก,21,10301372,การจำลองโดยคอมพิวเตอร์และการสร้างรูปแบบ,3,3(2-3-5)
65304010,วิชาเฉพาะ- กลุ่มวิชาเอกเลือก,21,10301373,การประมวลผลเชิงภาพ,3,3(2-3-5)
65304010,วิชาเฉพาะ- กลุ่มวิชาเอกเลือก,21,10301374,การประมวลผลภาษาธรรมชาติ,3,3(2-3-5)
65304010,วิชาเฉพาะ- กลุ่มวิชาเอกเลือก,21,10301375,การแยกแยะข้อมูลและการแบ่งกลุ่มข้อมูล,3,3(2-3-5)
65304010,วิชาเฉพาะ- กลุ่มวิชาเอกเลือก,21,10301376,การเรียนรู้ของเครื่องจักร,3,3(2-3-5)
65304010,วิชาเฉพาะ- กลุ่มวิชาเอกเลือก,21,10301377,การเรียนรู้ของเครื่องจักรขั้นสูง,3,3(2-3-5)
65304010,วิชาเฉพาะ- กลุ่มวิชาเอกเลือก,21,10301378,การเรียนรู้เครื่องจักรกลสำหรับโมบายแอปพลิเคชัน,3,3(2-3-5)
65304010,วิชาเฉพาะ- กลุ่มวิชาเอกเลือก,21,10301379,คอมพิวเตอร์วิทัศน์,3,3(2-3-5)
65304010,วิชาเฉพาะ- กลุ่มวิชาเอกเลือก,21,10301381,การบริหารโครงการคอมพิวเตอร์,3,3(2-3-5)
65304010,วิชาเฉพาะ- กลุ่มวิชาเอกเลือก,21,10301382,การเป็นผู้ประกอบการทางด้านคอมพิวเตอร์และนวัตกรรม,3,3(2-3-5)
65304010,วิชาเฉพาะ- กลุ่มวิชาเอกเลือก,21,10301383,บล็อกเชนและคริปโทเคอร์เรนซี่,3,3(2-3-5)
65304010,วิชาเฉพาะ- กลุ่มวิชาเอกเลือก,21,10301384,ระบบธุรกิจอัจฉริยะ,3,3(2-3-5)
65304010,วิชาเฉพาะ- กลุ่มวิชาเอกเลือก,21,10301385,ระบบบริหารสารสนเทศเพื่อการจัดการ,3,3(2-3-5)
65304010,วิชาเฉพาะ- กลุ่มวิชาเอกเลือก,21,10301391,หัวข้อพิเศษทางวิทยาการคอมพิวเตอร์ 1,3,3(2-3-5)
65304010,วิชาเฉพาะ- กลุ่มวิชาเอกเลือก,21,10301392,หัวข้อพิเศษทางวิทยาการคอมพิวเตอร์ 2,3,3(2-3-5)
60304010,กลุ่มวิชาสังคมศาสตร์,6,ศท302,สังคมและวัฒนธรรมไทย,3,3(3-0-6)
60304010,กลุ่มวิชาสังคมศาสตร์,6,ศท021,สังคมศาสตร์ในชีวิตประจำวัน,3,3(3-0-6)
60304010,กลุ่มวิชาสังคมศาสตร์,6,กช321,เศรษฐกิจพอเพียงและการพัฒนาที่ยั่งยืน,3,3(2-2-5)
60304010,กลุ่มวิชาสังคมศาสตร์,6,ศศ101,เศรษฐศาสตร์เพื่อชีวิตประจำวันและการประกอบการ,3,3(3-0-6)
60304010,กลุ่มวิชาสังคมศาสตร์,6,ศท302,สังคมและวัฒนธรรมไทย,3,3(3-0-6)
60304010,กลุ่มวิชาสังคมศาสตร์,6,ศท022,อารยธรรมโลก,3,3(3-0-6)
60304010,กลุ่มวิชาสังคมศาสตร์,6,ศท104,มนุษย์และสิ่งแวดล้อม,3,3(3-0-6)
60304010,กลุ่มวิชามนุษยศาสตร์,6,ศท180,ศิลปะกับความคิดสร้างสรรค์,3,3(1-4-4)
60304010,กลุ่มวิชามนุษยศาสตร์,6,ศท011,มนุษย์กับความงามทางศิลปะ,3,3(3-0-6)
60304010,กลุ่มวิชามนุษยศาสตร์,6,ศท012,จิตวิทยากับพฤติกรรมมนุษย์,3,3(3-0-6)
60304010,กลุ่มวิชามนุษยศาสตร์,6,ศท013,สุขภาพเพื่อการดำรงชีวิต,3,3(2-2-5)
60304010,กลุ่มวิชามนุษยศาสตร์,6,ศท304,ศาสตร์และศิลป์แห่งปัญญาชน,3,3(2-2-5)
60304010,กลุ่มวิชามนุษยศาสตร์,6,ศท305,ประวัติศาสตร์และพัฒนาการของล้านนา,3,3(3-0-6)
60304010,กลุ่มวิชาภาษา,12,ศท141,ภาษาอังกฤษพื้นฐาน 1,3,3(2-2-5)
60304010,กลุ่มวิชาภาษา,12,ศท142,ภาษาอังกฤษพื้นฐาน 2,3,3(2-2-5)
60304010,กลุ่มวิชาภาษา,12,ศท031,การใช้ภาษาไทย,3,3(2-2-5)
60304010,กลุ่มวิชาภาษา,12,ศท241,ภาษาอังกฤษเชิงวิทยาศาสตร์และเทคโนโลยี 1,3,3(2-2-5)
60304010,กลุ่มวิชาวิทยาศาสตร์และคณิตศาสตร์ (ผษ101),3,ผษ101,เกษตรเพื่อชีวิต,3,3(3-0-6)
60304010,กลุ่มวิชาวิทยาศาสตร์และคณิตศาสตร์ (ผษ101),3,ผษ101,เกษตรเพื่อชีวิต,3,3(3-0-6)
60304010,กลุ่มวิชาวิทยาศาสตร์และคณิตศาสตร์,3,วท101,วิทยาศาสตร์เพื่อชีวิต,3,3(2-2-5)
60304010,กลุ่มวิชาวิทยาศาสตร์และคณิตศาสตร์,3,วท102,การพัฒนาวิทยาศาสตร์และเทคโนโลยี,3,3(2-2-5)
60304010,กลุ่มวิชาวิทยาศาสตร์และคณิตศาสตร์,3,พง100,พลังงานสำหรับชีวิตประจำวัน,3,3(3-0-6)
60304010,กลุ่มวิชาวิทยาศาสตร์และคณิตศาสตร์,3,วอ101,วิศวกรรมเบื้องต้นในชีวิตประจำวัน,3,3(3-0-6)
60304010,กลุ่มวิชาวิทยาศาสตร์และคณิตศาสตร์,3,วอ102,นานาสาระเกี่ยวกับอาหารและยา,3,3(3-0-6)
60304010,กลุ่มวิชาวิทยาศาสตร์และคณิตศาสตร์,3,ศท014,การสืบค้นสารนิเทศเพื่อการศึกษา,3,3(2-2-5)
60304010,กลุ่มวิชาแกน 1,27,สต301,หลักสถิติ,3,3(3-0-6)
60304010,กลุ่มวิชาแกน 1,27,คศ101,แคลคูลัส 1,3,3(3-0-6)
60304010,กลุ่มวิชาแกน 1,27,คศ101,แคลคูลัส 1,3,3(3-0-6)
60304010,กลุ่มวิชาแกน 1,27,คพ111,วิทยาการคอมพิวเตอร์1,3,3(2-3-5)
60304010,กลุ่มวิชาแกน 1,27,คพ112,วิทยาการคอมพิวเตอร์ 2,3,3(2-3-5)
60304010,กลุ่มวิชาแกน 1,27,คพ121,ตรรกศาสตร์เชิงดิจิทัลและอุปกรณ์อัจฉริยะ,3,3(2-3-5)
60304010,กลุ่มวิชาแกน 1,27,คพ151,คณิตศาสตร์ดีสครีต,3,3(3-0-6)
60304010,กลุ่มวิชาแกน 1,27,คพ252,คณิตศาสตร์สำหรับวิทยาการคอมพิวเตอร์,3,3(3-0-6)
60304010,กลุ่มวิชาแกน 1,27,คพ392,การเป็นผู้ประกอบการทางด้านคอมพิวเตอร์และนวัตกรรม,3,3(2-3-5)
60304010,กลุ่มวิชาแกน 1,27,ศท242,ภาษาอังกฤษเชิงวิทยาศาสตร์และเทคโนโลยี 2,3,3(2-2-5)
60304010,กลุ่มวิชาแกน 1,27,คศ101,แคลคูลัส 1,3,3(3-0-6)
60304010,กลุ่มวิชาแกน 1,27,10700316,ภาษาอังกฤษเชิงวิทยาศาสตร์และเทคโนโลยีสีเขียวในชีวิตประจำวัน,3,3(2-2-5)
60304010,กลุ่มวิชาแกน 2,3,คม100,เคมีทั่วไป,3,3(2-3-5)
60304010,กลุ่มวิชาแกน 2,3,ฟส105,ฟิสิกส์ทั่วไป 1,3,3(2-3-5)
60304010,กลุ่มวิชาแกน 2,3,คม100,เคมีทั่วไป,3,3(2-3-5)
60304010,กลุ่มวิชาแกน 2,3,ชว100,ชีววิทยาทั่วไป,3,3(2-3-5)
60304010,กลุ่มวิชาเอกบังคับ,51,วท497,สหกิจศึกษา,9,9(0-270-0)
60304010,กลุ่มวิชาเอกบังคับ,51,วท498,การเรียนรู้อิสระ,9,9(0-270-0)
60304010,กลุ่มวิชาเอกบังคับ,51,วท499,การศึกษา หรือการฝึกงาน หรือฝึกอบรมต่างประเทศ,9,9(0-270-0)
60304010,กลุ่มวิชาเอกบังคับ,51,คพ117,หลักการเขียนโปรแกรมเชิงวัตถุ,3,3(2-3-5)
60304010,กลุ่มวิชาเอกบังคับ,51,คพ213,การวิเคราะห์และออกแบบอัลกอริทึม,3,3(2-3-5)
60304010,กลุ่มวิชาเอกบังคับ,51,คพ221,โครงสร้างข้อมูล,3,3(2-3-5)
60304010,กลุ่มวิชาเอกบังคับ,51,คพ222,การเขียนโปรแกรมมัลติมีเดีย,3,3(2-3-5)
60304010,กลุ่มวิชาเอกบังคับ,51,คพ231,ระบบคอมพิวเตอร์และภาษาแอสเซมบลี,1,1(0-3-1)
60304010,กลุ่มวิชาเอกบังคับ,51,คพ232,สถาปัตยกรรมคอมพิวเตอร์,3,3(2-3-5)
60304010,กลุ่มวิชาเอกบังคับ,51,คพ241,ระบบฐานข้อมูล,3,3(2-3-5)
60304010,กลุ่มวิชาเอกบังคับ,51,คพ313,การพัฒนาโปรแกรมประยุกต์บนเว็บ,3,3(2-3-5)
60304010,กลุ่มวิชาเอกบังคับ,51,คพ341,วิทยาการข้อมูล,3,3(2-3-5)
60304010,กลุ่มวิชาเอกบังคับ,51,คพ343,การวิเคราะห์และออกแบบเชิงวัตถุ,3,3(2-3-5)
60304010,กลุ่มวิชาเอกบังคับ,51,คพ344,การพัฒนาระบบซอฟต์แวร์เชิงวัตถุ,3,3(2-3-5)
60304010,กลุ่มวิชาเอกบังคับ,51,คพ320,ระบบปฏิบัติการ,3,3(2-3-5)
60304010,กลุ่มวิชาเอกบังคับ,51,คพ330,การสื่อสารข้อมูลและเครือข่ายคอมพิวเตอร์,3,3(2-3-5)
60304010,กลุ่มวิชาเอกบังคับ,51,คพ347,วิศวกรรมซอฟต์แวร์,3,3(2-3-5)
60304010,กลุ่มวิชาเอกบังคับ,51,คพ492,สัมมนาวิชาการทางวิทยาการคอมพิวเตอร์,1,1(0-2-1)
60304010,กลุ่มวิชาเอกบังคับ,51,คพ391,การบริหารโครงการคอมพิวเตอร์,1,1(1-0-2)
60304010,กลุ่มวิชาเอกเลือก,12,คพ494,หัวข้อพิเศษทางวิทยาการคอมพิวเตอร์ 1,3,3(2-3-5)
60304010,กลุ่มวิชาเอกเลือก,12,คพ495,หัวข้อพิเศษทางวิทยาการคอมพิวเตอร์ 2,3,3(2-3-5)
60304010,กลุ่มวิชาเอกเลือก,12,คพ363,คอมพิวเตอร์กราฟิกในการสื่อสารวิทยาศาสตร์,3,3(2-3-5)
60304010,กลุ่มวิชาเอกเลือก,12,คพ216,เทคนิคการเขียนโปรแกรมคอมพิวเตอร์,3,3(2-3-5)
60304010,กลุ่มวิชาเอกเลือก,12,คพ323,การประมวลผลแบบกลุ่มเมฆ,3,3(2-3-5)
60304010,กลุ่มวิชาเอกเลือก,12,คพ324,อิเล็กทรอนิกส์เบื้องต้น,3,3(2-3-5)
60304010,กลุ่มวิชาเอกเลือก,12,คพ333,วิทยาการสมองกลฝังตัว,3,3(2-3-5)
60304010,กลุ่มวิชาเอกเลือก,12,คพ334,อินเตอร์เน็ตในทุกสิ่ง,3,3(2-3-5)
60304010,กลุ่มวิชาเอกเลือก,12,คพ433,เครือข่ายคอมพิวเตอร์,3,3(2-3-5)
60304010,กลุ่มวิชาเอกเลือก,12,คพ435,สถาปัตยกรรมอุปกรณ์เคลื่อนที่,3,3(2-3-5)
60304010,กลุ่มวิชาเอกเลือก,12,คพ434,การเขียนโปรแกรมเครือข่าย,3,3(2-3-5)
60304010,กลุ่มวิชาเอกเลือก,12,คพ436,การพัฒนาซอฟต์แวร์บนอุปกรณ์เคลื่อนที่,3,3(2-3-5)
60304010,กลุ่มวิชาเอกเลือก,12,คพ437,การพัฒนาซอฟแวร์ทางเกษตรบนอุปกรณ์เคลื่อนที่,3,3(2-3-5)
60304010,กลุ่มวิชาเอกเลือก,12,คพ438,การเข้ารหัสและความปลอดภัยในเครือข่าย,3,3(2-3-5)
60304010,กลุ่มวิชาเอกเลือก,12,คพ439,ระบบเครือข่ายไร้สาย,3,3(2-3-5)
60304010,กลุ่มวิชาเอกเลือก,12,คพ345,ระบบเหมืองข้อมูล,3,3(2-3-5)
60304010,กลุ่มวิชาเอกเลือก,12,คพ346,ระบบธุรกิจอัจฉริยะ,3,3(2-3-5)
60304010,กลุ่มวิชาเอกเลือก,12,คพ441,การจำลองโดยคอมพิวเตอร์และการสร้างรูปแบบ,3,3(2-3-5)
60304010,กลุ่มวิชาเอกเลือก,12,คพ442,ระบบบริหารสารสนเทศเพื่อการจัดการ,3,3(2-3-5)
60304010,กลุ่มวิชาเอกเลือก,12,คพ447,ระบบสนับสนุนการตัดสินใจ,3,3(2-3-5)
60304010,กลุ่มวิชาเอกเลือก,12,คพ451,ทฤษฎีการคำนวณ,3,3(2-3-5)
60304010,กลุ่มวิชาเอกเลือก,12,คพ452,ปัญญาประดิษฐ์,3,3(2-3-5)
60304010,กลุ่มวิชาเอกเลือก,12,คพ453,การเรียนรู้ของเครื่องจักร,3,3(2-3-5)
60304010,กลุ่มวิชาเอกเลือก,12,คพ454,การวิเคราะห์ข้อมูลขนาดใหญ่,3,3(2-3-5)
60304010,กลุ่มวิชาเอกเลือก,12,คพ351,วิธีการนิวเมอริคัล,3,3(2-3-5)
60304010,กลุ่มวิชาเอกเลือก,12,คพ361,ระบบสารสนเทศภูมิศาสตร์เบื้องต้น,3,3(2-3-5)
60304010,กลุ่มวิชาเอกเลือก,12,คพ362,ฐานข้อมูลเชิงพื้นที่,3,3(2-3-5)
60304010,กลุ่มวิชาเอกเลือก,12,คพ455,เทคนิคการเขียนโปรแกรมทางคณิตศาสตร์,3,3(2-3-5)
60304010,กลุ่มวิชาเอกเลือก,12,คพ461,คอมพิวเตอร์กราฟิก,3,3(2-3-5)
60304010,กลุ่มวิชาเอกเลือก,12,คพ462,การประมวลผลเชิงภาพ,3,3(2-3-5)
