section_id,section,group_id,group,num_docs
1,เอกสารฝ่ายหลักสูตร,4,ข้อบังคับ/ระเบียบ/ประกาศ มหาวิทยาลัยแม่โจ้,79
1,เอกสารฝ่ายหลักสูตร,42,เอกสารสำหรับจัดทำรายวิชาหมวดศึกษาทั่วไป ฉบับ 2570,8
1,เอกสารฝ่ายหลักสูตร,43,ระบบเพื่อการรับรองมาตรฐานการอุดมศึกษา (CISA),4
1,เอกสารฝ่ายหลักสูตร,44,Template การจัดทำหลักสูตร OBE 2 MJU ฉบับปรับปรุง 2570,6
1,เอกสารฝ่ายหลักสูตร,28,ประกาศ/แนวปฏิบัติเอกสารเกี่ยวกับหลักสูตร,25
1,เอกสารฝ่ายหลักสูตร,22,ปฏิทินการเสนอหลักสูตร,9
1,เอกสารฝ่ายหลักสูตร,3,เอกสาร กรอบมาตรฐานคุณวุฒิระดับอุดมศึกษาแห่งชาติ (มคอ.),55
1,เอกสารฝ่ายหลักสูตร,17,ประกาศที่เกี่ยวข้องกับ TQF,5
1,เอกสารฝ่ายหลักสูตร,24,เอกสาร / Template การจัดทำหลักสูตร,20
1,เอกสารฝ่ายหลักสูตร,19,ปฏิทินการดำเนินงาน มคอ.,5
1,เอกสารฝ่ายหลักสูตร,25,เอกสารการพัฒนาสมรรถนะและประสิทธิภาพขอวิชาชีพอาจารย์,5
1,เอกสารฝ่ายหลักสูตร,37,เอกสารที่ใช้ในการวางแผนพัฒนาหลักสูตร (สถานการณ์ภายนอก),14
1,เอกสารฝ่ายหลักสูตร,27,ข้อมูลสำหรับระบบ CHECO,155
1,เอกสารฝ่ายหลักสูตร,20,รายชื่อคุณวุฒิที่รับรองจาก ก.ค.ศ.,24
1,เอกสารฝ่ายหลักสูตร,10,สถานภาพหลักสูตร,20
1,เอกสารฝ่ายหลักสูตร,6,เอกสารเกี่ยวกับรายวิชา,15
1,เอกสารฝ่ายหลักสูตร,23,คู่มือระบบ AUN-QA,1
1,เอกสารฝ่ายหลักสูตร,26,ขั้นตอนการเสนอหลักสูตร ฉบับปี 2561,1
2,เอกสารฝ่ายทะเบียน,13,ปฏิทินการศึกษา,7
2,เอกสารฝ่ายทะเบียน,41,รอบการอนุมัติวันที่สำเร็จการศึกษา,4
2,เอกสารฝ่ายทะเบียน,8,ขั้นตอนการทำงาน,7
2,เอกสารฝ่ายทะเบียน,30,ข้อมูลรายวิชา,1
2,เอกสารฝ่ายทะเบียน,11,ขั้นตอนการลงทะเบียนออนไลน์,9
2,เอกสารฝ่ายทะเบียน,31,เอกสาร & คู่มือ,2
2,เอกสารฝ่ายทะเบียน,21,เอกสารเผยแพร่,31
3,เอกสารฝ่ายบัณฑิตศึกษา,39,ประกาศมหาวิทยาลัยแม่โจ้,10
4,เอกสารฝ่ายสหกิจศึกษา,40,ข้อบังคับ ระเบียบ ประกาศ (สหกิจศึกษา),4
5,เอกสารกองบริหารงานสำนักฯ,14,งานธุรการ,15
5,เอกสารกองบริหารงานสำนักฯ,16,งานนโยบายและแผน,1
5,เอกสารกองบริหารงานสำนักฯ,15,งานคลังและพัสดุ,81
5,เอกสารกองบริหารงานสำนักฯ,36,เอกสาร Green Office,1
6,แบบฟอร์มสำหรับนักศึกษา,1,แบบฟอร์มสำหรับนักศึกษา,21
7,แบบฟอร์มสำหรับอาจารย์,7,แบบฟอร์มสำหรับอาจารย์,1
