course_code,version,course_code_full,title_th,credits,lecture_hours,lab_hours,self_study_hours,credit_format,owner_faculty,description_th,description_extra,edu_option_value,source_url
10100214,01,10100214-01,เกษตรเพื่อชีวิต,3,3,0,6,3(3-0-6),ผลิตกรรมการเกษตร,วิวัฒนาการ และความสำคัญของการเกษตร ความหลากหลายทางชีวภาพในระบบนิเวศวิทยา ปัจจัยด้านสิ่งแวดล้อมที่มีผลต่อปัจจัยการผลิตทางการเกษตร ระบบการเกษตร ทรัพยากรการผลิตด้านจุลินทรีย์ พืช สัตว์ ประมง: ความหลากหลายของทรัพยากร การนำมาใช้ประโยชน์ การจัดการและการอนุรักษ์ เพื่อการเกษตรที่ยั่งยืน และเป็นมิตรต่อสิ่งแวดล้อม การสื่อสารองค์ความรู้ทางการเกษตร การพัฒนาตามแนวพระราชดำริกับการเกษตร,,8895629,https://edu.mju.ac.th/www/CourseDescription.aspx
10100401,1,10100401-1,สัตว์ศัตรูเคหสถาน,3,2,3,5,3(2-3-5),ผลิตกรรมการเกษตร,"นิยาม ความสำคัญ ลักษณะสัณฐานวิทยา ชีววิทยา และนิเวศวิทยาของ
สัตว์ศัตรูเคหสถาน ได้แก่ แมลง สัตว์หลากขา หอยทากบก หนู นก และการป้องกันกำจัด",,8896176,https://edu.mju.ac.th/www/CourseDescription.aspx
10200503,01,10200503-01,การประยุกต์ใช้โปรแกรมสำเร็จรูปทางธุรกิจ,3,2,2,5,3(2-2-5),บริหารธุรกิจ,โปรแกรมสำเร็จรูปที่ใช้ทางธุรกิจ ประโยชน์ ข้อดี ข้อเสียและหลักการทำงานโดยทั่วไปของโปรแกรมสำเร็จรูป โดยจะศึกษาโปรแกรมสำเร็จรูปในกลุ่มของการประมวลผลคำ การทำงานโดยใช้กระดาษตาราง (Worksheet) และการสร้างงานเพื่อนำเสนองานในลักษณะต่างๆ ด้วยโปรแกรมสำเร็จรูป การประยุกต์ใช้เทคโนโลยีด้วยโปรแกรมสำเร็จรูปทางธุรกิจที่สามารถส่งเสริมการเป็นผู้ประกอบการ,,8895616,https://edu.mju.ac.th/www/CourseDescription.aspx
10200504,01,10200504-01,การเป็นผู้ประกอบการ,3,2,2,5,3(2-2-5),บริหารธุรกิจ,ศึกษาความหมายและแนวคิดของการเป็นผู้ประกอบการ คุณลักษณะและแรงบันดาลใจในการเป็นผู้ประกอบการ การคัดเลือกธุรกิจที่เหมาะสมกับผู้ประกอบการและการตั้งเป้าหมาย รวมถึงศึกษาภาพรวมของการเขียนแผนธุรกิจ,,8895618,https://edu.mju.ac.th/www/CourseDescription.aspx
10200505,01,10200505-01,การตลาดบนสมาร์ทโฟน,3,3,0,6,3(3-0-6),บริหารธุรกิจ,"ศึกษาหลักการพื้นฐานการทำการตลาดโดยใช้สมาร์ทโฟน ความก้าวหน้าของการตลาดดิจิทัล หลักการและตัวอย่างในการทำตลาดโดยเครื่องมือการทำตลาดโดยเนื้อหา (Content Marketing), เว๊บไซด์, สื่อสังคมออนไลน์, การทำตลาดด้วยอีเมล์, การทำการตลาดจากประสบการณ์ของผู้บริโภคและปัญญาประดิษฐ์ (Experience Marketing & AI), แอพลิเคชั่นเฉพาะของผลิตภัณฑ์ (Super App), เว็บโซด์สื่อกลางการติดต่อซื้อ-ขาย, ผู้มิอิทธิพลทางความคิดและ ประชาสัมพันธ์ออนไลน์",,8895619,https://edu.mju.ac.th/www/CourseDescription.aspx
10200506,01,10200506-01,การวางแผนการเงินในชีวิตประจำวัน,3,3,0,6,3(3-0-6),บริหารธุรกิจ,ศึกษาถึงความรู้เบื้องต้นเกี่ยวกับการบันทึกรายรับ รายจ่าย และงบการเงินส่วนบุคคล การออม การจัดหาแหล่งเงินทุน การขอสินเชื่อ การคำนวณดอกเบี้ย การลงทุน การสร้างความมั่งคั่งส่วนบุคคล,,8895621,https://edu.mju.ac.th/www/CourseDescription.aspx
10200507,01,10200507-01,ภาษีอากรสำหรับผู้ประกอบการ,3,3,0,6,3(3-0-6),บริหารธุรกิจ,บทบาทของการภาษีอากรต่อองค์กรธุรกิจ ความสำคัญของภาษีอากรสำหรับผู้ประกอบการ หลักเกณฑ์ กฎหมาย วิธีการประเมิน และการจัดเก็บภาษีอากรของผู้ประกอบการ ซึ่งได้แก่ ภาษีเงินได้บุคคลธรรมดา ภาษีเงินได้หัก ณ ที่จ่าย ภาษีธุรกิจเฉพาะ ภาษีมูลค่าเพิ่ม ภาษีเงินได้นิติบุคคล อากรแสตมป์ และภาษีท้องถิ่นอื่นๆ,,8895622,https://edu.mju.ac.th/www/CourseDescription.aspx
10300402,01,10300402-01,การใช้ชีวิตในสังคมดิจิทัล,3,2,2,5,3(2-2-5),วิทยาศาสตร์,ศึกษาเกี่ยวกับแนวคิดเกี่ยวกับความเข้าใจและการใช้ดิจิทัล สิทธิและความรับผิดชอบ การใช้ชีวิตในสังคมดิจิทัล ความสำคัญของข้อมูลสารสนเทศ การเข้าถึงแหล่งข้อมูล การพัฒนาทักษะในการสืบค้นและอ้างอิงข้อมูล การใช้และจัดการสารสนเทศได้อย่างถูกต้องและมีประสิทธิภาพ และมีวิจารณญาณ ตระหนักในจรรยาบรรณและผลกระทบที่มีต่อบุคคลและสังคม รวมทั้งกฎหมายที่เกี่ยวข้อง,,8895597,https://edu.mju.ac.th/www/CourseDescription.aspx
10300403,01,10300403-01,โปรแกรมสำเร็จรูปเพื่อการศึกษา,3,2,2,5,3(2-2-5),วิทยาศาสตร์,ศึกษาเกี่ยวกับการใช้โปรแกรมประยุกต์ที่ใช้งานแพร่หลายสำหรับการศึกษา ได้แก่ โปรแกรมการประมวลผลคำ โปรแกรมตารางคำนวณ โปรแกรมนำเสนอผลงาน และโปรแกรมอื่นๆ ที่น่าสนใจ รวมทั้งการทำความเข้าใจหน้าที่การทำงานของแต่ละโปรแกรม และ การเลือกเครื่องมือที่เหมาะสมในการทำงาน,,8895598,https://edu.mju.ac.th/www/CourseDescription.aspx
10300404,01,10300404-01,การตัดสินใจในชีวิตประจำวัน,3,3,0,6,3(3-0-6),วิทยาศาสตร์,ความหมายของการตัดสินใจ กระบวนการตัดสินใจ ข้อมูลและสารสนเทศ การวิเคราะห์ข้อมูลเบื้องต้น การตัดสินใจภายใต้ความแน่นอน การตัดสินใจภายใต้ความเสี่ยง การตัดสินใจภายใต้ความไม่แน่นอน สารสนเทศเพื่อการตัดสินใจ,,8895599,https://edu.mju.ac.th/www/CourseDescription.aspx
10300405,01,10300405-01,การคำนวณทางธุรกิจและการลงทุนสำหรับผู้ประกอบการยุคใหม่,3,2,2,5,3(2-2-5),วิทยาศาสตร์,ความรู้เบื้องต้นสำหรับผู้ประกอบการยุคใหม่ การคำนวณอัตราดอกเบี้ย การคำนวณภาษี มูลค่าของเงินและเงินงวด การคำนวณสินเชื่อ การวิเคราะห์จุดคุ้มทุน ผลตอบแทนและความเสี่ยงจากการลงทุน ค่าเสื่อมราคา แหล่งเทคโนโลยีสารสนเทศทางธุรกิจและการลงทุน การใช้โปรแกรมสำเร็จรูปช่วยในการคำนวณ กรณีศึกษาและการประยุกต์ใช้ แก้ปัญหาทางธุรกิจและการลงทุนของผู้ประกอบการ,,8895600,https://edu.mju.ac.th/www/CourseDescription.aspx
10300409,01,10300409-01,คณิตศาสตร์เพื่อชีวิตสมัยใหม่,3,3,0,6,3(3-0-6),วิทยาศาสตร์,ธรรมชาติของคณิตศาสตร์ คณิตศาสตร์ในทางการเงิน วิทยาศาสตร์ธรรมชาติและศิลปะ วิทยาศาสตร์การตัดสินใจ และเทคโนโลยีการสื่อสาร คณิตศาสตร์เพื่อความมีประสิทธิภาพ และการประยุกต์ใช้สำหรับการใช้ชีวิต การทำงาน และปัญหาที่เกี่ยวข้องกับการเกษตร,,8895604,https://edu.mju.ac.th/www/CourseDescription.aspx
10300410,01,10300410-01,ความฉลาดรู้ด้านวิทยาศาสตร์สำหรับโลกสมัยใหม่,3,3,0,6,3(3-0-6),วิทยาศาสตร์,การวิจารณ์สารสนเทศเชิงปริมาณทางด้านวิทยาศาสตร์และเทคโนโลยี วิธีการทางวิทยาศาสตร์และคณิตศาสตร์ ศักยภาพและข้อจำกัดของวิทยาศาสตร์และเทคโนโลยี การให้เหตุผลทางสถิติเพื่ออธิบายและแปรผลข้อมูล และการประยุกต์ใช้ทักษะการให้เหตุผลเชิงวิเคราะห์ทางวิทยาศาสตร์และคณิตศาสตร์กับประเด็นเหตุการณ์สำคัญในโลกปัจจุบัน,,8895605,https://edu.mju.ac.th/www/CourseDescription.aspx
10300411,01,10300411-01,วิทยาศาสตร์เพื่อชีวิต,3,2,2,5,3(2-2-5),วิทยาศาสตร์,เป็นการศึกษาวิทยาศาสตร์โดยรวมที่มีผลกระทบต่อชีวิตทั้งบวกและลบ บทบาทวิทยาศาสตร์ต่อชีวิต มนุษย์และเอกภพ ภูมิอากาศและภัยพิบัติ พลังงานกับชีวิตประจำวัน มนุษย์ สิ่งแวดล้อมและปัญหาด้านสิ่งแวดล้อม เคมีในอาหาร ผลิตภัณฑ์เคมีในชีวิตประจำวัน เทคโนโลยีชีวภาพในชีวิตประจำวัน สิ่งมีชีวิตดัดแปลงพันธุกรรมและผลกระทบ คณิตศาสตร์ในชีวิตประจำวัน คณิตศาสตร์เพื่อการตัดสินใจในสังคมยุคใหม่ สถิติในชีวิตประจำวัน เทคโนโลยีสารสนเทศในชีวิตประจำวัน เทคโนโลยีสารสนเทศเพื่อการสนับสนุนสังคม,,8895606,https://edu.mju.ac.th/www/CourseDescription.aspx
10300412,01,10300412-01,การพัฒนาวิทยาศาสตร์และเทคโนโลยี,3,2,2,5,3(2-2-5),วิทยาศาสตร์,กระบวนการเรียนรู้ธรรมชาติของมนุษย์ตั้งแต่ยุคแรกเริ่ม วิวัฒนาการของวิทยาศาสตร์และเทคโนโลยีที่ก่อให้เกิดเศรษฐกิจในยุคต่างๆ ได้แก่ ยุคแห่งการเกษตร (Agriculture Economy) ยุคอุตสาหกรรม (Industrial Economy) ยุคสารสนเทศ (Information Economy) ยุคแห่งโมเลกุล Molecular Economy) นาโนเทคโนโลยี การพัฒนาการของวิทยาศาสตร์ในด้านบริการเพื่อชีวิตประจำวัน การพัฒนาด้านวัสดุศาสตร์ โลหะ เซรามิก พอลิเมอร์ สิ่งทอและด้านอื่น ๆ การค้นคว้าด้านสมุนไพรและการให้ความสำคัญกับภูมิปัญญาท้องถิ่นสู่อุตสาหกรรมยาในอนาคต ชีวสารสนเทศทางด้านการเกษตรและอุตสาหกรรม พัฒนาการด้านจีโนมนุษย์และชีวสารสนเทศ โปรตีนและการประยุกต์ใช้ทางการแพทย์ เทคโนโลยีฉลาด ปัญญาประดิษฐ์ และการบูรณาการวิทยาศาสตร์และเทคโนโลยี,,8895607,https://edu.mju.ac.th/www/CourseDescription.aspx
10300413,01,10300413-01,วิทยาศาสตร์รอบตัวในศตวรรษที่ 21,3,2,2,5,3(2-2-5),วิทยาศาสตร์,พัฒนาทักษะศตวรรษที่ 21 เช่น การแสดงความคิดสร้างสรรค์และนวัตกรรม การคิดอย่างมีวิจารณญาณ การสื่อสาร และการทำงานร่วมกับผู้อื่น เป็นต้น และประยุกต์ใช้ทักษะศตวรรษที่ 21 ในชีวิตประจำวัน เกี่ยวกับวิทยาศาสตร์ของพอลิเมอร์ สิ่งทอ และของรอบตัว วิทยาศาสตร์เคมีภัณฑ์และเทคโนโลยีเพื่อสุขภาพ พลังงานและการเกษตร เทคโนโลยีโลหกรรม ผลิตภัณฑ์แก้วและเซรามิกส์,,8895608,https://edu.mju.ac.th/www/CourseDescription.aspx
10300497,1,10300497-1,สหกิจศึกษา,6,0,270,0,6(0-270-0),วิทยาศาสตร์,การปฏิบัติงานจริงเสมือนหนึ่งเป็นพนักงานในสถานประกอบการที่มีการดำเนินงานเกี่ยวข้องกับสาขาวิชาที่ศึกษาอยู่เป็นระยะเวลา ไม่น้อยกว่า 16 สัปดาห์ต่อเนื่อง นักศึกษาจะต้องผ่านการอบรม เตรียมความพร้อมก่อนไปปฏิบัติงานสหกิจศึกษา ต้องจัดทำรายงาน ผลการปฏิบัติงานสหกิจศึกษา และนำเสนอผลงานในการสัมมนาระหว่างนักศึกษา อาจารย์ที่ปรึกษา หรือ อาจารย์นิเทศ หลังจากเสร็จสิ้นการปฏิบัติงานแล้ว,,8896442,https://edu.mju.ac.th/www/CourseDescription.aspx
10300498,1,10300498-1,การเรียนรู้อิสระ,6,0,270,0,6(0-270-0),วิทยาศาสตร์,การวิจัยหรือศึกษาหรือทำโครงงานวิชาชีพ ในสาขาวิชาที่เกี่ยวข้อง อาจมีการฝึกอบรมเพื่อเสริมสร้างความรู้ในการทำวิจัยหรือศึกษาหรือทำโครงงานวิชาชีพได้ตามความเหมาะสมภายใต้การกำกับดูแลของอาจารย์ที่ปรึกษาการเรียนรู้อิสระ นักศึกษาต้องเขียนโครงการหรือโครงร่างการเรียนรู้อิสระ ส่งรายงานฉบับสมบูรณ์ และนำเสนอผลงานภายใน 1 ภาคการศึกษา,,8896443,https://edu.mju.ac.th/www/CourseDescription.aspx
10300499,1,10300499-1,การศึกษา หรือ ฝึกงาน หรือ ฝึกอบรมต่างประเทศ,6,0,270,0,6(0-270-0),วิทยาศาสตร์,การศึกษา หรือ ฝึกงาน หรือ ฝึกอบรมต่างประเทศ ในสาขาวิชาที่เกี่ยวข้อง นักศึกษาต้องเขียน โครงการศึกษา ส่งรายงานฉบับสมบูรณ์ และนำเสนอผลงาน โดยทุกขั้นตอนอยู่ในความเห็นชอบของ อาจารย์ที่ปรึกษาวิชาการศึกษา หรือ ฝึกงาน หรือ ฝึกอบรมต่างประเทศ,,8896469,https://edu.mju.ac.th/www/CourseDescription.aspx
10301111,1,10301111-1,การเขียนโปรแกรมเบื้องต้น,3,2,3,5,3(2-3-5),วิทยาศาสตร์,หลักการเขียนโปรแกรมเบื้องต้น อัลกอริทึม โครงสร้างของโปรแกรม การเขียนผังงาน มาตรฐานตัวแปร ชนิดข้อมูลการคำนวณทางคณิตศาสตร์และลอจิก การเขียนโปรแกรมรับข้อมูลและแสดงผล การเขียนโปรแกรมแบบเงื่อนไข การเขียนโปรแกรมแบบวนซ้ำ,การประมวลผลข้อมูล(ข้อความ/ไฟล์) การสร้างฟังก์ชัน โครงสร้างข้อมูล การใช้งานไลบราลี่ต่าง ๆ,8896352,https://edu.mju.ac.th/www/CourseDescription.aspx
10301111,7001,10301111-7001,พื้นฐานการเขียนโปรแกรม,3,2,3,5,3(2-3-5),วิทยาศาสตร์,หลักการเขียนโปรแกรมเบื้องต้น อัลกอริทึม โครงสร้างของโปรแกรม การเขียนผังงาน มาตรฐานตัวแปร ชนิดข้อมูล การคำนวณทางคณิตศาสตร์และลอจิก การเขียนโปรแกรมรับข้อมูลและแสดงผล การเขียนโปรแกรมแบบเงื่อนไข การเขียนโปรแกรมแบบวนซ้ำ การประมวลผลข้อมูล(ข้อความ/ไฟล์ข้อความ) การสร้างฟังก์ชัน โครงสร้างข้อมูล การใช้งานไลบราลี่ การพัฒนาทักษะในการโปรแกรม การแก้ปัญหาด้วยการโปรแกรมคอมพิวเตอร์ การใช้โครงสร้างข้อมูลและขั้นตอนวิธีเพื่อแก้ปัญหาให้เหมาะสม การใช้งานเครื่องมือสำหรับพัฒนาโปรแกรมภาษาที่เหมาะสม,,8900493,https://edu.mju.ac.th/www/CourseDescription.aspx
10301112,1,10301112-1,เทคโนโลยีสารสนเทศและการสื่อสาร,3,2,3,5,3(2-3-5),วิทยาศาสตร์,"ระบบสารสนเทศ โปรแกรมสำนักงานพื้นฐาน การทำงานด้านเอกสาร งานด้าน
การคำนวณและวิเคราะห์ข้อมูล หลักการสืบค้นรวบรวมและอ้างอิงข้อมูล การป้องกันข้อมูล
ในระบบคอมพิวเตอร์ บทบาทสื่อสังคมออนไลน์",ทฤษฎีและองค์ประกอบการออกแบบมัลติมีเดีย การนำเสนอข้อมูล การสร้างสรรค์ผลงานด้านดิจิทัลเพื่อสื่อสารกับกลุ่มเป้าหมายในรูปแบบต่าง ๆ ทั้งข้อความ รูปภาพ วิดีโอ และข้อมูลเชิงภาพ,8896365,https://edu.mju.ac.th/www/CourseDescription.aspx
10301112,7001,10301112-7001,เทคโนโลยีสารสนเทศและการสื่อสาร,0,0,0,0,0(0-0-0),วิทยาศาสตร์,ทักษะคอมพิวเตอร์ ฮาร์ดแวร์ ระบบเครือข่ายและอินเทอร์เน็ต การสืบค้นข้อมูล ทักษะการใช้โปรแกรมคอมพิวเตอร์ การทำงานร่วมกัน การประมวลผลคำ การนำเสนอ ตารางคำนวณ สื่อผสม การรู้เท่าทันสื่อ การรู้สารสนเทศ ปัญญาประดิษฐ์ และเทคโนโลยีในอนาคต,,8900494,https://edu.mju.ac.th/www/CourseDescription.aspx
10301113,1,10301113-1,คณิตศาสตร์ดีสครีต,3,3,0,6,3(3-0-6),วิทยาศาสตร์,ทฤษฎีเซต ตรรกศาสตร์ ความสัมพันธ์และฟังก์ชัน การนับ การเรียงสับเปลี่ยนและการจัดกลุ่ม ความสัมพันธ์เวียนเกิด ต้นไม้และการเรียงลำดับ กราฟและการประยุกต์ใช้ อัลกอริทึมข่ายงาน พีชคณิตบูลีน ออโตเมตา,,8896353,https://edu.mju.ac.th/www/CourseDescription.aspx
10301114,1,10301114-1,องค์ประกอบและสถาปัตยกรรมคอมพิวเตอร์,3,2,3,5,3(2-3-5),วิทยาศาสตร์,"แนวคิดพื้นฐานของการจัดองค์ประกอบและสถาปัตยกรรมคอมพิวเตอร์ โครงสร้างและการทำงานของระบบคอมพิวเตอร์ หน่วยประมวลผลกลาง หน่วยความจำ ระบบของ
การนําเข้าและการแสดงผล ระบบตัวเลขฐาน","การออกแบบหน่วยตรรกะและหน่วยควบคุม หลักการทำงานและออกแบบด้านวงจรดิจิทัลและวงจรอิเล็กทรอนิกส์ การทำงานไมโครโพรเซสเซอร์เบื้องต้น สำหรับไอโอที วงจรรวม ชุดของคำสั่งเครื่อง การวัดสมรรถนะ
ของคอมพิวเตอร์ ระบบปฏิบัติการ เชลล์ สคริปต์ ผู้ใช้ขั้นสูง ไอทีซัพพอร์ท",8896368,https://edu.mju.ac.th/www/CourseDescription.aspx
10301114,7001,10301114-7001,องค์ประกอบและสถาปัตยกรรมคอมพิวเตอร์,0,0,0,0,0(0-0-0),วิทยาศาสตร์,แนวคิดพื้นฐานของการจัดองค์ประกอบและสถาปัตยกรรมคอมพิวเตอร์ โครงสร้างและการทำงานของระบบคอมพิวเตอร์ หน่วยประมวลผลกลาง หน่วยความจำ ระบบของการนําเข้าและการแสดงผล ระบบตัวเลขฐาน การออกแบบหน่วยตรรกะและหน่วยควบคุม หลักการทำงานและออกแบบด้านวงจรดิจิทัลและวงจรอิเล็กทรอนิกส์ การต่อวงจรอิเล็กทรอนิกส์พื้นฐาน เซ็นเซอร์ การเขียนโปรแกรมโดยใช้ภาษาระดับสูงสำหรับไมโครคอนโทรลเลอร์ การทำงานไมโครโพรเซสเซอร์เบื้องต้น วงจรรวม ชุดของคำสั่งเครื่อง ระบบปฏิบัติการ การวัดสมรรถนะของคอมพิวเตอร์,,8900498,https://edu.mju.ac.th/www/CourseDescription.aspx
10301115,7001,10301115-7001,คณิตศาสตร์สำหรับวิทยาการคอมพิวเตอร์,3,3,0,6,3(3-0-6),วิทยาศาสตร์,"การกำหนดของตัวเลข ระบบเลขมีหลักและเลขไม่มีหลัก ฐานของระบบตัวเลข ระบบเลขฐาน 10, 2, 8, 16 การเปลี่ยนฐานของตัวเลข การบวก ลบ คูณ และหารเลขในฐานต่างๆ การคิดโมดูลัสของเลขแต่ละระบบ เซต ตรรกศาสตร์ พีชคณิตบูลลียน เมทริกซ์ ระบบสมการเชิงเส้นและดีเทอร์มิแนนต์ ลิมิตของฟังก์ชัน และอนุพันธ์",,8900495,https://edu.mju.ac.th/www/CourseDescription.aspx
10301141,1,10301141-1,เครือข่ายคอมพิวเตอร์เบื้องต้น,3,2,3,5,3(2-3-5),วิทยาศาสตร์,แนวคิดและทฤษฎีการสื่อสารข้อมูล แบบจำลองโอเอสไอ ทีซีพี/ไอพี ระบบเครือข่ายคอมพิวเตอร์ รูปร่างเครือข่าย อินเทอร์เน็ตโพรโทคอล อุปกรณ์เครือข่าย,"สื่อนำสัญญาณ หมายเลขแมค หมายเลขไอพี การออกแบบและการประยุกต์ใช้งานเครือข่าย ความปลอดภัย
ในเครือข่าย อุปกรณ์เครือข่าย สื่อนำสัญญาณไร้สาย",8896370,https://edu.mju.ac.th/www/CourseDescription.aspx
10301141,7001,10301141-7001,การพัฒนาเว็บแอปพลิเคชัน,3,2,3,5,3(2-3-5),วิทยาศาสตร์,การออกแบบและพัฒนาเว็บส่วนหน้าด้วยภาษาเอชทีเอ็มแอล ซีเอสเอส และจาวาสคริปต์ การใช้เฟรมเวิร์กและเครื่องมือ การประยุกต์ใช้ปัญญาประดิษฐ์ในการสร้างและปรับปรุงองค์ประกอบเว็บ การเพิ่มประสิทธิภาพการตอบสนองของส่วนติดต่อผู้ใช้และประสบการณ์ผู้ใช้ การประเมินคุณภาพและความมั่นคงปลอดภัยของเว็บแอปพลิเคชัน,,8900499,https://edu.mju.ac.th/www/CourseDescription.aspx
10301151,7001,10301151-7001,เครือข่ายคอมพิวเตอร์เบื้องต้น,3,2,3,5,3(2-3-5),วิทยาศาสตร์,แนวคิดและทฤษฎีการสื่อสารข้อมูล แบบจำลองการสื่อสารโอเอสไอ โปรโตคอลทีซีพีไอพี สถาปัตยกรรมเครือข่ายคอมพิวเตอร์ โครงสร้างและรูปแบบเครือข่าย อินเทอร์เน็ตโพรโทคอล อุปกรณ์เครือข่ายพื้นฐาน อุปกรณ์เครือข่ายไร้สาย สื่อนำสัญญาณมีสายและไร้สาย หมายเลขแมคและหมายเลขไอพี การจัดสรรและการกำหนดเส้นทางไอพี การเขียนโปรแกรมเครือข่ายเบื้องต้น การประยุกต์ใช้ซ็อกเก็ตโปรแกรมมิง การออกแบบระบบเครือข่ายคอมพิวเตอร์ การติดตั้งและการปรับแต่งอุปกรณ์เครือข่าย การทดสอบและการแก้ปัญหาเครือข่าย การบริหารจัดการทราฟฟิกเครือข่าย ความปลอดภัยในเครือข่ายเบื้องต้น การป้องกันภัยคุกคามไซเบอร์ การวิเคราะห์ช่องโหว่ด้านเครือข่าย การจัดการสิทธิ์การเข้าถึงระบบ,,8900500,https://edu.mju.ac.th/www/CourseDescription.aspx
10301211,1,10301211-1,คณิตศาสตร์สำหรับวิทยาการคอมพิวเตอร์,3,3,0,6,3(3-0-6),วิทยาศาสตร์,"ความรู้เบื้องต้นเกี่ยวกับเมตริกซ์ การดำเนินการของเมตริกซ์ การดำเนิน
การตามแถวและหลัก รูปแบบแอชชิลอนของเมตริกซ์ ระบบสมการเชิงเส้น ดีเทอร์มิแนนท์ ปริภูมิเวกเตอร์ การโปรแกรมเชิงเส้น",,8896360,https://edu.mju.ac.th/www/CourseDescription.aspx
10301211,7001,10301211-7001,หลักการเขียนโปรแกรมเชิงวัตถุ,3,2,3,5,3(2-3-5),วิทยาศาสตร์,หลักการเขียนโปรแกรม โครงสร้างของภาษา ชนิดข้อมูล แบบชนิดข้อมูลนามธรรม ความคิดรวบยอดการโปรแกรมเชิงวัตถุ คลาส แพ็กเกจ วัตถุ คุณสมบัติ การห่อหุ้ม โพลิมอร์ฟิซึม โอเวอร์โหลดดิง โอเวอร์ไรดดิง การสืบทอดคุณสมบัติ การตรวจสอบข้อผิดพลาด,,8900496,https://edu.mju.ac.th/www/CourseDescription.aspx
10301212,1,10301212-1,การเขียนโปรแกรมและทักษะการแก้ปัญหา,3,2,3,5,3(2-3-5),วิทยาศาสตร์,การพัฒนาทักษะในการโปรแกรม การแก้ปัญหาด้วยการโปรแกรมคอมพิวเตอร์ การใช้โครงสร้างข้อมูลและขั้นตอนวิธีเพื่อแก้ปัญหาให้เหมาะสม การใช้งานเครื่องมือสำหรับพัฒนาโปรแกรมภาษาต่าง ๆ ที่เหมาะสม,,8896430,https://edu.mju.ac.th/www/CourseDescription.aspx
10301221,1,10301221-1,การวิเคราะห์และออกแบบเชิงวัตถุ,3,2,3,5,3(2-3-5),วิทยาศาสตร์,"วัฏจักรการพัฒนาระบบ บทบาทและคุณสมบัติของนักวิเคราะห์ระบบ 
การคาดการณ์ความเป็นไปได้ การระบุปัญหา ความต้องการผู้ใช้ รูปแบบการแก้ปัญหา พื้นฐาน","การวิเคราะห์และออกแบบระบบเชิงโครงสร้าง การวิเคราะห์เชิงวัตถุ การออกแบบเชิงวัตถุ 
การเชื่อมความสัมพันธ์ของวัตถุ การออกแบบส่วนติดต่อผู้ใช้",8896431,https://edu.mju.ac.th/www/CourseDescription.aspx
10301221,7001,10301221-7001,โครงสร้างข้อมูลและอัลกอริทึม,3,2,3,5,3(2-3-5),วิทยาศาสตร์,ต้นแบบอัลกอริทึมการวิเคราะห์ ชนิดข้อมูลพื้นฐาน โครงสร้างข้อมูลแบบเชิงเส้น โครงสร้างข้อมูลแบบไม่มีเชิงเส้น แถวลำดับ คิว ลิงค์ลิสต์ โครงสร้างต้นไม้ กราฟ การค้นข้อมูล การเรียงลำดับข้อมูล ฟังก์ชันของเวลาเชิงซับซ้อน การแบ่งแยกและเอาชนะ หลักการกำหนดการพลวัต อัลกอริทึมแบบละโมภ เอ็นพีบริบูรณ์,,8900501,https://edu.mju.ac.th/www/CourseDescription.aspx
10301222,1,10301222-1,โครงสร้างข้อมูลและอัลกอริทึม,3,2,3,5,3(2-3-5),วิทยาศาสตร์,ต้นแบบอัลกอริทึมการวิเคราะห์ โครงสร้างข้อมูลแบบเชิงเส้น โครงสร้างข้อมูลแบบไม่มีเชิงเส้น แถวลำดับ คิว ลิงค์ลิสต์ โครงสร้างต้นไม้ กราฟ การค้นข้อมูล การเรียงลำดับข้อมูล ฟังก์ชันของเวลาเชิงซับซ้อน การแบ่งแยกและเอาชนะ หลักการกำหนดการพลวัต อัลกอริทึมแบบละโมภ เอ็นพีบริบูรณ์,,8896434,https://edu.mju.ac.th/www/CourseDescription.aspx
10301222,7001,10301222-7001,ระบบฐานข้อมูล,3,2,3,5,3(2-3-5),วิทยาศาสตร์,หลักการและสถาปัตยกรรมระบบฐานข้อมูล การสร้างและใช้แบบจำลองข้อมูล การออกแบบฐานข้อมูลเชิงสัมพันธ์ การทำให้อยู่ในรูปแบบปกติ ภาษาเอสคิวแอล การบริหารจัดการฐานข้อมูล การปรับปรุงประสิทธิภาพการทำงาน ความมั่นคงปลอดภัยของข้อมูล การสำรองและกู้คืนข้อมูล หลักการและประเภทของฐานข้อมูลโนเอสคิวแอล การออกแบบและการจัดการฐานข้อมูลโนเอสคิวแอล การประยุกต์ใช้ฐานข้อมูลโนเอสคิวแอลในระบบสมัยใหม่ ฐานข้อมูลบนคลาวด์,,8900502,https://edu.mju.ac.th/www/CourseDescription.aspx
10301223,1,10301223-1,ฐานข้อมูลโครงสร้างเชิงสัมพันธ์,3,2,3,5,3(2-3-5),วิทยาศาสตร์,"การออกแบบและประยุกต์ใช้งานด้านระบบฐานข้อมูล พีชคณิตเชิงสัมพันธ์ แบบจำลองข้อมูล กระบวนการนอร์มัลไลเซชั่น ภาษาสำหรับการสืบค้น (เอสคิวแอล การรวบรวมชุดคำสั่ง ) การประมวลผลการสืบค้น (การเชื่อมโยง, การเรียงลำดับ, การรวม, การเพิ่มประสิทธิภาพ)",,8896435,https://edu.mju.ac.th/www/CourseDescription.aspx
10301223,7001,10301223-7001,การวิเคราะห์และออกแบบเชิงวัตถุ,3,2,3,5,3(2-3-5),วิทยาศาสตร์,วัฏจักรการพัฒนาระบบ บทบาทและคุณสมบัติของนักวิเคราะห์ระบบ การคาดการณ์ความเป็นไปได้ การระบุปัญหา ความต้องการผู้ใช้ รูปแบบการแก้ปัญหา การวิเคราะห์เชิงวัตถุ การออกแบบเชิงวัตถุ การเชื่อมความสัมพันธ์ของวัตถุ การออกแบบส่วนติดต่อผู้ใช้ การจัดทำเอกสาร,,8900503,https://edu.mju.ac.th/www/CourseDescription.aspx
10301224,1,10301224-1,ฐานข้อมูลแบบไม่มีโครงสร้าง,3,2,3,5,3(2-3-5),วิทยาศาสตร์,"พื้นฐานของฐานข้อมูลไม่มีโครงสร้าง การออกแบบ พัฒนาโปรแกรมฐานข้อมูล
โนเอสคิวแอล ฐานข้อมูลแบบเอกสาร ฐานข้อมูลแบบกราฟ ฐานข้อมูลแบบค่าคีย์ ฐานข้อมูล
แบบไม่จำกัดคอลัมภ์ ฐานข้อมูลเชิงวัตถุ การออกแบบแอปพลิเคชันเพื่อความน่าเชื่อถือ สามารถ
ขยายต่อยอดและบำรุงรักษาต่อได้",,8896436,https://edu.mju.ac.th/www/CourseDescription.aspx
10301225,1,10301225-1,วิศวกรรมซอฟต์แวร์,3,2,3,5,3(2-3-5),วิทยาศาสตร์,การวิเคราะห์และออกแบบซอฟต์แวร์เบื้องต้น บทบาทและคุณสมบัติของทีมพัฒนาซอฟต์แวร์ วัฏจักรของการพัฒนาซอฟต์แวร์ ตัวแบบกระบวนการการพัฒนาซอฟต์แวร์ การทดสอบซอฟต์แวร์ วิศวกรรมซอฟต์แวร์ใช้คอมพิวเตอร์ช่วย เอกสารการพัฒนาซอฟต์แวร์ มาตรฐานไอเอสโอ,,8896437,https://edu.mju.ac.th/www/CourseDescription.aspx
10301231,1,10301231-1,เว็บเทคโนโลยี,3,2,3,5,3(2-3-5),วิทยาศาสตร์,แนวคิดพื้นฐานในการออกแบบประสบการณ์ของผู้ใช้งานและส่วนติดต่อระหว่างผู้ใช้กับระบบ กระบวนการออกแบบประสบการณ์ของผู้ใช้งาน การสร้างแบบร่างและต้นแบบ,การวิจัยด้านประสบการณ์ของผู้ใช้งานและทดสอบแนวคิดเบื้องต้น การออกแบบเว็บที่ตอบสนอง ภาษาเอชทีเอ็มแอล ซีเอสเอส จาวาสคริปต์ และชุด เฟรมเวิร์กของส่วนการแสดงผล,8896438,https://edu.mju.ac.th/www/CourseDescription.aspx
10301231,7001,10301231-7001,ปัญญาประดิษฐ์,3,2,3,5,3(2-3-5),วิทยาศาสตร์,ความคิดรวมยอด และวิธีการพื้นฐานของปัญญาประดิษฐ์ในมุมมองของวิทยาการคอมพิวเตอร์ การเลือกข้อมูลเพื่อแสดงผล และอัลกอริทึมที่เป็นประโยชน์ในการออกแบบระบบปัญญาประดิษฐ์ ภาษาทางด้านปัญญาประดิษฐ์,,8900504,https://edu.mju.ac.th/www/CourseDescription.aspx
10301232,1,10301232-1,การพัฒนาระบบฝั่งเซิร์ฟเวอร์,3,2,3,5,3(2-3-5),วิทยาศาสตร์,"แสดงให้เห็นถึงความเข้าใจในแนวคิดฝั่งเซิร์ฟเวอร์ การสร้างและกำหนดค่าเซิร์ฟเวอร์ส่วนหลังโดยใช้เฟรมเวิร์ก การสร้างรูปแบบสถาปัตยกรรมการจัดการข้อมูลสำหรับ
ส่วนการแสดงผล เพื่อเข้าถึงบริการแบ็กเอนด์ การรับรองความถูกต้องและความปลอดภัย",,8896439,https://edu.mju.ac.th/www/CourseDescription.aspx
10301233,1,10301233-1,การพัฒนาซอฟต์แวร์บนอุปกรณ์เคลื่อนที่,3,2,3,5,3(2-3-5),วิทยาศาสตร์,"การติดต่อกับผู้ใช้ผ่านแอปพลิเคชันบนอุปกรณ์เคลื่อนที่ การให้บริการ และ
การจัดเก็บ หรือการดึงข้อมูล เซ็นเซอร์ต่าง ๆ ซึ่งสนับสนุนในส่วนของแอปพลิเคชันบนอุปกรณ์เคลื่อนที่ โครงสร้าง เปรียบเทียบความเหมือน และความแตกต่างระหว่างแอปพลิเคชันบนเครื่องคอมพิวเตอร์แบบตั้งโต๊ะ และแบบอุปกรณ์เคลื่อนที่ เปรียบเทียบความแตกต่าง และจุดเด่น
ของโปรแกรมบนอุปกรณ์เคลื่อนที่ ที่ได้รับความนิยมเรียนรู้เครื่องมือใหม่ในการพัฒนา
แอปพลิเคชันบนอุปกรณ์เคลื่อนที่ เข้าใจความแตกต่างของการโปรแกรมด้วยภาษาหลักและ
แบบเว็บแอปพลิเคชัน",,8896440,https://edu.mju.ac.th/www/CourseDescription.aspx
10301241,7001,10301241-7001,วิศวกรรมระบบฝั่งเซิร์ฟเวอร์,0,0,0,0,0(0-0-0),วิทยาศาสตร์,การออกแบบและพัฒนาระบบฝั่งเซิร์ฟเวอร์ การทำงานของโปรโตคอลเอชทีทีพีและเรสท์ฟูลเอพีไอ การสร้างและจัดการบริการเว็บ การเชื่อมต่อและจัดการฐานข้อมูล การจัดการผู้ใช้และการตรวจสอบสิทธิ์ การรักษาความมั่นคงปลอดภัยของระบบ การจัดการประสิทธิภาพและความพร้อมใช้งาน การปรับใช้และการดูแลรักษาระบบบนเซิร์ฟเวอร์และคลาวด์,,8900505,https://edu.mju.ac.th/www/CourseDescription.aspx
10301242,7001,10301242-7001,การพัฒนาซอฟต์แวร์บนอุปกรณ์เคลื่อนที่,3,2,3,5,3(2-3-5),วิทยาศาสตร์,ส่วนติดต่อผู้ใช้สำหรับแอปพลิเคชันบนอุปกรณ์เคลื่อนที่ การให้บริการ การจัดเก็บและการดึงข้อมูลสำหรับแอปพลิเคชันบนอุปกรณ์เคลื่อนที่ เซ็นเซอร์ที่สนับสนุนการทำงานของแอปพลิเคชันบนอุปกรณ์เคลื่อนที่ โครงสร้างของแอปพลิเคชันบนอุปกรณ์เคลื่อนที่ ความเหมือนและความแตกต่างระหว่างแอปพลิเคชันบนเครื่องคอมพิวเตอร์แบบตั้งโต๊ะและบนอุปกรณ์เคลื่อนที่ ความแตกต่างและจุดเด่นของโปรแกรมบนอุปกรณ์เคลื่อนที่ที่ได้รับความนิยม เครื่องมือและภาษาใหม่สำหรับการพัฒนาแอปพลิเคชันบนอุปกรณ์เคลื่อนที่ ความแตกต่างระหว่างการพัฒนาแบบภาษาหลักและแอปพลิเคชันไฮบริด,,8900506,https://edu.mju.ac.th/www/CourseDescription.aspx
10301243,7001,10301243-7001,การพัฒนาและการปฏิบัติการ,3,2,3,5,3(2-3-5),วิทยาศาสตร์,พื้นฐานเดฟออปส์ การรวมและส่งมอบซอฟต์แวร์อย่างต่อเนื่อง การจัดการโครงสร้างพื้นฐานด้วยโค้ด การใช้คอนเทนเนอร์และการประสานงาน การตรวจสอบ การทำให้เป็นอัตโนมัติ การควบคุมเวอร์ชัน กระบวนการสร้างซอฟต์แวร์ การทำงานร่วมกัน ความปลอดภัย การทดสอบอัตโนมัติด้วยเพลย์ไรต์ การทดสอบในกระบวนการซีไอ/ซีดี การทดสอบการถดถอย,,8900507,https://edu.mju.ac.th/www/CourseDescription.aspx
10301311,1,10301311-1,ทฤษฎีการคำนวณ,3,2,3,5,3(2-3-5),วิทยาศาสตร์,ทฤษฏีการคำนวณเบื้องต้น ออโตมาตาแบบจำกัด รูปแบบการคำนวณ เครื่องจักรแบบทัวริง ความสัมพันธ์ระหว่างออโต,"มาตาและภาษาปกติ เครื่องจักรที่มีกฎเกณฑ์แน่นอนและ
ไม่แน่นอน นิพจน์ปกติ ไวยากรณ์ที่ไม่พึ่งบริบท ปัญหาที่ไม่สามารถตัดสินใจได้ คำถามที่เกี่ยวกับปัญหาทางด้านเอ็นพี",8896471,https://edu.mju.ac.th/www/CourseDescription.aspx
10301311,7001,10301311-7001,ทักษะการเขียนโปรแกรมและการแก้ปัญหา,3,2,3,5,3(2-3-5),วิทยาศาสตร์,ทักษะการเขียนโปรแกรม การแก้ปัญหาเชิงคอมพิวเตอร์ การเลือกใช้โครงสร้างข้อมูล การออกแบบขั้นตอนวิธี การวิเคราะห์ประสิทธิภาพโปรแกรม การเขียนโปรแกรมเชิงแข่งขัน การจำลองสถานการณ์ปัญหา การแก้ปัญหาด้วยข้อจำกัดเวลา การพัฒนาโปรแกรมด้วยภาษาเหมาะสม การใช้งานเครื่องมือพัฒนาโปรแกรม การทดสอบและดีบักโปรแกรม การจัดการโครงงานเขียนโปรแกรม การทำงานร่วมกันเป็นทีมโปรแกรมเมอร์ การสื่อสารผลการแก้ปัญหา การเรียนรู้เทคโนโลยีการเขียนโปรแกรมใหม่,,8900508,https://edu.mju.ac.th/www/CourseDescription.aspx
10301312,1,10301312-1,เทคนิคการเขียนโปรแกรมคอมพิวเตอร์,3,2,3,5,3(2-3-5),วิทยาศาสตร์,แนะนําพื้นฐานแนวความคิดและเทคนิคของการเขียนโปรแกรม ชนิดของข้อมูล รูปแบบโครงสร้างการควบคุมฟังก์ชัน อาเรย์ ไฟล์ การจัดการขั้นตอนการทํางาน การทดสอบและตรวจหาข้อผิดพลาด,,8896472,https://edu.mju.ac.th/www/CourseDescription.aspx
10301313,1,10301313-1,วิธีการนิวเมอริคัล,3,2,3,5,3(2-3-5),วิทยาศาสตร์,ความรู้เบื้องต้นเกี่ยวกับระเบียบวิธีทางด้านนิวเมอริคัลและการเขียนโปรแกรมคอมพิวเตอร์ ปัญหา การแก้ปัญหาและเครื่องมือทางด้านนิวเมอริคัล การหาคำตอบของสมการแบบเชิงเส้น และแบบไม่ใช่เชิงเส้น,การอินเตอร์โพเลชัน และการประมาณค่า การประมาณค่าอนุพันธ์และค่าอินทิเกรต การแก้ปัญหาสมการเชิงอนุพันธ์,8896473,https://edu.mju.ac.th/www/CourseDescription.aspx
10301314,1,10301314-1,หลักการเขียนโปรแกรมเชิงวัตถุ,3,2,3,5,3(2-3-5),วิทยาศาสตร์,หลักการเขียนโปรแกรม โครงสร้างของภาษาและชนิดข้อมูล ความคิดรวบยอดการโปรแกรมเชิงวัตถุ คลาส แพ็กเกจ วัตถุ เมธอด การห่อหุ้ม โพลิมอร์ฟิซึม โอเวอร์โหลดดิง โอเวอร์ไรดดิง การสืบทอดคุณสมบัติ การตรวจสอบข้อผิดพลาด,,8896474,https://edu.mju.ac.th/www/CourseDescription.aspx
10301330,7001,10301330-7001,วิศวกรรมและธรรมาภิบาลข้อมูล,3,2,3,5,3(2-3-5),วิทยาศาสตร์,บทบาทของวิศวกรรมข้อมูลในกระบวนการวิทยาการข้อมูล การออกแบบและพัฒนาไปป์ไลน์ข้อมูล การประมวลผลข้อมูลด้วยเครื่องมือและเทคโนโลยีสมัยใหม่ การประสานงานกับนักวิเคราะห์ข้อมูลและนักวิทยาศาสตร์ข้อมูล กระบวนการอีทีแอล และอีแอลที การจัดเก็บและแปลงข้อมูลเพื่อการวิเคราะห์ การประเมินและปรับปรุงคุณภาพข้อมูล การประยุกต์ใช้แพลตฟอร์มคลาวด์ เครื่องมือประสานงานเวิร์กโฟลว์ การจัดเก็บข้อมูลในฐานข้อมูล คลังข้อมูล และดาต้าเลค หลักการกำกับดูแลข้อมูล การรักษาความปลอดภัยและความเป็นส่วนตัวของข้อมูล การปฏิบัติตามกฎหมายคุ้มครองข้อมูลส่วนบุคคล และหลักวิศวกรรมซอฟต์แวร์พื้นฐาน,,8900509,https://edu.mju.ac.th/www/CourseDescription.aspx
10301331,1,10301331-1,การพัฒนาซอฟต์แวร์ทางเกษตรบนอุปกรณ์เคลื่อนที่,3,2,3,5,3(2-3-5),วิทยาศาสตร์,ภาพรวมการปฏิบัติทางเกษตร โมบายแอปพลิเคชันทางเกษตร การพัฒนาโมบายแอปพลิเคชันข้ามแพลตฟอร์ม เซ็นเซอร์และแอคชูเอเตอร์,"การทำงานแบบไม่เชื่อมต่อเครือข่ายเและการประสานข้อมูลคอมพิวเตอร์วิทัศน์เพื่อการเกษตร การจัดการความรู้ทางการเกษตร
บนอุปกรณ์เคลื่อนที่",8896476,https://edu.mju.ac.th/www/CourseDescription.aspx
10301331,7001,10301331-7001,พื้นฐานวิทยาการข้อมูล,3,2,3,5,3(2-3-5),วิทยาศาสตร์,ภาพรวมของวิทยาการข้อมูล วงจรการวิเคราะห์ข้อมูล การนำเข้าข้อมูล การจัดเตรียมข้อมูล การทำความสะอาดข้อมูล การสำรวจข้อมูลเพื่อการวิเคราะห์เชิงอธิบาย?การแสดงผลด้วยภาพ การวิเคราะห์เชิงวินิจฉัยข้อมูล การสร้างแบบจำลอง การประเมินผลตัวแบบ การวิเคราะห์เพื่อให้คำแนะนำ จริยธรรมข้อมูล และโครงงานประยุกต์,,8900515,https://edu.mju.ac.th/www/CourseDescription.aspx
10301332,1,10301332-1,การพัฒนาซอฟต์แวร์บนระบบปฏิบัติการยูนิกซ์,3,2,3,5,3(2-3-5),วิทยาศาสตร์,องค์ประกอบของระบบปฏิบัติการยูนิกซ์ลักษณะการทำงาน โครงสร้างของไดเร็กทอรี่ ส่วนต่อประสานรายคำสั่ง การบริหารและจัดการระบบ โปรแกรมบรรณาธิการและอรรถประโยชน์ การเขียนโปรแกรมเปลือกระบบ แฟ้มข้อมูล โปรเซส สัญญาณ การจัดการข้อผิดพลาด การสื่อสารระหว่างโปรเซส การนำเข้าและส่งออก การทำงานอยู่เบื้องหลัง,,8896479,https://edu.mju.ac.th/www/CourseDescription.aspx
10301332,7001,10301332-7001,การประมวลผลเชิงภาพ,3,2,3,5,3(2-3-5),วิทยาศาสตร์,การประมวลผลเชิงภาพเบื้องต้น การรับรู้และการมองเห็น รูปแบบของภาพ การสุ่มและการแบ่งระดับ การปรับปรุงภาพ การทำสัญญาณภาพให้เรียบ การทำสัญญาณภาพให้คมชัด การทำให้ลักษณะสัญญาณภาพกลับคืนมาใหม่ ตัวแบบสี การแยกส่วนสัญญาณภาพ การเทียบแม่แบบ การแปลงโคไซน์แบบไม่ต่อเนื่องและการบีบอัดภาพ และเครื่องมือทางปัญญาประดิษฐ์ที่เกี่ยวข้อง,,8900516,https://edu.mju.ac.th/www/CourseDescription.aspx
10301333,1,10301333-1,การพัฒนาโปรแกรมประยุกต์บนเดสก์ท็อป,3,2,3,5,3(2-3-5),วิทยาศาสตร์,การประยุกต์ใช้ส่วนต่อประสานกราฟิกกับผู้ใช้ คำโต้ตอบ กราฟิก รายการเลือก การโปรแกรมเชิงวัตถุ การโปรแกรมเชิงเหตุการณ์ การเข้าถึงแฟ้มข้อมูล ฐานข้อมูล การออกแบบโปรแกรมแบบหลายลำดับชั้น การสร้างชุดติดตั้ง,,8896481,https://edu.mju.ac.th/www/CourseDescription.aspx
10301333,7001,10301333-7001,การประมวลผลภาษาธรรมชาติสมัยใหม่,3,2,3,5,3(2-3-5),วิทยาศาสตร์,แนวคิดและเทคโนโลยีล่าสุดด้านการประมวลผลภาษาธรรมชาติ แนวทางการเรียนรู้เชิงลึก โครงสร้างทรานส์ฟอร์เมอร์และกลไกการให้ความสนใจด้วยตนเอง การแทนคำด้วยการฝังคำ การฝังคำตามบริบท แบบจำลองภาษา การประยุกต์ใช้แบบจำลองภาษาขนาดใหญ่ ไพทอร์ช เทนเซอร์โฟลว์ ฮักกิงเฟซ การวิเคราะห์และการปรับแต่งแบบจำลองสำหรับงานเฉพาะ จริยธรรมในการประมวลผลภาษาธรรมชาติ การพัฒนาโครงการด้านการประมวลผลภาษาธรรมชาติในโลกจริง,,8900517,https://edu.mju.ac.th/www/CourseDescription.aspx
10301334,1,10301334-1,การพัฒนาแอปพลิเคชันข้ามแพลตฟอร์ม,3,2,3,5,3(2-3-5),วิทยาศาสตร์,แนะนำการพัฒนาระบบแอปพลิเคชันข้ามแพลตฟอร์ม การออกแบบและการนำไปใช้ การจัดการสเตทฟูลล์และสเตทเลส กลยุทธ์การทำแคชข้อมูลออฟไลน์เฟิร์ส การประสานข้อมูลออนไลน์ออฟไลน์ การพัฒนาเอพีไอ การแปลงรูปแบบข้อมูลระหว่างออบเจ็คและเจสัน และการเขียนโปรแกรมแบบอะซิงโครนัส,,8896483,https://edu.mju.ac.th/www/CourseDescription.aspx
10301334,7001,10301334-7001,การแยกแยะและการแบ่งกลุ่มข้อมูล,3,2,3,5,3(2-3-5),วิทยาศาสตร์,การแยกแยะข้อมูลและการแบ่งกลุ่มข้อมูล วิธีการและอัลกอริทึมสำหรับการเรียนรู้แบบมีผู้สอนและการเรียนรู้แบบไม่มีผู้สอน การเตรียมข้อมูล โมเดลการจำแนกข้อมูลและการวิเคราะห์เชิงถดถอย การปรับแต่งโมเดล โมเดลการแบ่งกลุ่มข้อมูล การลดมิติข้อมูล การจัดกลุ่มข้อมูลด้วยระยะทาง การจัดกลุ่มข้อมูลตามความหนาแน่น กฎความสัมพันธ์ การเรียนรู้ด้วยข้อมูลที่มีฉลากจำกัด การประเมินการจำแนกและการแบ่งกลุ่มข้อมูล การทดลองกับฐานข้อมูลในมุมมองของวิทยาการคอมพิวเตอร์ การเลือกข้อมูลเพื่อแสดงผล อัลกอริทึมที่เป็นประโยชน์ในระบบการแยกแยะและการแบ่งกลุ่มข้อมูล,,8900518,https://edu.mju.ac.th/www/CourseDescription.aspx
10301335,1,10301335-1,การออกแบบรูปแบบสำหรับซอฟต์แวร์,3,2,3,5,3(2-3-5),วิทยาศาสตร์,"แนะนำการใช้การออกแบบรูปแบบ, ต้นแบบโรงงาน, ต้นแบบการก่อสร้าง, ต้นแบบตัวต่อ, ต้นแบบมัณฑนากร, ต้นแบบส่วนหน้า, ต้นแบบน้ำหนักเบา, ต้นแบบโมเดล วีว คอนโทล์, การต่อการต้นแบบ",,8896486,https://edu.mju.ac.th/www/CourseDescription.aspx
10301335,7001,10301335-7001,การเรียนรู้ของเครื่องจักร,3,2,3,5,3(2-3-5),วิทยาศาสตร์,คำนิยามและตัวอย่างของการเรียนรู้ของเครื่องจักร การเรียนรู้โดยวิธีอุปนัย การเรียนรู้โดยอาศัยพื้นฐานทางสถิติ การเรียนรู้โดยสิ่งสนับสนุน การเรียนรู้จากผู้เชี่ยวชาญ การเรียนรู้โดยอาศัยการตัดสินใจเชิงต้นไม้ การเรียนรู้โดยอาศัยโครงข่ายประสาทเทียม การเรียนรู้โดยอาศัยโครงข่ายความเชื่อ อัลกอริทึมการหาเพื่อนบ้านที่ใกล้ที่สุด ทฤษฎีการเรียนรู้ การแก้ปัญหาโดยการหาจุดที่เหมาะสม การเรียนรู้โดยไม่อาศัยผู้เชี่ยวชาญ และการแบ่งกลุ่มข้อมูล,,8900519,https://edu.mju.ac.th/www/CourseDescription.aspx
10301336,1,10301336-1,คอมพิวเตอร์กราฟิก,3,2,3,5,3(2-3-5),วิทยาศาสตร์,ความรู้เบื้องต้นเกี่ยวกับขั้นตอนวิธีที่เกี่ยวข้องกับคอมพิวเตอร์กราฟิก สายท่อกราฟิก การวางรูปพื้นผิว แสง เงา การติดตามรังสี โกลบอลอินลูมิเนชัน การทำให้เคลื่อนไหว ฮาร์ดแวร์และเครื่องมือที่เกี่ยวข้อง,,8896488,https://edu.mju.ac.th/www/CourseDescription.aspx
10301336,7001,10301336-7001,คอมพิวเตอร์วิทัศน์,3,2,3,5,3(2-3-5),วิทยาศาสตร์,คอมพิวเตอร์วิทัศน์เบื้องต้น เรขาคณิตเชิงภาพฉาย การแปลงแบบคงรูปร่าง การประมาณค่าเชิงสถิติ แบบจำลองกล้อง ภาพสามมิติสองมุมมอง การสร้างภาพขึ้นใหม่จากหลายมุมมอง เทคนิคการตรวจจับและตัดแยกคุณลักษณะเด่นจากภาพ การเรียนรู้ของเครื่องจักรสําหรับการแยกแยะวัตถุ การเรียนรู้เชิงลึกสําหรับการแยกแยะวัตถุ การวิเคราะห์การเคลื่อนที่และการรู้จำท่าทาง การประยุกต์ใช้คอมพิวเตอร์วิทัศน์,,8900520,https://edu.mju.ac.th/www/CourseDescription.aspx
10301337,7001,10301337-7001,ปัญญาประดิษฐ์สร้างสรรค์และการออกแบบคำสั่ง,3,2,3,5,3(2-3-5),วิทยาศาสตร์,หลักการและเทคโนโลยีของปัญญาประดิษฐ์สร้างสรรค์ การสร้างเนื้อหาใหม่ในรูปแบบข้อความ ภาพ เสียง วิดีโอ และโค้ด โครงสร้างโมเดลหลัก เช่น ทรานส์ฟอร์เมอร์ จีเอเอ็นเอส และโมเดลกระจาย เครื่องมือสมัยใหม่ เช่น ไพทอร์ช ฮักกิงเฟซ และสเตเบิล ดิฟฟิวชัน เทคนิคการปรับแต่งโมเดลและการออกแบบคำสั่ง การใช้ปัญญาประดิษฐ์สร้างสรรค์ในงานสร้างสรรค์และการใช้งานทางธุรกิจ จริยธรรมและความปลอดภัยของข้อมูล การพัฒนาโครงการโดยใช้ปัญญาประดิษฐ์สร้างสรรค์ในสถานการณ์จริง,,8900521,https://edu.mju.ac.th/www/CourseDescription.aspx
10301338,7001,10301338-7001,ปัญญาประดิษฐ์พื่อสุขภาวะที่ยั่งยืน,3,2,3,5,3(2-3-5),วิทยาศาสตร์,โครงสร้างระบบอินเทอร์เน็ตของสรรพสิ่งและอุปกรณ์เซนเซอร์สุขภาพ การจัดเก็บและแสดงผลข้อมูลผ่านระบบคลาวด์และแดชบอร์ด พื้นฐานของปัญญาประดิษฐ์และการเรียนรู้ของเครื่อง การเตรียมข้อมูลสุขภาพ การสร้างและประเมินโมเดล การบูรณาการโมเดลกับระบบอินเทอร์เน็ตของสรรพสิ่งสำหรับระบบสุขภาพอัจฉริยะ การวิเคราะห์และการแจ้งเตือนภาวะสุขภาพ ความปลอดภัยของข้อมูลและจริยธรรมในการใช้เทคโนโลยี การประยุกต์ใช้ปัญญาประดิษฐ์และนวัตกรรมเกษตรอัจฉริยะในห่วงโซ่อุปทานอาหารเพื่อสุขภาวะ,,8900522,https://edu.mju.ac.th/www/CourseDescription.aspx
10301339,7001,10301339-7001,เครื่องมือและการประยุกต์ใช้การเล่าเรื่องข้อมูล,3,2,3,5,3(2-3-5),วิทยาศาสตร์,การใช้เครื่องมือสำหรับการวิเคราะห์และการเล่าเรื่องข้อมูล การออกแบบและสร้างการแสดงผลเชิงภาพแบบโต้ตอบ การเลือกใช้กราฟและแดชบอร์ดที่เหมาะสม การผสานข้อมูลเชิงปริมาณและเชิงคุณภาพ การประเมินความถูกต้องของการสื่อสารด้วยข้อมูล การประยุกต์ใช้การเล่าเรื่องข้อมูลเพื่อการตัดสินใจทางธุรกิจและการจัดการ การพัฒนาโครงงานที่ใช้เครื่องมือการแสดงผลข้อมูลอย่างมืออาชีพ จริยธรรมและความรับผิดชอบต่อผู้ใช้ในการเล่าเรื่องข้อมูล,,8900523,https://edu.mju.ac.th/www/CourseDescription.aspx
10301341,1,10301341-1,การเข้ารหัสและความปลอดภัยในเครือข่าย,3,2,3,5,3(2-3-5),วิทยาศาสตร์,วิทยาการอำพราง วิทยาการรหัสลับ การเข้ารหัสแบบคลาสสิค การเข้ารหัสดิจิทัล การเข้ารหัสแบบกุญแจสมมาตร ดีอีเอส เออีเอส การหาเลขจำนวนเฉพาะ,การเข้ารหัสแบบกุญแจไม่สมมาตร อาร์เอสเอ ฟังก์ชันแฮช การย่อยข้อมูล เอ็มดี5 เอสเอชเอ-1 ลายเซ็นอิเล็กทรอนิกส์ การระบุตัวตน การทำลายน้ำ ประยุกต์กับความปลอดภัยของเครือข่ายคอมพิวเตอร์,8896490,https://edu.mju.ac.th/www/CourseDescription.aspx
10301341,7001,10301341-7001,วิศวกรรมซอฟต์แวร์และการเข้าถึง,3,2,3,5,3(2-3-5),วิทยาศาสตร์,หลักการวิศวกรรมซอฟต์แวร์ การออกแบบส่วนต่อประสานผู้ใช้ที่คำนึงถึงการเข้าถึงได้ มาตรฐานการเข้าถึงได้ เทคโนโลยีสนับสนุนการออกแบบที่รองรับความหลากหลาย การทดสอบและประเมินความสามารถในการเข้าถึงได้ของซอฟต์แวร์ สถาปัตยกรรมแบบโมโนลิธิคและไมโครเซอร์วิส,,8900524,https://edu.mju.ac.th/www/CourseDescription.aspx
10301342,1,10301342-1,การประมวลผลแบบกลุ่มเมฆ,3,2,3,5,3(2-3-5),วิทยาศาสตร์,"ศึกษาแนวคิดการประมวลผลแบบกลุ่มเมฆ รูปแบบบริการต่าง ๆ การให้บริการโครงสร้างพื้นฐาน การให้บริการแพลตฟอร์ม การให้บริการซอฟต์แวร์ การให้บริการระบบ
ศึกษาแนวคิดการประมวลผลแบบกลุ่มเมฆ รูปแบบบริการต่าง ๆ การให้บริการโครงสร้างพื้นฐาน การให้บริการแพลตฟอร์ม การให้บริการซอฟต์แวร์ การให้บริการระบบการจัดเก็บข้อมูลที่มีขนาดใหญ่ และการให้บริการกระบวนการทางธุรกิจ การรักษาความปลอดภัย
แบบกลุ่มเมฆ การดำเนินการและการสนับสนุน การประมวลผลที่มีประสิทธิภาพสูง และรองรับข้อมูลขนาดใหญ่แบบกลุ่มเมฆ",,8896493,https://edu.mju.ac.th/www/CourseDescription.aspx
10301342,7001,10301342-7001,การพัฒนาแอปพลิเคชั่นเชิงสร้างสรรค์ข้ามแพลตฟอร์ม,3,2,3,5,3(2-3-5),วิทยาศาสตร์,สถาปัตยกรรมของปัญญาประดิษฐ์เชิงสร้างสรรค์และเฟรมเวอร์กการพัฒนาข้ามแพลตฟอร์ม การพัฒนาแอปพลิเคชันเชื่อมต่อและอินทิเกรตเอพีไอของปัญญาประดิษฐ์เชิงสร้างสรรค์ การออกแบบประสบการณ์ผู้ใช้และส่วนต่อประสานผู้ใช้ วิเคราะห์และแก้ไขปัญหาด้านจริยธรรม ต้นทุน และประสิทธิภาพปัญญาประดิษฐ์เชิงสร้างสรรค์,,8900525,https://edu.mju.ac.th/www/CourseDescription.aspx
10301343,1,10301343-1,การเขียนโปรแกรมเครือข่าย,3,2,3,5,3(2-3-5),วิทยาศาสตร์,"ทีซีพี/ไอพี แบบจำลองการรับ-ให้บริการ การสื่อสารระหว่างกระบวนการ 
การต่อประสานซ็อกเก็ต ทีซีพีและยูดีพีซ็อกเก็ต กระบวนการดีมอน รอว์ซ็อกเก็ต ขั้นตอนวิธีสำหรับผู้รับและผู้ให้บริการ",,8896494,https://edu.mju.ac.th/www/CourseDescription.aspx
10301343,7001,10301343-7001,การพัฒนามัลติมีเดียและเกม,3,2,3,5,3(2-3-5),วิทยาศาสตร์,การโปรแกรมสำหรับเกม การพัฒนาเกมด้วยเกมเอนจินในการสร้างเกมสองดีและสามดี การตั้งค่าโครงการ การจัดการทรัพยากร การเขียนสคริปต์ควบคุมวัตถุ การตรวจจับการชน การสร้างส่วนติดต่อผู้ใช้ ปัญญาประดิษฐ์ในเกม แอนิเมชันสำหรับเกม การออกแบบเสียงสำหรับเกม,,8900526,https://edu.mju.ac.th/www/CourseDescription.aspx
10301344,1,10301344-1,เครือข่ายคอมพิวเตอร์,3,2,3,5,3(2-3-5),วิทยาศาสตร์,ชุดโปรโตคอลทีซีพี/ไอพี การออกแบบเลขที่อยู่แบบไอพี โพรโตคอลหาเส้นทาง การเชื่อมโยงระหว่างเครือข่ายด้วยทีซีพี/ไอพี การจัดการเครือข่าย ความมั่นคงและความปลอดภัยของเครือข่าย การสื่อสารไร้สาย,,8896496,https://edu.mju.ac.th/www/CourseDescription.aspx
10301344,7001,10301344-7001,การพัฒนาซอฟต์แวร์การซื้อขายอัตโนมัติ,3,2,3,5,3(2-3-5),วิทยาศาสตร์,ตลาดการเงิน เครื่องมือทางการเงิน โครงสร้างตลาด พื้นฐานการซื้อขายอัตโนมัติ การเขียนโปรแกรมเพื่อการซื้อขาย การจัดการและทำความสะอาดข้อมูล การพัฒนากลยุทธ์การซื้อขาย เทคนิคการทดสอบย้อนหลัง การจัดการความเสี่ยง การกำหนดขนาดสถานะและการบริหารเงิน ประเภทคำสั่งและการดำเนินการ การทำให้การซื้อขายเป็นอัตโนมัติ การซื้อขายจำลอง ฐานข้อมูลอนุกรมเวลา การปรับแต่งกลยุทธ์ การประเมินประสิทธิภาพ,,8900527,https://edu.mju.ac.th/www/CourseDescription.aspx
10301345,1,10301345-1,ระบบเครือข่ายไร้สาย,3,2,3,5,3(2-3-5),วิทยาศาสตร์,พื้นฐานระบบเครือข่ายไร้สาย การสื่อสารไร้สายบนชั้นกายภาพ การควบคุมตัวกลางสำหรับการสื่อสารไร้สาย การสื่อสารไร้สายทางไกล เครือข่ายไร้สาย IEEE802.11เครือข่ายไร้สายเฉพาะกิจ เครือข่ายเซ็นเซอร์ไร้สาย โปรโตคอลหาเส้นทางบนเครือข่ายไร้สายเฉพาะกิจ,,8896499,https://edu.mju.ac.th/www/CourseDescription.aspx
10301345,7001,10301345-7001,การพัฒนาซอฟต์แวร์สำหรับการซื้อขายความถี่สูง,3,2,3,5,3(2-3-5),วิทยาศาสตร์,สถาปัตยกรรมการซื้อขายที่มีความหน่วงต่ำ โครงสร้างข้อมูลสำหรับสมุดคำสั่ง การจัดการเธรด การเขียนโปรแกรมแบบไร้การล็อก การประมวลผลแบบขนาน การจัดการและการเพิ่มประสิทธิภาพหน่วยความจำ การจัดการคิวข้อมูลสำหรับการซื้อขายความเร็วสูง การประยุกต์ใช้ฐานข้อมูลอนุกรมเวลาการซื้อขายทางการเงินที่มีความละเอียดสูง การออกแบบกลยุทธ์การซื้อขายสำหรับการซื้อขายความถี่สูง FPGA และ GPU โปรโตคอลสำหรับการประทับเวลาที่แม่นยำ,,8900528,https://edu.mju.ac.th/www/CourseDescription.aspx
10301346,1,10301346-1,ระบบปฏิบัติการ,3,2,3,5,3(2-3-5),วิทยาศาสตร์,โครงสร้างระบบคอมพิวเตอร์ กระบวนการ เทรด การจัดลำดับการทำงานของหน่วยประมวลผลกลาง วิธีการประมวลผลแบบการซิงโครไนซ์ หน่วยความจำหลัก หน่วยความจำเสมือน,การติดต่อกับไฟล์ระบบปฏิบัติการ การทำงานของไฟล์ระบบปฏิบัติการ โครงสร้างที่เก็บข้อมูลขนาดใหญ่ ที่เก็บข้อมูลสำหรับไอโอที (IOT) ระบบรับข้อมูลเข้าและนำข้อมูลออก พลังงานสีเขียว,8896501,https://edu.mju.ac.th/www/CourseDescription.aspx
10301346,7006,10301346-7006,ธุรกิจอัจฉริยะ,3,2,3,5,3(2-3-5),วิทยาศาสตร์,หลักการและองค์ประกอบของธุรกิจอัจฉริยะ คลังข้อมูล โมเดลของคลังข้อมูล สถาปัตยกรรมคลังข้อมูล การรวบรวมข้อมูล การบูรณาการข้อมูล การแสดงข้อมูลเชิงภาพ การจัดทำรายงาน การวิเคราะห์ข้อมูล รูปแบบสนับสนุนการตัดสินใจบนพื้นฐานข้อมูล การประยุกต์ใช้ระบบธุรกิจอัจฉริยะ,,8900529,https://edu.mju.ac.th/www/CourseDescription.aspx
10301347,1,10301347-1,วิศวกรรมการพัฒนาปฏิบัติการบนคลาวด์,3,2,3,5,3(2-3-5),วิทยาศาสตร์,"แนวคิดวิศวกรรมการพัฒนาปฏิบัติ, ระบบควบคุมเวอร์ชัน, จูปิเตอร์ โน๊ตบุ๊ค, เทคนิคกิตฮับ, คอนเทนเนอร์, วีพีเอส, การพัฒนาสถาปัตยกรรมไมโครเซอร์วิส, เอพีไอเกตเวย์, โอทีพีเซอร์วิส, การปรับใช้เว็บแอปพลิเคชันที่ไม่ต้องหยุดทำงาน, ซีไอ ซีดี ไปป์ไลน์",,8896503,https://edu.mju.ac.th/www/CourseDescription.aspx
10301347,7001,10301347-7001,ระบบสารสนเทศเพื่อการจัดการ,3,2,3,5,3(2-3-5),วิทยาศาสตร์,ความรู้เกี่ยวกับเทคโนโลยีสารสนเทศ วิธีการพัฒนาระบบสารสนเทศเพื่อการบริหารจัดการเพื่อช่วยการตัดสินใจในองค์กรธุรกิจ การวางแผนทรัพยากรขององค์กร การจัดการห่วงโซ่อุปทาน การจัดการลูกค้าสัมพันธ์ การทำธุรกิจผ่านระบบเครือข่ายอินเทอร์เน็ตการพาณิชย์อิเล็กทรอนิกส์ แนะนำระบบสนับสนุนการตัดสินใจ,,8900530,https://edu.mju.ac.th/www/CourseDescription.aspx
10301348,7001,10301348-7001,บล็อกเชน และคริปโทเคอร์เรนซี่,0,0,0,0,0(0-0-0),วิทยาศาสตร์,เทคโนโลยีบล็อกเชน หลักการการเข้ารหัสลับ ชนิดของบล็อกเชน บิทคอยน์ อีเธอร์เลียม ไฮเปอร์เลจเจอร์ โปรโตคอลอื่น ๆ สมาร์ทคอนแทรกต์ การทำธุรกรรมด้วยคริปโทเคอร์เรนซี่ กฎหมายและข้อบังคับในเทคโนโลยีบล็อกเชน เครื่องมือและเทคนิค การออกแบบและพัฒนาระบบ,,8900531,https://edu.mju.ac.th/www/CourseDescription.aspx
10301349,7001,10301349-7001,ฟินเทคและการวิเคราะห์ข้อมูลขนาดใหญ่,3,2,3,5,3(2-3-5),วิทยาศาสตร์,"การวิเคราะห์ธุรกรรมแบบเวลาจริง สตรีมมิงข้อมูลแบบขับเคลื่อนด้วยเหตุการณ์
การตรวจจับความผิดปกติด้านทุจริต/การเงิน การวิเคราะห์ความเสี่ยงและการให้คะแนนเครดิต คลังฟีเจอร์และท่อส่งข้อมูลที่พร้อมสำหรับงานแมชชีนเลิร์นนิง คุณภาพข้อมูลและการสังเกตการณ์ระบบข้อมูล การกำกับดูแล ความมั่นคงปลอดภัย และความเป็นส่วนตัวของข้อมูล ร่องรอยการตรวจสอบและการวิเคราะห์เพื่อการปฏิบัติตามกฎระเบียบ ตัวชี้วัดและการวิเคราะห์เชิงธุรกิจสำหรับงานการเงิน สถาปัตยกรรมที่ขยายได้และคำนึงถึงต้นทุน",,8900532,https://edu.mju.ac.th/www/CourseDescription.aspx
10301351,1,10301351-1,วิทยาการข้อมูล,3,2,3,5,3(2-3-5),วิทยาศาสตร์,ภาพรวมของวิทยาการข้อมูล วงจรการวิเคราะห์ข้อมูล การนำเข้าข้อมูล วิธีการจัดการชุดข้อมูล การจัดเตรียมข้อมูล การคัดกรอง การสุ่มตัวอย่าง การสำรวจข้อมูลเพื่อการวิเคราะห์เชิงอธิบาย การแสดงผลด้วยภาพ,การวิเคราะห์เชิงวินิจฉัยข้อมูล ตัวแบบเพื่อการทำนาย การวิเคราะห์เพื่อให้คำแนะนำ การวิเคราะห์เพื่อการรู้จำ ตัวอย่างการประยุกต์ใช้วิทยาการข้อมูล,8896504,https://edu.mju.ac.th/www/CourseDescription.aspx
10301351,7001,10301351-7001,การประมวลผลแบบกลุ่มเมฆ,3,2,3,5,3(2-3-5),วิทยาศาสตร์,การประมวลผลแบบกลุ่มเมฆ รูปแบบบริการต่าง ๆ การให้บริการโครงสร้างพื้นฐาน การให้บริการแพลตฟอร์ม การให้บริการซอฟต์แวร์ การให้บริการระบบ การจัดเก็บข้อมูลที่มีขนาดใหญ่ และการให้บริการกระบวนการทางธุรกิจ การรักษาความปลอดภัยแบบกลุ่มเมฆ การดำเนินการและการสนับสนุน การประมวลผลที่มีประสิทธิภาพสูง และรองรับข้อมูลขนาดใหญ่แบบกลุ่มเมฆ,,8900533,https://edu.mju.ac.th/www/CourseDescription.aspx
10301352,1,10301352-1,โครงสร้างข้อมูลสำหรับการแก้ปัญหาทางด้านมัลติมีเดีย,3,2,3,5,3(2-3-5),วิทยาศาสตร์,"แนะนำทางด้านมัลติมีเดีย, การจัดการรูปภาพ, การจัดการด้วยเต่า, โครงสร้างข้อมูลคงที่สำหรับเสียง, โครงสร้างเพลงด้วยลิงค์ลิสต์ โครงสร้างรูปภาพด้วยลิงค์ลิสต์ ต้นไม้ของรูปภาพ",,8896506,https://edu.mju.ac.th/www/CourseDescription.aspx
10301352,7001,10301352-7001,อินเทอร์เน็ตในทุกสิ่ง,3,2,3,5,3(2-3-5),วิทยาศาสตร์,"ไมโครคอนโทรลเลอร์ ระบบฝังตัว การเขียนโปรแกรมไมโครคอนโทรลเลอร์ อินพุตเอาต์พุตดิจิทัล พอร์ตอนุกรมและการสื่อสารอนุกรม การแปลงสัญญาณอนาล็อกดิจิทัล การแปลงสัญญาณดิจิทัลอนาล็อก เซนเซอร์และการเชื่อมต่อ การสื่อสารไร้สาย อินเทอร์เน็ตในทุกสิ่ง ปัญญาประดิษฐ์ฝังตัว การเชื่อมต่อระบบคลาวด์ โปรโตคอลเครือข่าย การจัดการพลังงาน การประยุกต์ใช้นวัตกรรม
เอไอโอที และ การประยุกต์ใช้ในระบบกสิกรรมสมัยใหม่และฟาร์มอัจฉริยะ",,8900534,https://edu.mju.ac.th/www/CourseDescription.aspx
10301353,1,10301353-1,ฐานข้อมูลเชิงพื้นที่,3,2,3,5,3(2-3-5),วิทยาศาสตร์,โครงสร้างการจัดการข้อมูลเชิงพื้นที่ ต้นแบบข้อมูลเชิงแนวคิด ตรรกศาสตร์และกายภาพ การจัดรูปแบบของฐานข้อมูลให้เหมาะสมภาษาเชิงโครงสร้างเพื่อการเข้าถึงข้อมูล ระบบการค้นหาตำแหน่งแบบทั่วโลก ความแตกต่างระหว่างโครงสร้างฐานข้อมูลเชิงความสัมพันธ์ทางภูมิศาสตร์และความสัมพันธ์เชิงวัตถุ,อรรถประโยชน์ของฐานข้อมูลเชิงความสัมพันธ์ทางภูมิศาสตร์และความสัมพันธ์เชิงวัตถุการออกแบบและการสร้างฐานข้อมูลเชิงความสัมพันธ์ทางภูมิศาสตร์และความสัมพันธ์เชิงวัตถุ,8896508,https://edu.mju.ac.th/www/CourseDescription.aspx
10301353,7001,10301353-7001,ตรรกศาสตร์เชิงดิจิทัลและอุปกรณ์อัจฉริยะ,3,2,3,5,3(2-3-5),วิทยาศาสตร์,ทฤษฎีเบื้องต้นของวงจรสวิตชิ่ง คณิตศาสตร์แบบบูล ตารางความจริง การลดรูปสมการบูลลีนโดยใช้แผนที่แบบคาร์นอ วงจรเกท วงจรฟลิปฟลอป วงจรนับ วงจรเลื่อนรีจิสเตอร์การออกแบบวงจรคอมไบเนชัน วงจรซีเควนเชียล เครื่องสถานะจำกัด,,8900535,https://edu.mju.ac.th/www/CourseDescription.aspx
10301354,1,10301354-1,พื้นฐานความรู้ด้านข้อมูลขนาดใหญ่,3,2,3,5,3(2-3-5),วิทยาศาสตร์,ภาพรวมของข้อมูลขนาดใหญ่ ข้อมูลแบบมีโครงสร้าง กึ่งโครงสร้าง และไม่มีโครงสร้าง วงจรการวิเคราะห์ข้อมูลขนาดใหญ่ การบริหารและจัดการข้อมูลขนาดใหญ่ แพลตฟอร์มคลาวด์เซอร์วิสเพื่อการจัดการข้อมูลขนาดใหญ่ ทฤษฎี ระเบียบวิธี เทคโนโลยี และ เครื่องมือสำหรับการวิเคราะห์ขนาดใหญ่,"การพัฒนาตัวแบบสำหรับข้อมูลขนาดใหญ่ การจัดการองค์ความรู้สำหรับข้อมูลขนาดใหญ่ แอปพลิเคชันอื่น ๆ ที่เกี่ยวข้องสำหรับการวิเคราะห์ข้อมูล
ขนาดใหญ่ ตัวอย่างและกรณีศึกษาการประยุกต์ใช้ข้อมูลขนาดใหญ่",8896510,https://edu.mju.ac.th/www/CourseDescription.aspx
10301354,7001,10301354-7001,ความมั่นคงปลอดภัยไซเบอร์,3,2,3,5,3(2-3-5),วิทยาศาสตร์,ความมั่นคงปลอดภัยไซเบอร์และประเภทของภัยคุกคาม หลักการความลับ ความถูกต้อง และความพร้อมใช้งาน เทคนิคการเข้ารหัส การพิสูจน์ตัวตน การควบคุมการเข้าถึง การรักษาความปลอดภัยของเครือข่ายและระบบปฏิบัติการ การตรวจจับและตอบสนองต่อเหตุการณ์ การวิเคราะห์มัลแวร์ ความปลอดภัยของแอปพลิเคชัน กฎหมายและจริยธรรมทางไซเบอร์ การทดสอบเจาะระบบ การจัดการความเสี่ยง การวางแผนความต่อเนื่องทางธุรกิจ กฎหมายคอมพิวเตอร์จริยธรรมวิชาชีพและการรับมืออาชญากรรมทางไซเบอร์ในยุคดิจิทัล,,8900536,https://edu.mju.ac.th/www/CourseDescription.aspx
10301355,1,10301355-1,ระบบสนับสนุนการตัดสินใจ,3,2,3,5,3(2-3-5),วิทยาศาสตร์,ทฤษฎีการตัดสินใจ การวิเคราะห์ความไวต่อตัวแปรในระบบสนับสนุนการตัดสินใจ ระบบสนับสนุนการตัดสินใจแบบกลุ่ม ระบบสนับสนุนการตัดสินใจของผู้บริหาร ระบบการตัดสินใจแบบปัญญาประดิษฐ์,เทคนิคการหาค่าที่เหมาะสมที่สุดในระบบสนับสนุนการตัดสินใจ โปรแกรมเพื่อการตัดสินใจ การนำระบบสนับสนุนการตัดสินใจมาใช้ในการเกษตร ระบบผู้เชี่ยวชาญ การบูรณาการและการประยุกต์ใช้ ระบบสนับสนุนการตัดสินใจในกรณีศึกษาเกี่ยวกับการพัฒนาระบบสนับสนุนการตัดสินใจทางด้านธุรกิจ,8896514,https://edu.mju.ac.th/www/CourseDescription.aspx
10301355,7001,10301355-7001,การประมวลผลเชิงควอนตัม,0,0,0,0,0(0-0-0),วิทยาศาสตร์,กลศาสตร์ควอนตัมที่เกี่ยวข้องกับการประมวลผลข้อมูลเชิงควอนตัม การแทนข้อมูลด้วยคิวบิต การซ้อนทับ (superposition) การพัวพัน (entanglement) การประมวลผลด้วยประตูควอนตัม (quantum gates) วงจรควอนตัม (quantum circuits) อัลกอริทึมควอนตัมที่สำคัญ เช่น อัลกอริทึมของ Shor และ Grover การแก้ไขข้อผิดพลาดเชิงควอนตัม การเขียนโปรแกรมควอนตัมเบื้องต้นผ่านเครื่องมือจำลองหรือฮาร์ดแวร์ควอนตัมจริง,,8900537,https://edu.mju.ac.th/www/CourseDescription.aspx
10301356,1,10301356-1,ระบบสารสนเทศภูมิศาสตร์เบื้องต้น,3,2,3,5,3(2-3-5),วิทยาศาสตร์,ความรู้เบื้องต้นเกี่ยวกับองค์ประกอบของระบบสารสนเทศภูมิศาสตร์ การจัดเก็บ การเปลี่ยนแปลงแก้ไข การวางแผนการจัดการเกี่ยวกับทรัพยากรธรรมชาติและสิ่งแวดล้อม การประยุกต์ใช้,,8896525,https://edu.mju.ac.th/www/CourseDescription.aspx
10301356,7001,10301356-7001,การประมวลผลสัญญาณดิจิทัล,3,2,3,5,3(2-3-5),วิทยาศาสตร์,พื้นฐานเกี่ยวของสัญญาณและระบบ การแทนสัญญาณในโดเมนเวลา การสุ่มตัวอย่าง การควอนไทซ์ การแปลงฟูเรียร์แบบไม่ต่อเนื่อง การวิเคราะห์สัญญาณในโดเมนความถี่ ระบบเชิงเส้นไม่แปรผันตามเวลาและการคอนโวลูชัน การตอบสนองความถี่ การออกแบบตัวกรอง การลดสัญญาณรบกวน เทคนิคการเพิ่มสุ่มตัวอย่างและการลดสุ่มตัวอย่าง การประยุกต์ใช้ในงานประมวลผลเสียงและภาพ,,8900538,https://edu.mju.ac.th/www/CourseDescription.aspx
10301357,1,10301357-1,ระบบเหมืองข้อมูล,3,2,3,5,3(2-3-5),วิทยาศาสตร์,แนวคิดของการค้นพบองค์ความรู้ กระบวนการค้นพบความรู้ การวิเคราะห์ข้อมูล การสำรวจข้อมูล การเตรียมข้อมูล เทคนิคการทำเหมืองข้อมูล การค้นพบกฎความสัมพันธ์ การจำแนกข้อมูล การจัดกลุ่มข้อมูล กรณีศึกษาที่เกี่ยวข้องกับการทำเหมืองข้อมูลในปัจจุบัน,,8896526,https://edu.mju.ac.th/www/CourseDescription.aspx
10301357,7001,10301357-7001,วิศวกรรมเครือข่ายคอมพิวเตอร์,3,2,3,5,3(2-3-5),วิทยาศาสตร์,สถาปัตยกรรมเครือข่าย ออกแบบและติดตั้งอุปกรณ์ การกำหนดค่าเครือข่าย การบริหารจัดการเครือข่าย เครือข่ายระยะใกล้ เครือข่ายระยะไกล เครือข่ายไร้สาย และเครือข่ายคลาว์ด การวิเคราะห์และแก้ไขปัญหาเครือข่ายคลาวด์และเวอร์ชวลไลเซชัน การสำรองและกู้คืนข้อมูล ความปลอดภัยของเครือข่าย,,8900539,https://edu.mju.ac.th/www/CourseDescription.aspx
10301358,1,10301358-1,วิศวกรรมข้อมูล,3,2,3,5,3(2-3-5),วิทยาศาสตร์,"ภาพรวมบทบาทของวิศวกรรมข้อมูลในงานด้านวิทยาการข้อมูล ไปป์ไลน์
การประมวลผลข้อมูล แพลตฟอร์มไปป์ไลน์การประมวลผลข้อมูล กระบวนการอีทีแอล และ กระบวนการอีแอลที กระบวนการเก็บรวบรวมข้อมูล คุณภาพของข้อมูล การแปลงข้อมูลให้เหมาะสมต่อการวิเคราะห์",แพลตฟอร์มคลาวด์เบื้องต้น เทคโนโลยีสปาร์คและฮาร์ดูป กระบวนการจัดเก็บข้อมูลในรูปแบบฐานข้อมูล คลังข้อมูล และ ดาต้าเลค ความรู้พื้นฐานด้านวิศวกรรมซอฟต์แวร์,8896527,https://edu.mju.ac.th/www/CourseDescription.aspx
10301361,1,10301361-1,อินเทอร์เน็ตในทุกสิ่ง,3,2,3,5,3(2-3-5),วิทยาศาสตร์,แนะนำไมโครคอนโทรลเลอร์ พอร์ตอินพุต เอาท์พุต พอร์ตอนุกรม และการสื่อสารแบบอนุกรม การแปลงจากสัญญาณแอนะล็อก เป็นสัญญาณดิจิทัล การแปลงจากสัญญาณดิจิทัลเป็นสัญญาณแอนะล็อก เซนเซอร์ การเชื่อมต่อและการส่งข้อมูลแบบไร้สาย การสื่อสารระหว่างอินเทอร์เน็ตในทุกสิ่งกับโครงข่ายแบบกลุ่มเมฆ การจัดการพลังงาน โปรโตคอล การจำลองแบบอินเทอร์เน็ตในทุกสิ่ง,,8896528,https://edu.mju.ac.th/www/CourseDescription.aspx
10301361,7001,10301361-7001,หัวข้อพิเศษทางวิทยาการคอมพิวเตอร์ 1,3,2,3,5,3(2-3-5),วิทยาศาสตร์,หัวข้อพิเศษทางวิทยาการคอมพิวเตอร์ที่มีความทันสมัยและน่าสนใจ เนื้อหาที่กำหนดและประกาศโดยหลักสูตรก่อนเปิดภาคการศึกษา การศึกษา การปฏิบัติ และการอภิปรายในหัวข้อเฉพาะทาง การติดตามความรู้และวิทยาการใหม่ในสาขาวิชาวิทยาการคอมพิวเตอร์,,8900540,https://edu.mju.ac.th/www/CourseDescription.aspx
10301362,1,10301362-1,การโปรแกรมด้วยภาษาระดับต่ำ,3,2,3,5,3(2-3-5),วิทยาศาสตร์,สถาปัตยกรรมของไมโครโพรเซสเซอร์ ระบบคอมพิวเตอร์ การโปรแกรมในระดับต่ำด้วยภาษาแอสเซมบลี รีจิสเตอร์ การเคลื่อนย้ายข้อมูล การคำนวณทางคณิตศาสตร์ หน่วยความจำภายนอก การขัดจังหวะการทำงาน การประมวลผลแบบทำงานทันที,,8896529,https://edu.mju.ac.th/www/CourseDescription.aspx
10301362,7001,10301362-7001,หัวข้อพิเศษทางวิทยาการคอมพิวเตอร์ 2,3,2,3,5,3(2-3-5),วิทยาศาสตร์,หัวข้อพิเศษทางวิทยาการคอมพิวเตอร์ที่มีความทันสมัยและน่าสนใจ เนื้อหาที่กำหนดและประกาศโดยหลักสูตรก่อนเปิดภาคการศึกษา การศึกษา การปฏิบัติ และการอภิปรายในหัวข้อเฉพาะทาง การติดตามความรู้และวิทยาการใหม่ในสาขาวิชาวิทยาการคอมพิวเตอร์ หัวข้อที่แตกต่างจากรายวิชาอื่นเพื่อเสริมสร้างความรู้ใหม่และความรู้เพิ่มเติม,,8900541,https://edu.mju.ac.th/www/CourseDescription.aspx
10301363,1,10301363-1,การออกแบบและการพัฒนาระบบทำงานแบบทันที,3,2,3,5,3(2-3-5),วิทยาศาสตร์,การโปรแกรมการทำงานแบบทันทีและระบบปฏิบัติการแบบทันที การทำงานแบบหลายภารกิจ การประสานเวลาโปรเซส การจัดการหน่วยความจำ การขัดจังหวะ แผนภาพสถานะ การประยุกต์ใช้ในระบบฝังตัว,,8896530,https://edu.mju.ac.th/www/CourseDescription.aspx
10301364,1,10301364-1,ตรรกศาสตร์เชิงดิจิทัลและอุปกรณ์อัจฉริยะ,3,2,3,5,3(2-3-5),วิทยาศาสตร์,ทฤษฎีเบื้องต้นของวงจรสวิตชิ่ง คณิตศาสตร์แบบบูล ตารางความจริง การลดรูปสมการบูลลีนโดยใช้แผนที่แบบคาร์นอ วงจรเกท วงจรฟลิปฟลอป วงจรนับ วงจรเลื่อนรีจิสเตอร์การออกแบบวงจรคอมไบเนชัน วงจรซีเควนเชียล เครื่องสถานะจำกัด,,8896531,https://edu.mju.ac.th/www/CourseDescription.aspx
10301365,1,10301365-1,ระบบคอมพิวเตอร์และภาษาแอสเซมบลี,3,2,3,5,3(2-3-5),วิทยาศาสตร์,"โครงสร้างของเครื่องคอมพิวเตอร์และภาษาเครื่อง ภาษาแอสเซมบลีและ
การแปลภาษาโดยโปรแกรมแอสเซมเบลอร์ เทคนิคการจัดแอดเดรสโครงสร้างของแอสเซมเบลอร์ 
การเขียนโปรแกรมภาษาแอสเซมบลี การเขียนโปรแกรมแบบแมคโคร โปรแกรมแบบแยกส่วน",,8896532,https://edu.mju.ac.th/www/CourseDescription.aspx
10301366,1,10301366-1,วิทยาการสมองกลฝังตัว,3,2,3,5,3(2-3-5),วิทยาศาสตร์,"หลักการเบื้องต้นของสมองกลฝังตัว ส่วนประกอบของฮาร์ดแวร์ ซอฟต์แวร์ 
การประมวลผลแบบเวลาจริง ไทม์มิ่งไดอะแกรม การแปลงสัญญาณไปกลับระหว่างดิลิทัลและ
แอนะล็อก เทคโนโลยีอินเตอร์เฟส แบบขนานและอนุกรม อุปกรณ์เซ็นเซอร์ การประหยัดพลังงาน",,8896533,https://edu.mju.ac.th/www/CourseDescription.aspx
10301367,1,10301367-1,อิเล็กทรอนิกส์เบื้องต้น,3,2,3,5,3(2-3-5),วิทยาศาสตร์,"พื้นฐานตัวแปรแผงวงจรไฟฟ้าและองค์ประกอบ กฎของโอห์ม โครงสร้างเครือข่ายวงจร แหล่งจ่ายไฟฟ้า อุปกรณ์และเครื่องมือวัดทางไฟฟ้า ตัวเก็บประจุ ตัวเหนี่ยวนำและหม้อแปลง รีเลย์และโซลินอยด์ ไดโอด ทรานซิสเตอร์ วงจรทรานซิสเตอร์สวิทซ์ วงจรขยาย
แอนะล็อก วงจรขยายเชิงดําเนินการและการประยุกต์ใช้ วงจรแลตช์ วงจรอเนกระรัว",,8896534,https://edu.mju.ac.th/www/CourseDescription.aspx
10301371,1,10301371-1,ปัญญาประดิษฐ์,3,2,3,5,3(2-3-5),วิทยาศาสตร์,ความคิดรวมยอด และวิธีการพื้นฐานของปัญญาประดิษฐ์ในมุมมองของวิทยาการคอมพิวเตอร์ การเลือกข้อมูลเพื่อแสดงผล และอัลกอริทึมที่เป็นประโยชน์ในการออกแบบระบบปัญญาประดิษฐ์ ภาษาทางด้านปัญญาประดิษฐ์,,8896535,https://edu.mju.ac.th/www/CourseDescription.aspx
10301372,1,10301372-1,การจำลองโดยคอมพิวเตอร์และการสร้างรูปแบบ,3,2,3,5,3(2-3-5),วิทยาศาสตร์,แนะนำการจำลองระบบและตัวแบบ ภาพรวมในระดับสูง การจำลองแบบชนิดดิสครีตและแบบต่อเนื่อง วัฏจักรชีวิตของระบบ ได้แก่ การกำหนดตัวปัญหา การพัฒนาตัวแบบ การพัฒนาซอฟต์แวร์ การตรวจสอบยืนยัน การตรวจสอบความถูกต้อง การออกแบบการทดลองเพื่อหาคำตอบ และการวิเคราะห์ผลลัพธ์ การสร้างตัวเลขสุ่ม การจำลองระบบโดยใช้เทคนิคแบบสโตคาสติคและมอนติคาร์โล,,8896536,https://edu.mju.ac.th/www/CourseDescription.aspx
10301373,1,10301373-1,การประมวลผลเชิงภาพ,3,2,3,5,3(2-3-5),วิทยาศาสตร์,การประมวลผลเชิงภาพเบื้องต้น การรับรู้และการมองเห็น รูปแบบของภาพ การสุ่มและการแบ่งระดับ การปรับปรุงภาพ การทำสัญญาณภาพให้เรียบ การทำสัญญาณภาพให้คมชัด การทำให้ลักษณะสัญญาณภาพกลับคืนมาใหม่ ตัวแบบสี การแยกส่วนสัญญาณภาพ การเทียบแม่แบบ การแปลงโคไซน์แบบไม่ต่อเนื่องและการบีบอัดภาพ,,8896537,https://edu.mju.ac.th/www/CourseDescription.aspx
10301374,1,10301374-1,การประมวลผลภาษาธรรมชาติ,3,2,3,5,3(2-3-5),วิทยาศาสตร์,"แนวคิดภาษาธรรมชาติ การแบ่งส่วนคำ กำหนดชนิดของคำ การแบ่งส่วน
วาทกรรม การตรวจจับขอบเขตประโยค การวิเคราะห์ส่วนคำในประโยค","การแทนคำในรูปแบบเวกเตอร์ เทคนิคการสร้างโมเดลภาษาและการรู้เชิงลึก การจำแนกอารมณ์ การแปลภาษา การจัดกลุ่มข้อความและการจำแนกข้อความ การสรุปข้อความ การตอบคำถามแบบอัตโนมัติ 
การนำเสนอข้อความ",8896538,https://edu.mju.ac.th/www/CourseDescription.aspx
10301375,1,10301375-1,การแยกแยะข้อมูลและการแบ่งกลุ่มข้อมูล,3,2,3,5,3(2-3-5),วิทยาศาสตร์,เบื้องต้นของการแยกแยะกลุ่มข้อมูล การแบ่งกลุ่มข้อมูลในแต่ละวิธีการ หรือ อัลกอริทึม : การเรียนรู้แบบมีผู้สอนและการเรียนรู้แบบไม่มีผู้สอน ข้อมูลไม่สมดุล การจำแนกประเภทและการทำนาย ต้นไม้ตัดสินใจ การจำแนกข้อมูลแบบเบย์ กฎการจำแนกข้อมูล โครงข่ายประสาทเทียม วิธีซัพพอร์ตเวคเตอร์แมทชีน วิธีการเพื่อนบ้านใกล้ที่สุด เค,"ตัว วิธีการเพื่อนบ้านใกล้ที่สุด เค ตัวแบบคลุมเครือ การจำแนกแบบร่วมกันตัดสินใจ การประเมินการจำแนกข้อมูล และ การนำเอามาทดลองกับฐานข้อมูลในมุมมองของวิทยาการคอมพิวเตอร์ การเลือกข้อมูล
เพื่อแสดงผล และอัลกอริทึมที่เป็นประโยชน์ในระบบการจำแนกข้อมูลและแบ่งกลุ่มข้อมูล",8896539,https://edu.mju.ac.th/www/CourseDescription.aspx
10301376,1,10301376-1,การเรียนรู้ของเครื่องจักร,3,2,3,5,3(2-3-5),วิทยาศาสตร์,คำนิยามและตัวอย่างของการเรียนรู้ของเครื่องจักร การเรียนรู้โดยวิธีอุปนัย การเรียนรู้โดยอาศัยพื้นฐานทางสถิติ การเรียนรู้จากผู้เชี่ยวชาญ การเรียนรู้โดยอาศัยการตัดสินใจเชิงต้นไม้ การเรียนรู้โดยอาศัยโครงข่ายประสาทเทียม การจำแนกโดยอาศัยทฤษฎีของเบย์ อัลกอริทึม การหาเพื่อนบ้านที่ใกล้ที่สุด เทคนิคการประเมินตัวแบบ การแก้ปัญหาโดยการหาจุดที่เหมาะสม การเรียนรู้โดยร่วมกันตัดสินใจ การเรียนรู้โดยไม่อาศัยผู้เชี่ยวชาญ และการแบ่งกลุ่มข้อมูล,,8896540,https://edu.mju.ac.th/www/CourseDescription.aspx
10301377,1,10301377-1,การเรียนรู้ของเครื่องจักรขั้นสูง,3,2,3,5,3(2-3-5),วิทยาศาสตร์,คำนิยามและตัวอย่างของการเรียนรู้ของเครื่องจักรและการเรียนรู้เครื่องจักรเชิงลึก การเรียนรู้โดยวิธีอุปนัย ระบุเป้าหมายที่ต้องการ ของความน่าจะเป็นของข้อมูล การเรียนรู้โดยวิธีอุปนัย การเรียนรู้โดยอาศัยพื้นฐานทางสถิติ การถดถอยอย่างง่าย,"การถดถอยเชิงพหุคูณ การถดถอยเชิงเส้น การถดถอยแบบไม่เชิงเส้น การหาจุดสมดุลภายใต้เงื่อนไข การเคลื่อนลงตามความชัน การเรียนรู้โครงข่ายประสาทเทียมเชิงลึก เพอร์เซปตรอนชั้นเดียว เพอร์เซปตรอน
หลายชั้น การเรียนรู้แบบเสริมกำลัง การเรียนรู้จากผู้เชี่ยวชาญ",8896541,https://edu.mju.ac.th/www/CourseDescription.aspx
10301378,1,10301378-1,การเรียนรู้เครื่องจักรกลสำหรับโมบายแอปพลิเคชัน,3,2,3,5,3(2-3-5),วิทยาศาสตร์,แนะนำการใช้การเรียนรู้เชิงลึกสำหรับโมบาย การประมวลผลภาพบนโมบาย การสนทนาบนโมบาย การรู้จำชนิดของพืช การสร้างคำบรรยาย การตรวจสอบสิทธิด้วยปัญญาประดิษฐ์ ปัญญาประดิษฐ์สำหรับดนตรี การวิเคราะห์ภาพความละเอียดสูง,,8896542,https://edu.mju.ac.th/www/CourseDescription.aspx
10301379,1,10301379-1,คอมพิวเตอร์วิทัศน์,3,2,3,5,3(2-3-5),วิทยาศาสตร์,คอมพิวเตอร์วิทัศน์เบื้องต้น เรขาคณิตเชิงภาพฉาย การแปลงแบบคงรูปร่าง การประมาณค่าเชิงสถิติ แบบจำลองกล้อง ภาพสามมิติสองมุมมอง การสร้างภาพขึ้นใหม่จากหลายมุมมอง เทคนิคการตรวจจับและตัดแยกคุณลักษณะเด่นจากภาพ การเรียนรู้ของเครื่องจักรสําหรับการแยกแยะวัตถุ การเรียนรู้เชิงลึกสําหรับการแยกแยะวัตถุ การวิเคราะห์การเคลื่อนที่และการรู้จำท่าทาง การประยุกต์ใช้คอมพิวเตอร์วิทัศน์,,8896543,https://edu.mju.ac.th/www/CourseDescription.aspx
10301381,1,10301381-1,การบริหารโครงการคอมพิวเตอร์,3,2,3,5,3(2-3-5),วิทยาศาสตร์,แนะนำเกี่ยวกับการจัดการผู้ร่วมทำโครงการ การวางแผนวัฎจักรของโครงการ กรณีศึกษาเกี่ยวกับความเป็นไปได้ของโครงการ การวิเคราะห์การเงินของโครงการ การบริหารความเสี่ยง การวิเคราะห์ภายใต้สถานการณ์ไม่แน่นอน เทคนิคการวางกำหนดการ การติดตามและการควบคุม การจัดสรรทรัพยากร,,8896544,https://edu.mju.ac.th/www/CourseDescription.aspx
10301382,1,10301382-1,การเป็นผู้ประกอบการทางด้านคอมพิวเตอร์และนวัตกรรม,3,2,3,5,3(2-3-5),วิทยาศาสตร์,"ศึกษาความคิดและลักษณะของการเป็นผู้ประกอบการ วิธีการเริ่มธุรกิจหรือพัฒนาธุรกิจใหม่ นับตั้งแต่การวิเคราะห์และประเมินโอกาสทางธุรกิจ การศึกษาความเป็นไปได้ 
การออกแบบเกณฑ์ สำหรับการวางแผน การจัดทำแผนธุรกิจ และการพัฒนาธุรกิจทางด้านคอมพิวเตอร์และนวัตกรรม",,8896545,https://edu.mju.ac.th/www/CourseDescription.aspx
10301383,1,10301383-1,บล็อกเชนและคริปโทเคอร์เรนซี่,3,2,3,5,3(2-3-5),วิทยาศาสตร์,แนะนำเทคโนโลยีบล็อกเชน หลักการการเข้ารหัสลับ ชนิดของบล็อกเชน บิทคอยน์ อีเธอร์เลียม ไฮเปอร์เลจเจอร์ โปรโตคอลอื่น ๆ สมาร์ทคอนแทรค การจ่ายคริปโทเคอร์เรนซี่ กฎหมายและข้อบังคับในเทคโนโลยีบล็อกเชน เครื่องมือและเทคนิค การออกแบบและพัฒนาระบบ,,8896546,https://edu.mju.ac.th/www/CourseDescription.aspx
10301384,1,10301384-1,ระบบธุรกิจอัจฉริยะ,3,2,3,5,3(2-3-5),วิทยาศาสตร์,ความรู้เบื้องต้นเกี่ยวกับระบบธุรกิจอัจฉริยะ หลักการและองค์ประกอบของธุรกิจอัจฉริยะ เฟรมเวิร์คของข้อมูล การพัฒนาคลังข้อมูล โมเดลของคลังข้อมูล ระดับความซับซ้อนของคลังข้อมูลสถาปัตยกรรมของคลังข้อมูล การวิเคราะห์คลังข้อมูล การออกแบบระบบธุรกิจอัจฉริยะ,"บทบาทของระบบการจัดการลูกค้าสัมพันธ์และการประยุกต์ใช้ระบบธุรกิจอัจฉริยะ
ในการสนับสนุนการตัดสินใจ",8896547,https://edu.mju.ac.th/www/CourseDescription.aspx
10301385,1,10301385-1,ระบบบริหารสารสนเทศเพื่อการจัดการ,3,2,3,5,3(2-3-5),วิทยาศาสตร์,"ความรู้เกี่ยวกับเทคโนโลยีสารสนเทศ วิธีการพัฒนาระบบสารสนเทศเพื่อ
การบริหารจัดการเพื่อช่วยการตัดสินใจในองค์กรธุรกิจ การวางแผนทรัพยากรขององค์กร","การจัดการห่วงโซ่อุปทาน การจัดการลูกค้าสัมพันธ์ การทำธุรกิจผ่านระบบเครือข่ายอินเทอร์เน็ต 
การพาณิชย์อิเล็กทรอนิกส์ แนะนำระบบสนับสนุนการตัดสินใจ",8896548,https://edu.mju.ac.th/www/CourseDescription.aspx
10301391,1,10301391-1,หัวข้อพิเศษทางวิทยาการคอมพิวเตอร์ 1,3,2,3,5,3(2-3-5),วิทยาศาสตร์,หัวข้อพิเศษที่มีความทันสมัย น่าสนใจจะถูกกำหนดและประกาศโดยหลักสูตรฯ เพื่อให้นักศึกษาได้ศึกษา ปฏิบัติและอภิปรายในหัวข้อพิเศษ รายวิชานี้มีไว้สำหรับนักศึกษาและอาจารย์ ได้ติดตามและเรียนรู้ความรู้และวิทยาการใหม่ ๆ ในสาขาวิชาวิทยาการคอมพิวเตอร์,,8896549,https://edu.mju.ac.th/www/CourseDescription.aspx
10301392,1,10301392-1,หัวข้อพิเศษทางวิทยาการคอมพิวเตอร์ 2,3,2,3,5,3(2-3-5),วิทยาศาสตร์,หัวข้อพิเศษที่มีความทันสมัย น่าสนใจจะถูกกำหนดและประกาศโดยหลักสูตรฯ เพื่อให้นักศึกษาได้ศึกษา ปฏิบัติและอภิปรายในหัวข้อพิเศษ รายวิชานี้มีไว้สำหรับนักศึกษาและอาจารย์ได้ติดตามและเรียนรู้ความรู้และวิทยาการใหม่ ๆ ในสาขาวิชาวิทยาการคอมพิวเตอร์,"เว้นหัวข้อที่เคยศึกษามาแล้วในรายวิชาอื่น ๆ เพื่อให้นักศึกษาได้เรียนรู้ และได้รับความรู้ใหม่ ๆ 
เพิ่มมากขึ้น",8896550,https://edu.mju.ac.th/www/CourseDescription.aspx
10301461,7001,10301461-7001,สัมมนาวิชาการทางวิทยาการคอมพิวเตอร์,3,3,0,6,3(3-0-6),วิทยาศาสตร์,การศึกษา ค้นคว้า ทบทวนวรรณกรรม และการนำเสนอผลงานทางวิชาการ การอภิปรายและแลกเปลี่ยนความรู้ในหัวข้อที่น่าสนใจและทันสมัยทางวิทยาการคอมพิวเตอร์ระดับปริญญาตรี,,8900510,https://edu.mju.ac.th/www/CourseDescription.aspx
10301491,1,10301491-1,สัมมนาวิชาการทางวิทยาการคอมพิวเตอร์,3,3,0,6,3(3-0-6),วิทยาศาสตร์,"การฝึกปฏิบัติการทบทวนวรรณกรรม การนำเสนอและการอภิปรายหัวข้อ
ที่น่าสนใจ และทันสมัย ในทางวิทยาการคอมพิวเตอร์ ระดับปริญญาตรี",,8896441,https://edu.mju.ac.th/www/CourseDescription.aspx
10301497,7001,10301497-7001,สหกิจศึกษา,6,0,270,0,6(0-270-0),วิทยาศาสตร์,การปฏิบัติงานจริงเสมือนเป็นพนักงานในสถานประกอบการที่เกี่ยวข้องกับสาขาวิชาวิทยาการคอมพิวเตอร์ ระยะเวลาปฏิบัติงานต่อเนื่องไม่น้อยกว่า 16 สัปดาห์ การอบรมเตรียมความพร้อมก่อนไปปฏิบัติงานสหกิจศึกษา การจัดทำรายงานผลการปฏิบัติงานสหกิจศึกษา การนำเสนอผลงานในการสัมมนาร่วมกับนักศึกษา อาจารย์ที่ปรึกษา หรืออาจารย์นิเทศ,,8900512,https://edu.mju.ac.th/www/CourseDescription.aspx
10301498,7001,10301498-7001,การเรียนรู้อิสระ,6,0,270,0,6(0-270-0),วิทยาศาสตร์,การวิจัย การศึกษา หรือการจัดทำโครงงานวิชาชีพในสาขาวิชาวิทยาการคอมพิวเตอร์ การฝึกอบรมเพื่อเสริมสร้างความรู้ตามความเหมาะสม การดำเนินงานภายใต้การกำกับดูแลของอาจารย์ที่ปรึกษาการเรียนรู้อิสระ การจัดทำโครงการหรือโครงร่างการเรียนรู้อิสระ การจัดทำรายงานฉบับสมบูรณ์ การนำเสนอผลงานภายใน 1 ภาคการศึกษา,,8900513,https://edu.mju.ac.th/www/CourseDescription.aspx
10301499,7001,10301499-7001,การศึกษา หรือ ฝึกงาน หรือ ฝึกอบรมต่างประเทศ,6,0,270,0,6(0-270-0),วิทยาศาสตร์,การศึกษา การฝึกงาน หรือการฝึกอบรมในต่างประเทศในเรื่องที่เกี่ยวข้องกับสาขาวิชาวิทยาการคอมพิวเตอร์ การเสนอโครงการศึกษา ฝึกงาน หรือฝึกอบรม การรายงานผลในลักษณะรายงานทางวิชาการ การดำเนินงานทุกขั้นตอนภายใต้ความเห็นชอบของอาจารย์ที่ปรึกษารายวิชา,,8900514,https://edu.mju.ac.th/www/CourseDescription.aspx
10304205,1,10304205-1,ความน่าจะเป็นและสถิติ,3,3,0,6,3(3-0-6),วิทยาศาสตร์,"แนวคิดพื้นฐานเกี่ยวกับความน่าจะเป็น การแจกแจงความน่าจะเป็น 
การแจกแจงของตัวแปรสุ่มที่สำคัญ การประมาณค่า ช่วงแห่งความเชื่อมั่น การทดสอบสมมติฐาน การวิเคราะห์ความแปรปรวน การถดถอย สหสัมพันธ์ การทดสอบไคกำลังสอง สถิติศาสตร์ไม่อิงพารามิเตอร์",,8896356,https://edu.mju.ac.th/www/CourseDescription.aspx
10305108,1,10305108-1,แคลคูลัสสำหรับวิทยาศาสตร์และเทคโนโลยี,3,3,0,6,3(3-0-6),วิทยาศาสตร์,ลิมิตและความต่อเนื่องของฟังก์ชัน อนุพันธ์ของฟังก์ชันและการประยุกต์ อินทิกรัลไม่จำกัดเขตและอินทิกรัลจำกัดเขต สมการเชิงอนุพันธ์สามัญอันดับหนึ่งและการประยุกต์ เมทริกซ์และการหาผลเฉลยของระบบสมการเชิงเส้น,,8896358,https://edu.mju.ac.th/www/CourseDescription.aspx
10355205,7001,10355205-7001,ความน่าจะเป็นและสถิติ,3,3,0,6,3(3-0-6),วิทยาศาสตร์,แนวคิดพื้นฐานเกี่ยวกับความน่าจะเป็น การแจกแจงความน่าจะเป็น การแจกแจงของตัวแปรสุ่มที่สำคัญ การประมาณค่า ช่วงแห่งความเชื่อมั่น การทดสอบสมมติฐาน การวิเคราะห์ความแปรปรวน การถดถอย ค่าสหสัมพันธ์ การทดสอบไคสแควร์ สถิติศาสตร์ไม่อิงพารามิเตอร์,,8900497,https://edu.mju.ac.th/www/CourseDescription.aspx
10400406,01,10400406-01,นานาสาระเกี่ยวกับอาหารและยา,3,3,0,6,3(3-0-6),วิศวกรรมและอุตสาหกรรมเกษตร,ความสำคัญของอาหาร วัฒนธรรมการบริโภคอาหาร การใช้เทคโนโลยีกับอาหารในชีวิตประจำวัน การใช้ประโยชน์จาก อาหารนอกเหนือจากการบริโภค การให้บริการด้านอาหาร ธุรกิจอาหารขนาดเล็ก การตลาดอาหาร โลจิสติกส์และซัพพลายเชน เภสัชโภชนภัณฑ์และอาหารฟังก์ชั่น ความรู้ทั่วไปเกี่ยวกับยา อันตรายจากการใช้ยา ความรู้เกี่ยวกับยาเสพ ติดให้โทษ สิทธิของผู้บริโภคและการคุ้มครองผู้บริโภคทางอาหารและยา,,8895601,https://edu.mju.ac.th/www/CourseDescription.aspx
10400407,01,10400407-01,ทักษะดิจิทัลในศตวรรษที่ 21,3,3,0,6,3(3-0-6),วิศวกรรมและอุตสาหกรรมเกษตร,แฟลทฟอร์มการเรียนรู้ล่าสุด ทักษะดิจิทัลสำหรับเครื่องมือเพิ่มประสิทธิภาพสำนักงานในที่ทำงาน โซเชียลมีเดียและเครื่องมือที่ทันสมัยสำหรับธุรกิจออนไลน์ เทคโนโลยีสมัยใหม่ เช่น โดรน หุ่นยนต์ ความจริงเสมือน และปัญญาประดิษฐ์ (AI) ในศตวรรษที่ 21 ความปลอดภัยทางไซเบอร์และการป้องกันข้อมูล การรู้เท่าทันดิจิทัลทางสังคมในการสื่อสารผ่านโซเชียลมีเดีย,,8895602,https://edu.mju.ac.th/www/CourseDescription.aspx
10400408,01,10400408-01,อาหารและเทคโนโลยี,3,3,0,6,3(3-0-6),วิศวกรรมและอุตสาหกรรมเกษตร,องค์ประกอบของอาหารและคุณค่าทางโภชนาการของแต่ละองค์ประกอบ การเปลี่ยนแปลงของอาหาร เทคโนโลยียืดอายุ การเก็บและแปรรูปอาหาร เทคโนโลยีการบรรจุอาหาร เทคโนโลยีกับการจัดเก็บและการกระจายสินค้าอาหาร เทคโนโลยี การจัดการของเหลือในอุตสาหกรรมอาหาร,,8895603,https://edu.mju.ac.th/www/CourseDescription.aspx
10400502,01,10400502-01,ผู้ประกอบการนวัตกรรมทางการเกษตร,3,2,2,5,3(2-2-5),วิศวกรรมและอุตสาหกรรมเกษตร,แนวคิด องค์ความรู้ และทักษะการเป็นผู้ประกอบการใหม่เพื่อประกอบธุรกิจนวัตกรรมเกษตร การบริหารจัดการนวัตกรรม กฎหมายธุรกิจนวัตกรรม การจัดการทรัพย์สินทางปัญญา แหล่งทุนสำหรับผู้ประกอบการนวัตกรรม ผู้ประกอบการธุรกิจเพื่อสังคม ผู้ประกอบการขององค์กร แบบจำลองการดำเนินธุรกิจนวัตกรรม และตัวอย่างธุรกิจที่ขับเคลื่อนด้วยนวัตกรรม,,8895610,https://edu.mju.ac.th/www/CourseDescription.aspx
10500501,01,10500501-01,เศรษฐศาสตร์เพื่อชีวิตประจำวันและการประกอบการ,3,3,0,6,3(3-0-6),เศรษฐศาสตร์,การศึกษาเกี่ยวกับความหมาย ความสำคัญของเศรษฐศาสตร์เพื่อชีวิตประจำวันและการประกอบการที่เกี่ยวข้องกับเศรษฐกิจในชีวิตประจำวัน วิวัฒนาการทางเศรษฐกิจ ภาวะเงินเฟ้อ เงินฝืด ปัจจัยการผลิต บทบาททางเศรษฐกิจของภาครัฐที่มีผลกระทบต่อชีวิตประจำวัน เศรษฐกิจที่เกี่ยวข้องกับการเงินการคลัง และการวางแผนทางการเงินเพื่อการประกอบการ เพื่อให้เกิดวิธีคิดต่อการเข้าใจและสามารถปรับตัวให้เข้ากับการเปลี่ยนแปลงของภาวะเศรษฐกิจในชีวิตประจำวันได้และสามารถพัฒนาใช้เป็นแนวคิดในการประกอบธุรกิจอันนำไปสู่การเป็นเจ้าของกิจการในอนาคต ได้,,8895609,https://edu.mju.ac.th/www/CourseDescription.aspx
10700101,01,10700101-01,สังคมโลกสมัยใหม่ในชีวิตประจำวัน,3,3,0,6,3(3-0-6),ศิลปศาสตร์,การเปลี่ยนแปลงที่สำคัญในโลกสมัยใหม่ส่งผลต่อการใช้ชีวิตของมนุษย์ในด้านต่างๆ ทั้งทางเศรษฐกิจ สังคม วัฒนธรรม การเมือง และด้านอื่นๆ การใช้ชีวิตอย่างรู้เท่าทันการเปลี่ยนแปลงทางสังคมนำไปสู่การปรับตัวในโลกสมัยใหม่,,8895582,https://edu.mju.ac.th/www/CourseDescription.aspx
10700101,7001,10700101-7001,ภาษาไทยเพื่อการนำเสนอ,3,2,2,5,3(2-2-5),ศิลปศาสตร์,การใช้ภาษาไทยเพื่อสื่อสารในสถานการณ์ต่าง ๆ ทักษะภาษาไทยด้านการฟัง พูด อ่าน และเขียน เพื่อนำเสนอได้อย่างมีประสิทธิภาพในการทำงานและการดำเนินชีวิต สื่อดิจิทัลเพื่อการนำเสนออย่างเหมาะสมและมีจริยธรรมในการสื่อสาร,,8900234,https://edu.mju.ac.th/www/CourseDescription.aspx
10700102,01,10700102-01,อารยธรรมและโลกสมัยใหม่,3,3,0,6,3(3-0-6),ศิลปศาสตร์,พัฒนาการและความสัมพันธ์ของอารยธรรมที่สำคัญในพื้นที่ทางภูมิศาสตร์ และพื้นที่ทางวัฒนธรรม ตามภูมิหลังทางประวัติศาสตร์ ที่มีอิทธิพลต่อสังคมโลก และบริบทของโลกสมัยใหม่,,8895583,https://edu.mju.ac.th/www/CourseDescription.aspx
10700102,7001,10700102-7001,ภาษาไทยเพื่อการสื่อสาร,3,2,2,5,3(2-2-5),ศิลปศาสตร์,ความสำคัญของภาษาไทย การใช้ภาษาไทยเพื่อการสื่อสารให้เหมาะสมกับสถานการณ์ต่าง ๆ การฟังเพื่อสรุปความ การพูดนำเสนอหน้าชั้นเรียนและพูดผ่านสื่อ การอ่านสรุปความ การเขียนย่อหน้าและเขียนให้ความรู้หรือแสดงความคิดเห็น และการรับสารด้วยการฟังละการอ่านอย่างรู้เท่าทันสื่อ,,8900235,https://edu.mju.ac.th/www/CourseDescription.aspx
10700103,01,10700103-01,ประวัติศาสตร์และพัฒนาการของล้านนา,3,3,0,6,3(3-0-6),ศิลปศาสตร์,ความสำคัญของประวัติศาสตร์ท้องถิ่น ความเป็นมาของล้านนา พัฒนาการด้านการเมือง เศรษฐกิจ สังคมและวัฒนธรรม ตั้งแต่สมัยโบราณจนถึงปัจจุบัน,,8895584,https://edu.mju.ac.th/www/CourseDescription.aspx
10700103,7001,10700103-7001,ภาษาไทยเพื่อการสื่อสารสำหรับชาวต่างประเทศ,3,2,2,5,3(2-2-5),ศิลปศาสตร์,ฝึกทักษะการฟัง พูด อ่าน เขียน การใช้ภาษาไทยเพื่อการสื่อสารได้อย่างถูกต้อง เหมาะสม และมีประสิทธิภาพ,,8900236,https://edu.mju.ac.th/www/CourseDescription.aspx
10700104,01,10700104-01,ผู้สูงอายุและสังคมผู้สูงวัย,3,3,0,6,3(3-0-6),ศิลปศาสตร์,ความรู้เบื้องต้นเกี่ยวกับผู้สูงอายุและสังคมผู้สูงวัย สถานการณ์ผู้สูงอายุ การดำเนินนโยบายและการจัดการเรื่องผู้สูงอายุ แนวคิดและทฤษฎีเกี่ยวกับผู้สูงอายุ การเปลี่ยนแปลงที่อยู่อาศัยและการย้ายถิ่นของผู้สูงอายุ และการพัฒนาคุณภาพชีวิตในกลุ่มผู้สูงอายุ,,8895585,https://edu.mju.ac.th/www/CourseDescription.aspx
10700104,7001,10700104-7001,ภาษาอังกฤษในชีวิตประจำวัน,3,2,2,5,3(2-2-5),ศิลปศาสตร์,พัฒนาทักษะภาษาอังกฤษทั้ง 4 ด้าน ได้แก่ การฟัง การพูด การอ่าน และการเขียน ในระดับพื้นฐาน (A2) เพื่อใช้ในการสื่อสารในชีวิตประจำวัน โดยใช้เนื้อหาและสื่อประกอบจากหนังสือเรียน VOICES (National Geographic Learning) ซึ่งมีเนื้อหาเชื่อมโยงกับชีวิตจริงและวัฒนธรรมจากหลากหลายประเทศ ส่งเสริมการเรียนรู้การสื่อสารภาษาอังกฤษทั้ง 4 ด้าน ผ่านกิจกรรมในบทเรียน การทำงานเป็นคู่ การอภิปรายกลุ่ม และการนำเสนอวิดีโอกลุ่ม มุ่งเน้นให้ผู้เรียนสามารถสื่อสารได้อย่างเหมาะสมในบริบทที่มีความหลากหลายทางวัฒนธรรม ตระหนักถึงการใช้ภาษาและเทคโนโลยีอย่างมีจริยธรรมในการเรียนรู้และการดำเนินชีวิตในสังคม,,8900237,https://edu.mju.ac.th/www/CourseDescription.aspx
10700105,01,10700105-01,มนุษย์ สังคม เทคโนโลยีและสิ่งแวดล้อม,3,3,0,6,3(3-0-6),ศิลปศาสตร์,ศึกษาความเป็นมาของมนุษย์ ความสัมพันธ์ของมนุษย์ และธรรมชาติ วิวัฒนาการของ สังคม เทคโนโลยี และผลกระทบต่อสังคมและสิ่งแวดล้อม ประชากร การเปลี่ยนแปลงของสังคมโลก ความเสี่ยง และผลกระทบในการพัฒนาที่มีต่อธรรมชาติและระบบนิเวศและการพัฒนาอย่างยั่งยืนเพื่อรักษาทรัพยากรธรรมชาติและสิ่งแวดล้อม,,8895586,https://edu.mju.ac.th/www/CourseDescription.aspx
10700105,7001,10700105-7001,ภาษาอังกฤษเบื้องต้นสำหรับธุรกิจกิจและสตาร์ทอัพ,3,2,2,5,3(2-2-5),ศิลปศาสตร์,คำศัพท์ภาษาอังกฤษธุรกิจเบื้องต้น ไวยากรณ์ บทสนทนาและสำนวนเกี่ยวกับการทำธุรกิจ จริยธรรมในการทำธุรกิจ ทักษะการพูดเพื่อนำเสนองานทางธุรกิจเพื่อทำธุรกิจและสตาร์ทอัพ,,8900241,https://edu.mju.ac.th/www/CourseDescription.aspx
10700106,01,10700106-01,สังคมและวัฒนธรรมไทย,3,3,0,6,3(3-0-6),ศิลปศาสตร์,ศึกษาความเป็นมาของสังคมไทย ปัจจัยที่กำหนดลักษณะทางการเศรษฐกิจ สังคม การเมือง ตลอดจนโครงสร้างของสังคมไทยในปัจจุบัน และลักษณะที่สืบเนื่องจากสังคมไทยในอดีต รวมทั้งแนวโน้มการเปลี่ยนแปลงทางสังคมและวัฒนธรรม,,8895587,https://edu.mju.ac.th/www/CourseDescription.aspx
10700106,7001,10700106-7001,ภาษาอังกฤษผ่านวัฒนธรรมป๊อป,3,2,2,5,3(2-2-5),ศิลปศาสตร์,ศึกษาการใช้ภาษาอังกฤษผ่านสื่อวัฒนธรรมร่วมสมัย (Pop Culture) เช่น เพลง ภาพยนตร์ ละครโทรทัศน์ โซเชียลมีเดีย และเนื้อหาดิจิทัล เพื่อพัฒนาทักษะการฟัง พูด อ่าน เขียน และการคิดวิเคราะห์ ฝึกการสื่อสารและการแสดงความคิดเห็นอย่างสร้างสรรค์ในหัวข้อที่เกี่ยวข้องกับสังคมและวัฒนธรรมร่วมสมัย ฝึกใช้ภาษาอังกฤษในบริบทที่หลากหลายผ่านกิจกรรมกลุ่ม การอภิปราย การสร้างสื่อ และการนำเสนอ พร้อมทั้งปลูกฝังจริยธรรมของพลเมืองดิจิทัลและความเคารพต่อความหลากหลายทางวัฒนธรรม,,8900238,https://edu.mju.ac.th/www/CourseDescription.aspx
10700107,01,10700107-01,วรรณกรรมไทยร่วมสมัยกับการเกษตรและสิ่งแวดล้อม,3,2,2,5,3(2-2-5),ศิลปศาสตร์,ลักษณะวรรณกรรมไทยร่วมสมัย ความสัมพันธ์ระหว่างวรรณกรรมไทยร่วมสมัยกับสังคม กลวิธีการนำเสนอและคุณค่า แนวทางการศึกษาวรรณกรรมไทยร่วมสมัย การวิเคราะห์วิจารณ์วรรณกรรมไทยร่วมสมัยกับการเกษตรและสิ่งแวดล้อม,,8895588,https://edu.mju.ac.th/www/CourseDescription.aspx
10700107,7001,10700107-7001,ภาษาอังกฤษเพื่อการเกษตรอัจฉริยะและยั่งยืน,3,3,0,6,3(3-0-6),ศิลปศาสตร์,ศึกษาและฝึกทักษะภาษาอังกฤษที่เกี่ยวข้องกับเกษตรอัจฉริยะและการเกษตรเพื่อความยั่งยืน เน้นคำศัพท์เฉพาะทาง การอ่านจับใจความจากแหล่งข้อมูลจริง การฟังข่าวสารหรือการบรรยายเกี่ยวกับเกษตรสมัยใหม่ ฝึกพูดและเขียนเพื่อการสื่อสารในสถานการณ์ทางวิชาชีพเกษตร ทั้งในระดับท้องถิ่นและระดับนานาชาติ,,8900242,https://edu.mju.ac.th/www/CourseDescription.aspx
10700108,01,10700108-01,อาหารกับสังคม,3,2,2,5,3(2-2-5),ศิลปศาสตร์,ศึกษาความหมายของอาหาร ความสัมพันธ์ของมนุษย์กับอาหาร อิทธิพลของตลาดกับวัฒนธรรมท้องถิ่น ความเชื่อมโยงของอาหารกับวัฒนธรรม พิธีกรรมและความเชื่อของมนุษย์ การเคลื่อนที่ของอาหารจากแหล่งผลิตไปสู่ผู้บริโภค ความสัมพันธ์เชิงอำนาจของผู้ปฏิบัติการหลากหลายกลุ่มในห่วงโซ่อาหาร พลวัตของวัฒนธรรมอาหาร รวมถึงผลกระทบของอาหารที่มีต่อสังคม,,8895589,https://edu.mju.ac.th/www/CourseDescription.aspx
10700108,7001,10700108-7001,สมาร์ตทอล์ก,3,2,2,5,3(2-2-5),ศิลปศาสตร์,คำศัพท์ สำนวนและไวยากรณ์ภาษาอังกฤษที่เกี่ยวข้องกับการทำงาน การเรียน สิ่งแวดล้อม และการท่องเที่ยว โดยมุ่งเน้นการเพิ่มพูนทักษะการสื่อสารในชีวิตประจำวันด้วยการฝึกฟังและพูด,,8900243,https://edu.mju.ac.th/www/CourseDescription.aspx
10700109,01,10700109-01,จิตอาสาเพื่อพัฒนาสังคม,3,2,2,5,3(2-2-5),ศิลปศาสตร์,ศึกษาความหมาย ลักษณะและแนวคิดเกี่ยวกับจิตอาสาและการพัฒนาสังคม ทิศทางของการดำเนินกิจกรรมจิตอาสาในสังคมไทย วิเคราะห์ปัญหาสังคมไทย รวมถึงสร้างสรรค์กิจกรรมและโครงการจิตอาสาเพื่อแก้ปัญหาและพัฒนาสังคม,,8895590,https://edu.mju.ac.th/www/CourseDescription.aspx
10700109,7001,10700109-7001,ภาษาอังกฤษบูรณาการเพื่อการสื่อสารด้านการเกษตรสากล,3,3,0,6,3(3-0-6),ศิลปศาสตร์,ทักษะการสื่อสารภาษาอังกฤษระดับกลางขั้นสูงเพื่อการเกษตรในบริบทสากล โดยมุ่งเน้นการใช้คำศัพท์และโครงสร้างทางวิชาชีพด้านการเกษตร การประยุกต์และวิเคราะห์ข้อมูลจากสื่อหลากหลายรูปแบบ การเขียนเชิงวิชาการและการนำเสนอด้วยวาจาในประเด็นด้านการเกษตรยุคใหม่ การบูรณาการเทคโนโลยีดิจิทัลในการสื่อสาร และการยึดถือจริยธรรมและกฎระเบียบในบริบทวิชาชีพ,,8900240,https://edu.mju.ac.th/www/CourseDescription.aspx
10700201,01,10700201-01,จิตวิทยากับพฤติกรรมมนุษย์,3,3,0,6,3(3-0-6),ศิลปศาสตร์,ศึกษาแนวคิดทางด้านพฤติกรรม พื้นฐานชีววิทยาของพฤติกรรม พัฒนาการมนุษย์ กระบวนการทางจิต บุคลิกภาพ พฤติกรรมสุขภาพ และพฤติกรรมทางสังคม,,8895611,https://edu.mju.ac.th/www/CourseDescription.aspx
10700202,01,10700202-01,สุขภาพสำหรับคนรุ่นใหม่,3,2,2,5,3(2-2-5),ศิลปศาสตร์,แนวคิด ทฤษฎี ความสำคัญ ปัจจัยที่มีผลต่อการมีสุขภาวะที่ดี การเสริมสร้างและการปรับเปลี่ยนพฤติกรรมทางสุขภาพ การสำรวจ ตรวจสอบและการประเมินสุขภาวะเบื้องต้น การออกกำลังกายเพื่อสุขภาพ อาหารและยาในชีวิตประจำวัน การจัดการภัยพิบัติและการช่วยเหลือในภาวะวิกฤติ อนามัยเจริญพันธุ์ของแต่ละช่วงวัย และการจัดการสุขภาวะทางจิตที่เหมาะสมกับการเปลี่ยนแปลงของสังคมยุคใหม่,,8895612,https://edu.mju.ac.th/www/CourseDescription.aspx
10700203,01,10700203-01,ศาสตร์และศิลป์แห่งปัญญาชน,3,2,2,5,3(2-2-5),ศิลปศาสตร์,การนำศาสตร์ว่าด้วยวิชาความรู้และการมีศิลปะในการดำเนินชีวิตของนักศึกษา ทำการศึกษาเกี่ยวกับการรู้จักตนเอง การรู้จักผู้อื่น เทคนิคและกลวิธีในการรู้จักตนเองและผู้อื่น การสื่อสารและมนุษยสัมพันธ์ การพัฒนาบุคลิกภาพ ทักษะการคิดและการวิเคราะห์ปัญหา สถานการณ์ทางเศรษฐกิจ สังคม และการเมืองในปัจจุบัน รวมไปถึงการปลูกจิตสำนึกในสาธารณสมบัติตลอดจนการดำรงชีวิตในสังคมอย่างเป็นสุข,,8895613,https://edu.mju.ac.th/www/CourseDescription.aspx
10700204,01,10700204-01,มนุษย์กับความงามทางศิลปะ,3,3,0,6,3(3-0-6),ศิลปศาสตร์,ศิลปะ ดนตรีและนาฏศิลป์ เป็นผลงานที่มนุษย์สร้างสรรค์ขึ้น ซึ่งศิลปะทั้ง 3 ส่วนนี้ มีความสัมพันธ์เกี่ยวข้องกัน ซึ่งส่งผลต่อจิตใจยังความสมบูรณ์ของความเป็นมนุษย์ มนุษย์จึงรู้ดีว่าสุนทรียศาสตร์เป็นกระบวนการสร้างคุณค่าที่มีความสำคัญสูงสุด เมื่อมีความรู้ความเข้าใจในศิลปะทั้ง 3 ส่วน ก็สามารถชื่นชมความงามในธรรมชาติ สภาพแวดล้อมและผลงานศิลปะในรูปแบบต่างๆ ได้ ซึ่งทำให้มนุษย์มีความสุขความเพลิดเพลิน สามารถเลือกสรรสิ่งจำเป็นสำหรับชีวิตได้อย่างมีรสนิยมและมีคุณค่า สามารถพัฒนาคุณภาพชีวิตให้มีความสุข และยังเป็นการเพิ่มศักยภาพทางด้านสังคมวัฒนธรรมให้สูงขึ้น กล่อมเกลาจิตใจเพื่อให้สามารถทำงานร่วมกับผู้อื่น นำไปสู่การประกอบอาชีพในอนาคตได้อย่างมีความสุข,,8895614,https://edu.mju.ac.th/www/CourseDescription.aspx
10700205,01,10700205-01,ศิลปะกับความคิดสร้างสรรค์,3,1,4,4,3(1-4-4),ศิลปศาสตร์,ศิลปะเป็นพื้นฐานของความคิดสร้างสรรค์และความสวยงาม ซึ่งเราสามารถนำไปใช้ในชีวิตประจำวัน ทำให้เกิดประโยชน์ต่อชีวิตและยังใช้กับงานด้านอื่นๆ นับว่ามีบทบาทต่อการดำรงอยู่และความเจริญต่อมนุษย์ สามารถแสดงออกถึงความรู้สึกนึกคิด และความงดงามในจิตใจด้วยผลงานศิลปะ ทั้งในส่วนของทฤษฏีสี องค์ประกอบศิลป์ และงานประติมากรรม และการฝึกฝนเชิงปฏิบัติการเพื่อสร้างสรรค์ผลงานศิลปะอันเปี่ยมด้วยคุณค่าต่อสังคม,,8895615,https://edu.mju.ac.th/www/CourseDescription.aspx
10700207,01,10700207-01,ศิลปะและโบราณคดีในประเทศไทยเพื่อสุนทรียะ,3,3,0,6,3(3-0-6),ศิลปศาสตร์,ความรู้เบื้องต้นเกี่ยวกับศิลปะและโบราณคดี พัฒนาการทางสังคมและวัฒนธรรมในประเทศไทย ศิลปะและโบราณคดีในสมัยก่อนประวัติศาสตร์ สมัยทวารวดี สมัยศรีวิชัย สมัยลพบุรี สมัยหริภุญไชย สมัยล้านนา สมัยสุโขทัย สมัยอยุธยา สมัยรัตนโกสินทร์,,8895620,https://edu.mju.ac.th/www/CourseDescription.aspx
10700209,01,10700209-01,จิตวิทยาเพื่อการดำเนินชีวิตในสังคมสมัยใหม่,3,3,0,6,3(3-0-6),ศิลปศาสตร์,ศึกษาแนวคิด มโนทัศน์ หลักการจิตวิทยาสมัยใหม่และการประยุกต์ใช้ในการดำเนินชีวิตในสังคมสมัยใหม่ เพื่อพัฒนาการตน การเรียนรู้ อารมณ์ แรงจูงใจ บุคลิกภาพ ความเครียดและสุขภาพจิต,,8895624,https://edu.mju.ac.th/www/CourseDescription.aspx
10700210,01,10700210-01,ความสุขและความสำเร็จในการทำงาน,3,3,0,6,3(3-0-6),ศิลปศาสตร์,การประยุกต์ใช้ศาสตร์ทางจิตวิทยาเพื่อการทำงานอย่างมีความสุขและประสบความสำเร็จ ศึกษาแบบของกรอบแนวคิดและอุปนิสัยแห่งความสำเร็จ การบริหารเวลา มนุษยสัมพันธ์ในการทำงาน การสื่อสารและการแสดงออกอย่างเหมาะสม การทำงานเป็นทีมและการแก้ปัญหาความขัดแย้ง ภาวะผู้นำและการตัดสินใจ การปรับสมดุลชีวิตและการทำงาน,,8895625,https://edu.mju.ac.th/www/CourseDescription.aspx
10700211,01,10700211-01,การพัฒนาบุคลิกภาพความเป็นผู้ประกอบการที่ยั่งยืน,3,2,2,5,3(2-2-5),ศิลปศาสตร์,การประยุกต์ใช้ศาสตร์ทางจิตวิทยาในการเสริมสร้างบุคลิกภาพเพื่อความเป็นผู้ประกอบการที่ยั่งยืน เน้นศึกษาพื้นฐานจิตใจ อารมณ์ และพฤติกรรมของแต่ละบุคคล ศึกษาเรียนรู้บุคลิกภาพความเป็นผู้ประกอบการ การจัดทำแผนการเสริมสร้างบุคลิกภาพสู่การเป็นผู้ประกอบการที่ยั่งยืน,,8895626,https://edu.mju.ac.th/www/CourseDescription.aspx
10700212,01,10700212-01,วรรณคดีกับชีวิต,3,2,2,5,3(2-2-5),ศิลปศาสตร์,ความรู้พื้นฐานเกี่ยวกับความหมาย ประเภท ลักษณะ และคุณค่าของวรรณคดีไทย ความสัมพันธ์ระหว่างวรรณคดีไทยกับสังคม วิถีชีวิต และศิลปะแขนงต่างๆ,,8895627,https://edu.mju.ac.th/www/CourseDescription.aspx
10700213,01,10700213-01,วัฒนธรรมข้าวและประเพณีชาวนาไทย,3,3,0,6,3(3-0-6),ศิลปศาสตร์,ความรู้เบื้องต้นเกี่ยวกับคติชนวิทยาและการศึกษาวิถีชีวิตชาวบ้าน ข้อมูลคติชนวิทยาประเภทตำนานและนิทาน พิธีกรรมเกี่ยวกับข้าวและการเพาะปลูกในวัฒนธรรมข้าวของชาวนาไทย เพลงพื้นบ้าน ประเพณี ค่านิยม ข้อห้ามในวัฒนธรรมการทำนาของชาวนาไทย ข้อมูลวัฒนธรรมข้าวและประเพณีไทยในสังคมปัจจุบันที่เปลี่ยนแปลง,,8895628,https://edu.mju.ac.th/www/CourseDescription.aspx
10700301,01,10700301-01,ภาษาไทยเพื่อการนำเสนอ,3,2,2,5,3(2-2-5),ศิลปศาสตร์,ฝึกทักษะการใช้ภาษาไทยเพื่อการนำเสนอในรูปแบบต่างๆ ได้อย่างมีประสิทธิภาพเหมาะสมกับสถานการณ์และสื่อต่างๆ อย่างสร้างสรรค์,,8895630,https://edu.mju.ac.th/www/CourseDescription.aspx
10700302,01,10700302-01,การใช้ภาษาไทยเพื่อการสื่อสาร,3,2,2,5,3(2-2-5),ศิลปศาสตร์,ฝึกทักษะการฟัง พูด อ่าน เขียน การใช้ภาษาไทยเพื่อการสื่อสารอย่างสร้างสรรค์ การประยุกต์ใช้ภาษาไทยในชีวิตประจำวันผ่านสื่อสมัยใหม่อย่างมีวิจารณญาณ,,8895631,https://edu.mju.ac.th/www/CourseDescription.aspx
10700303,01,10700303-01,ภาษาไทยเพื่อการสื่อสารสำหรับชาวต่างประเทศ,3,2,2,5,3(2-2-5),ศิลปศาสตร์,ฝึกทักษะการฟัง พูด อ่าน เขียน การใช้ภาษาไทยเพื่อการสื่อสารได้อย่างถูกต้อง เหมาะสม และมีประสิทธิภาพ,,8895632,https://edu.mju.ac.th/www/CourseDescription.aspx
10700304,01,10700304-01,ภาษาไทยเพื่องานเขียนเชิงวิชาการ,3,2,2,5,3(2-2-5),ศิลปศาสตร์,ศึกษาภาษาไทยเพื่อใช้ในงานเขียนเชิงวิชาการที่สำคัญในระดับอุดมศึกษา เน้นการเขียนที่ถูกต้อง เหมาะสมชัดเจน ทั้งในเรื่องการใช้คำ คำทับศัพท์ เครื่องหมายวรรคตอน การเรียบเรียงประโยค ระดับภาษา การวางโครงเรื่อง การเขียนย่อหน้า คำนำ บทสรุป การเขียนรายงานเชิงวิชาการ การเขียนบทความเชิงวิชาการ และการเรียบเรียงเนื้อหาในโครงการร่างปัญหาพิเศษ,,8895633,https://edu.mju.ac.th/www/CourseDescription.aspx
10700305,01,10700305-01,ภาษาไทยสำหรับหน่วยงานราชการ,3,2,2,5,3(2-2-5),ศิลปศาสตร์,ศึกษาและทบทวนหลักเกณฑ์การใช้ภาษาไทยในการเขียนสำหรับการทำงานในหน่วยงานราชการ หรือการติดต่อสื่อสารกับหน่วยงานราชการ การเขียนหนังสือราชการ การเขียนหนังสือเชิญประชุมและรายงานการประชุม การสัมภาษณ์ รวมถึงการปฏิบัติตนในขณะพูด มารยาทในการพูดและการฟัง,,8895634,https://edu.mju.ac.th/www/CourseDescription.aspx
10700306,01,10700306-01,ภาษาไทยเพื่อกิจธุระยุคดิจิทัล,3,2,2,5,3(2-2-5),ศิลปศาสตร์,ภาษาไทยเพื่อกิจธุระยุคดิจิทัล ปรากฏการณ์ทางภาษา ความรู้เกี่ยวกับการสื่อสารเพื่อกิจธุระดิจิทัล ประเภทการติดต่อกิจธุระและแนวทางการใช้ภาษา การติดต่อกิจธุระรูปแบบเอกสาร การติดต่อกิจธุระรูปแบบสื่ออิเลกทรอนิกส์และอินเทอร์เน็ต,,8895636,https://edu.mju.ac.th/www/CourseDescription.aspx
10700307,01,10700307-01,ทักษะภาษาอังกฤษสำหรับศตวรรษที่ 21,3,2,2,5,3(2-2-5),ศิลปศาสตร์,ภาษาอังกฤษเพื่อการสื่อสารในระดับสูงขึ้น ทักษะภาษาอังกฤษสำหรับการดำเนินชีวิตประจำวันในศตวรรษที่ 21 เน้นคำศัพท์ ไวยากรณ์ การฟัง การพูด การอ่าน และ การเขียน โดยมีเนื้อหาที่พื้นฐานมาจากภาษาอังกฤษสำหรับการดำเนินชีวิตประจำวันในศตวรรษที่ 21,,8895635,https://edu.mju.ac.th/www/CourseDescription.aspx
10700308,01,10700308-01,ภาษาอังกฤษในชีวิตประจำวัน,3,2,2,5,3(2-2-5),ศิลปศาสตร์,ภาษาอังกฤษเพื่อการสื่อสารในชีวิตประจำวัน เน้นคำศัพท์ ไวยากรณ์ ทักษะการฟัง การพูด การอ่านและการเขียน,,8895637,https://edu.mju.ac.th/www/CourseDescription.aspx
10700309,01,10700309-01,สนทนาภาษาอังกฤษ,3,2,2,5,3(2-2-5),ศิลปศาสตร์,พัฒนาความสามารถในการพูดภาษาอังกฤษและสื่อสารในชีวิตประจำวัน โดยครอบคลุมถึงภาษาอังกฤษในการทำงาน และฝึกการออกเสียงที่ถูกต้อง,,8895638,https://edu.mju.ac.th/www/CourseDescription.aspx
10700309,1,10700309-1,สนทนาภาษาอังกฤษ,3,2,2,5,3(2-2-5),ศิลปศาสตร์,พัฒนาความสามารถในการพูดภาษาอังกฤษและสื่อสารในชีวิตประจำวัน โดยครอบคลุมถึงภาษาอังกฤษในการทำงาน และฝึกการออกเสียงที่ถูกต้อง,,8896551,https://edu.mju.ac.th/www/CourseDescription.aspx
10700310,01,10700310-01,ภาษาอังกฤษเบื้องต้นสำหรับธุรกิจและสตาร์ทอัพ,3,2,2,5,3(2-2-5),ศิลปศาสตร์,คำศัพท์ภาษาอังกฤษธุรกิจเบื้องต้น ไวยากรณ์ บทสนทนาเกี่ยวกับการทำธุรกิจ สำนวนเกี่ยวกับธุรกิจ ทักษะการพูดเพื่อนำเสนองานทางธุรกิจเพื่อทำธุรกิจและสตาร์ทอัพ,,8895639,https://edu.mju.ac.th/www/CourseDescription.aspx
10700311,01,10700311-01,ภาษาอังกฤษเพื่อการสมัครงาน,3,2,2,5,3(2-2-5),ศิลปศาสตร์,"การใช้ทักษะภาษาอังกฤษในการอ่านประกาศรับสมัครงานและสามารถเลือกงานที่เหมาะสมกับคุณสมบัติของตนเอง จดจำคำศัพท์ที่เกี่ยวข้องกับการสมัครงานและนำไปใช้ได้อย่างถูกต้องและเหมาะสม เขียนเอกสารต่าง ๆ ในการสมัครงาน ได้แก่ resume, cover letterและสามารถใช้ทักษะการสื่อสารในการสัมภาษณ์งานได้อย่างถูกต้องและเหมาะสมตามธรรมเนียมของบริบททางสังคมที่แตกต่างกัน",,8895640,https://edu.mju.ac.th/www/CourseDescription.aspx
10700312,01,10700312-01,ภาษาอังกฤษเชิงวิชาการ,3,2,2,5,3(2-2-5),ศิลปศาสตร์,พัฒนาทักษะภาษาอังกฤษด้านคำศัพท์ ไวยากรณ์ การอ่าน การฟัง การพูดและการเขียน ในบริบทเชิงวิชาการ,,8895641,https://edu.mju.ac.th/www/CourseDescription.aspx
10700313,01,10700313-01,ภาษาอังกฤษเชิงวิทยาศาสตร์และนวัตกรรม,3,2,2,5,3(2-2-5),ศิลปศาสตร์,คำศัพท์เฉพาะด้าน โครงสร้างทางไวยากรณ์ ในบริบทของวิทยาศาสตร์และนวัตกรรม โดยใช้ทักษะสัมพันธ์ด้านการฟัง พูด อ่านและเขียน ประกอบกับการใช้เทคโนโลยีที่เหมาะสมเพื่อส่งเสริมการเรียนรู้ในศตวรรษที่ 21,,8895642,https://edu.mju.ac.th/www/CourseDescription.aspx
10700314,01,10700314-01,ภาษาอังกฤษสำหรับวิชาชีพเกษตร,3,2,2,5,3(2-2-5),ศิลปศาสตร์,คำศัพท์เฉพาะด้าน โครงสร้างทางไวยากรณ์ในบริบททางด้านเกษตร โดยใช้ทักษะสัมพันธ์ฟัง พูด อ่าน และเขียน,,8895643,https://edu.mju.ac.th/www/CourseDescription.aspx
10700315,01,10700315-01,ภาษาอังกฤษเพื่อสังคมโลก,3,2,2,5,3(2-2-5),ศิลปศาสตร์,ศึกษาคำศัพท์เฉพาะด้าน โครงสร้างทางไวยากรณ์ในบริบทสังคมโลก โดยใช้ทักษะสัมพันธ์ การฟัง การพูด การอ่านและการเขียน,,8895644,https://edu.mju.ac.th/www/CourseDescription.aspx
10700316,01,10700316-01,ภาษาอังกฤษเชิงวิทยาศาสตร์และเทคโนโลยีสีเขียวในชีวิตประจำวัน,3,2,2,5,3(2-2-5),ศิลปศาสตร์,คำศัพท์และโครงสร้างทางไวยากรณ์ภาษาอังกฤษในบริบททางด้านวิทยาศาสตร์และเทคโนโลยีเพื่อสิ่งแวดล้อม มุ่งเน้นการฝึกฝนทักษะภาษาอังกฤษและกลวิธีการเรียนภาษาอังกฤษเพื่อใช้สื่อสารเนื้อหาเกี่ยวกับวิทยาศาสตร์และเทคโนโลยี,,8895645,https://edu.mju.ac.th/www/CourseDescription.aspx
10700317,01,10700317-01,ภาษาอังกฤษเพื่อผู้ประกอบการทางการเกษตรสร้างสรรค์,3,2,2,5,3(2-2-5),ศิลปศาสตร์,คำศัพท์และโครงสร้างภาษาอังกฤษทางด้านการเกษตรเพื่อประยุกต์ใช้ในการเป็นผู้ประกอบการทางการเกษตรสร้างสรรค์ในยุคดิจิทัล,,8895646,https://edu.mju.ac.th/www/CourseDescription.aspx
10700318,01,10700318-01,ภาษาอังกฤษสำหรับการท่องเที่ยวสมัยใหม่,3,2,2,5,3(2-2-5),ศิลปศาสตร์,ฝึกทักษะทางภาษาเพื่อใช้ติดต่อสื่อสารในด้านงานบริการการท่องเที่ยวอย่างมีประสิทธิภาพ และเหมาะสม,,8895647,https://edu.mju.ac.th/www/CourseDescription.aspx
10700319,01,10700319-01,ภาษาอังกฤษสำหรับผู้ประกอบการและการค้าระหว่างประเทศ,3,2,2,5,3(2-2-5),ศิลปศาสตร์,คำศัพท์สำคัญในแวดวงธุรกิจ สำนวนภาษา องค์ความรู้ มารยาทและวัฒนธรรมทางการค้าและประยุกต์องค์ความรู้ เพื่อเพิ่มคุณลักษณะความเป็นผู้ประกอบการและการค้าระหว่างประเทศ,,8895648,https://edu.mju.ac.th/www/CourseDescription.aspx
10700320,01,10700320-01,ภาษาอังกฤษเพื่อการศึกษาต่อและการประกอบอาชีพ,3,2,2,5,3(2-2-5),ศิลปศาสตร์,คำศัพท์ สำนวน และทักษะภาษาอังกฤษที่จำเป็นต่อการศึกษาต่อและการประกอบอาชีพ,,8895649,https://edu.mju.ac.th/www/CourseDescription.aspx
10700321,01,10700321-01,ภาษาอังกฤษเพื่อการสื่อสารด้านการเกษตร,3,2,2,5,3(2-2-5),ศิลปศาสตร์,ฝึกทักษะการพูดภาษาอังกฤษเพื่อสื่อสารเกี่ยวกับการเกษตรในชีวิตประจำวัน,,8895650,https://edu.mju.ac.th/www/CourseDescription.aspx
10700322,01,10700322-01,ภาษาอังกฤษสำหรับวิชาชีพบัญชี,3,2,2,5,3(2-2-5),ศิลปศาสตร์,ศึกษาโครงสร้างทางไวยากรณ์ คำศัพท์ และสำนวนเกี่ยวข้องในการทำงานในวิชาชีพบัญชีโดยเน้นทักษะการเรียนรู้ทั้งสี่ด้าน คือ ฟัง พูด อ่าน และการเขียน เพื่อให้นักศึกษาสามารถสนทนาภาษาอังกฤษในสำนักงานและการปฏิบัติงานบัญชีได้ สามารถอ่านและฟังข้อมูลที่เกี่ยวข้องกับงานบัญชี พร้อมทั้งใช้ภาษาอังกฤษในการจัดทำรายงานทางการเงิน และนำเสนอรายงานอย่างมีประสิทธิภาพ,,8895651,https://edu.mju.ac.th/www/CourseDescription.aspx
10700401,01,10700401-01,การรู้สารสนเทศ,3,2,2,5,3(2-2-5),ศิลปศาสตร์,การรู้สารสนเทศ แหล่งสารสนเทศ ทรัพยากรสารสนเทศ การค้นคว้าและการใช้สารสนเทศ การเลือกและการประเมินสารสนเทศ ทั้งในรูปแบบสิ่งพิมพ์และออนไลน์ สังคมสารสนเทศ การอ้างอิงตามหลักวิชาการทั้งสิ่งพิมพ์และออนไลน์,,8895596,https://edu.mju.ac.th/www/CourseDescription.aspx
10800113,01,10800113-01,พลเมืองดิจิทัล,3,3,0,6,3(3-0-6),สารสนเทศและการสื่อสาร,ความสําคัญ แนวคิดและแนวปฏิบัติเกี่ยวกับการเป็นพลเมืองดิจิทัล ได้แก่ การสื่อสารดิจิทัล (Digital Communication) การรู้เท่าทันดิจิทัล (Digital Literacy) การซื้อขายธุรกิจผ่าน / สื่อดิจิทัล (Digital Commerce) การเข้าถึงสื่อดิจิทัล (Digital Access) การใช้สื่ออย่างมีมารยาท (Digital Etiquette) กฎหมายดิจิทัล (Digital Law) สิทธิทางดิจิทัลและความรับผิดชอบ (Digital Right & Responsibilities) ความปลอดภัยทางดิจิทัล (Digital Security) และการใช้สื่อดิจิทัลอย่างมีสุขภาวะทางกายทางใจ (Digital Health) ไปจนถึงเข้าใจผลกระทบของเทคโนโลยีดิจิทัลที่มีต่อสังคม และใช่เพื่อสร้างการเปลี่ยนแปลงทางสังคมในเชิงบวก,,8895594,https://edu.mju.ac.th/www/CourseDescription.aspx
10800114,01,10800114-01,ความฉลาดทางดิจิทัล,3,3,0,6,3(3-0-6),สารสนเทศและการสื่อสาร,ความสําคัญ แนวคิดและแนวปฏิบัติเกี่ยวกับทักษะความฉลาดทางดิจิทัล ได้แก่ทักษะในการรักษาอัตลักษณ์ที่ดีของตนเอง (Digital Citizen Identity) ทักษะการคิดวิเคราะห์มีวิจารณญาณที่ดี (Critical Thinking) ทักษะในการรักษาข้อมูลส่วนตัว (Privacy Management) ทักษะในการจัดสรรเวลาหน้าจอ (Screen Time Management) ทักษะในการบริหารจัดการข้อมูลที่ผู้ใช้งานมีการทิ้งไว้บนโลกออนไลน์ (Digital Footprints),,8895595,https://edu.mju.ac.th/www/CourseDescription.aspx
10800201,7001,10800201-7001,พลเมืองดิจิทัลและการรู้เท่าทันปัญญาประดิษฐ์,3,3,0,6,3(3-0-6),สารสนเทศและการสื่อสาร,ศึกษาความหมาย บทบาท และความสำคัญของการเป็นพลเมืองดิจิทัลในศตวรรษที่ 21 ครอบคลุมสิทธิและเสรีภาพทางดิจิทัล การรู้เท่าทันสื่อและภัยออนไลน์ การมีปฏิสัมพันธ์และมารยาทออนไลน์ การดูแลสุขภาวะดิจิทัล การจัดการตัวตนและชื่อเสียงดิจิทัล ตลอดจนการเข้าใจบทบาทของพลเมืองดิจิทัลต่อการเปลี่ยนแปลงทางสังคม การเป็นผู้ประกอบการดิจิทัล การเรียนรู้ตลอดชีวิต และการปรับตัวต่อเทคโนโลยีใหม่ การใช้ปัญญาประดิษฐ์ในชีวิตประจำวันอย่างรู้เท่าทัน กลไกการผลิตและแพร่กระจายของข้อมูลเท็จเชิงลึก อคติของอัลกอริทึม และ ปรากฏการณ์ข้อมูลหลอนจากปัญญาประดิษฐ์ โดยมุ่งเน้นให้นักศึกษาสามารถประยุกต์ใช้ความรู้และทักษะดิจิทัลอย่างมีจริยธรรม รับผิดชอบต่อสังคม และอยู่ร่วมกับผู้อื่นได้อย่างสร้างสรรค์ในโลกดิจิทัลที่เปลี่ยนแปลงอย่างรวดเร็ว,,8900246,https://edu.mju.ac.th/www/CourseDescription.aspx
10800301,7001,10800301-7001,จักรวาล AI,3,2,2,5,3(2-2-5),สารสนเทศและการสื่อสาร,ความรู้พื้นฐานเกี่ยวกับปัญญาประดิษฐ์ (AI) โปรแกรม AI และการประยุกต์ใช้ AI ในด้านต่างๆ อาทิ การใช้ AI ในชีวิตประจำวัน การประกอบอาชีพ เกษตรอัจฉริยะ การถ่ายภาพ กราฟิก การสร้างเนื้อหา ความคิดสร้างสรรค์ การแก้ปัญหาด้วย AI การป้อนคำสั่ง (Prompting) การวิเคราะห์กรณีศึกษา การใช้ AI อย่างมีจริยธรรม กฎหมายที่เกี่ยวข้อง และอนาคตของ AI ต่อการเปลี่ยนแปลงชีวิตและสังคม,,8900247,https://edu.mju.ac.th/www/CourseDescription.aspx
10800302,7001,10800302-7001,เทคโนโลยีดิจิทัลแห่งอนาคต,3,2,2,5,3(2-2-5),สารสนเทศและการสื่อสาร,"หลักการและแนวคิดพื้นฐานของเทคโนโลยีดิจิทัลที่กำลังเปลี่ยนแปลงโลกในปัจจุบันและอนาคต เช่น ปัญญาประดิษฐ์ (AI), อินเทอร์เน็ตของสรรพสิ่ง (IoT), ระบบเครือข่ายไร้สายยุคใหม่ (5G/6G), บล็อกเชน (Blockchain), บิ๊กดาต้า (Big Data), คลาวด์คอมพิวติ้ง (Cloud Computing) ความเป็นจริงเสมือน (VR/AR/MR) และ ความปลอดภัยไซเบอร์ (Cybersecurity) แนวโน้มทางเทคโนโลยีที่เกิดขึ้นใหม่ วิเคราะห์การนำเทคโนโลยีเหล่านี้ไปประยุกต์ใช้ในอุตสาหกรรมต่างๆ ตลอดจนผลกระทบทางเศรษฐกิจ สังคม และจริยธรรมที่เกี่ยวข้องกับการพัฒนาและการใช้งานเทคโนโลยี ฝึกฝนทักษะการคิดวิเคราะห์ การให้เหตุผล การแก้ปัญหาอย่างเป็นระบบ เพื่อเตรียมพร้อมสำหรับการปรับตัวและใช้ชีวิตในยุคดิจิทัลอย่างชาญฉลาด",,8900248,https://edu.mju.ac.th/www/CourseDescription.aspx
10800401,7001,10800401-7001,การออกแบบแนวคิดและการสร้างแบรนด์,3,2,2,5,3(2-2-5),สารสนเทศและการสื่อสาร,แนวคิดพลวัตและแนวโน้มของอุตสาหกรรม การทำความเข้าใจผู้บริโภคเชิงลึก การยึดถือมาตรฐานวิชาชีพและจริยธรรม การสร้างความน่าเชื่อถือให้กับแบรนด์ การนำเสนอผลงาน การวางแผนธุรกิจ และการพัฒนานวัตกรรมเชิงสร้างสรรค์ การเป็นผู้ประกอบการในยุคดิจิทัล,,8900249,https://edu.mju.ac.th/www/CourseDescription.aspx
10800501,7001,10800501-7001,สื่อสร้างสรรค์เพื่อการเกษตร,3,3,0,6,3(3-0-6),สารสนเทศและการสื่อสาร,"แนวคิดและทฤษฎีเกี่ยวข้องกับการสื่อสาร เทคนิคและกลยุทธ์การประชาสัมพันธ์ เพื่อการจัดทำสื่อสร้างสรรค์เพื่อการเกษตร เช่น สื่อสิ่งพิมพ์, สื่อดิจิทัล, วิดีโอ, และอื่นๆ แนวคิดการถ่ายทอดความรู้และเทคโนโลยี การขับเคลื่อนการเกษตร อาหาร และสุขภาพ การวางแผนการประยุกต์การสื่อสาร เพื่อการพัฒนาการเกษตรแก่ชุมชนให้เกิดความยั่งยืน",,8900250,https://edu.mju.ac.th/www/CourseDescription.aspx
11400110,01,11400110-01,เศรษฐกิจพอเพียงและการพัฒนาที่ยั่งยืน,3,2,2,5,3(2-2-5),วิทยาลัยบริหารศาสตร์,ความหมาย ความเป็นมา คุณลักษณะ เงื่อนไขและประเด็นสำคัญของแนวคิดเศรษฐกิจพอเพียง รวมทั้งความสัมพันธ์ระหว่างแนวคิดเศรษฐกิจพอเพียงที่ส่งผลต่อการพัฒนาที่ยั่งยืน โดยเน้นการศึกษากรณีตัวอย่างของไทย,,8895591,https://edu.mju.ac.th/www/CourseDescription.aspx
11400111,01,11400111-01,อาเซียนศึกษา,3,2,2,5,3(2-2-5),วิทยาลัยบริหารศาสตร์,ศึกษาประวัติศาสตร์และพัฒนาการของอาเซียน หลักการพื้นฐานของอาเซียน กรอบความร่วมมือด้านต่างๆ ของสมาชิกอาเซียน ความร่วมมือระหว่างอาเซียนและคู่เจรจา กฎบัตรอาเซียน ปัญหาและอุปสรรคของการเป็นประชาคมอาเซียน ประเด็นร่วมสมัยเกี่ยวกับอาเซียน ข้อมูลเบื้องต้นเกี่ยวกับ 10 ประเทศสมาชิกอาเซียน,,8895592,https://edu.mju.ac.th/www/CourseDescription.aspx
11400112,01,11400112-01,การต่อต้านการทุจริต,3,2,2,5,3(2-2-5),วิทยาลัยบริหารศาสตร์,ความหมายของการทุจริต ประเภทและรูปแบบของการทุจริต ทุจริตโดยตรง ทุจริตโดยอ้อม ทุจริตเชิงนโยบาย ผลประโยชน์ส่วนตนและส่วนรวมสาเหตุและปัจจัยที่ก่อให้เกิดความขัดแย้งของผลประโยชน์ส่วนตนและผลประโยชน์ส่วนรวม ผลกระทบของการทุจริตที่มีต่อสภาวะทางการเมือง เศรษฐกิจ และสังคม ผลกระทบของการทุจริตที่มีต่อพัฒนาการและความเจริญเติบโตของประเทศ,สาเหตุและปัจจัยที่ก่อให้เกิดการทุจริต หลักธรรมาภิบาลสากลในการปฏิบัติงานนโยบายและแนวทางในการบริหารงานด้านธรรมาภิบาล กฎหมายที่เกี่ยวข้องกับการป้องกัน และปราบปราม การทุจริตในระดับสากลระดับประเทศทัศนคติและความตระหนักถึงผลกระทบที่ร้ายแรงของการทุจริต จิตสำนึกความเป็นพลเมืองดีในการป้องกันและต่อต้านการทุจริต แนวทางในการพัฒนาตนเองเพื่อหลีกเลี่ยงการทุจริต,8895593,https://edu.mju.ac.th/www/CourseDescription.aspx
