faculty,current_students,faculty_id
ผลิตกรรมการเกษตร,2563,1
วิศวกรรมและอุตสาหกรรมเกษตร,885,3
วิทยาศาสตร์,1685,4
วิทยาลัยบริหารศาสตร์,1290,5
บริหารธุรกิจ,4748,6
มหาวิทยาลัยแม่โจ้-ชุมพร,322,7
มหาวิทยาลัยแม่โจ้ - แพร่ เฉลิมพระเกียรติ,1373,8
พัฒนาการท่องเที่ยว,1131,9
เทคโนโลยีการประมงและทรัพยากรทางน้ำ,542,10
เศรษฐศาสตร์,1149,12
ศิลปศาสตร์,1218,14
วิทยาลัยพลังงานทดแทน,973,15
วิทยาลัยนานาชาติ,94,16
สารสนเทศและการสื่อสาร,1734,18
สถาปัตยกรรมศาสตร์และการออกแบบสิ่งแวดล้อม,484,19
สัตวศาสตร์และเทคโนโลยี,882,22
พยาบาลศาสตร์,176,30
สัตวแพทยศาสตร์,196,31
รวม,21445,
