entry_acadyear_be,admitted,graduated_in_2555,graduated_in_2556,graduated_in_2557,graduated_in_2558,graduated_in_2559,graduated_in_2560,graduated_in_2561,graduated_in_2562,graduated_in_2563,graduated_in_2564,graduated_total,graduation_rate_pct,dropped_out,retention_rate_pct
2555,117,0,0,0,81,9,1,5,0,0,0,96,82.05,20,82.91
2556,102,0,0,0,0,35,32,1,3,1,0,72,70.59,30,70.59
2557,110,0,0,0,0,0,60,22,0,0,2,84,76.36,26,76.36
2558,120,0,0,0,0,0,0,77,19,0,5,101,84.17,17,85.83
2559,94,0,0,0,0,0,0,0,49,17,2,68,72.34,20,78.72
2560,97,0,0,0,0,0,0,0,0,54,5,59,60.82,23,76.29
2561,101,0,0,0,0,0,0,0,0,0,47,47,46.53,22,78.22
2562,74,0,0,0,0,0,0,0,0,0,0,0,0.0,12,83.78
2563,84,0,0,0,0,0,0,0,0,0,0,0,0.0,12,85.71
2564,74,0,0,0,0,0,0,0,0,0,0,0,0.0,17,77.03
2565,115,0,0,0,0,0,0,0,0,0,0,0,0.0,21,81.74
2566,108,0,0,0,0,0,0,0,0,0,0,0,0.0,14,87.04
2567,118,0,0,0,0,0,0,0,0,0,0,0,0.0,14,88.14
2568,104,0,0,0,0,0,0,0,0,0,0,0,0.0,8,92.31
2569,84,0,0,0,0,0,0,0,0,0,0,0,0.0,0,100.0
