study_plan_id,program_id,revision_year_be,year,semester,course_id,course_code,title_th,title_en,placeholder_label,credits,is_elective_slot
b8b35c90-fbf0-42b1-954d-d2fe81af32f7,30274689-46d6-4552-89eb-f99f418f3c5f,2565,1,1,74e0fb02-827e-4a35-b043-e4e260377815,10100214,เกษตรเพื่อชีวิต,Agriculture for Life,,3,False
505cfbbf-b1ee-4dc6-9a4a-5f016a32e141,30274689-46d6-4552-89eb-f99f418f3c5f,2565,1,1,ffe8661c-111b-4d93-9360-6350f8d47769,10301111,Course 10301111,Course 10301111,,3,False
70248f82-4227-4247-b564-f597104c3171,30274689-46d6-4552-89eb-f99f418f3c5f,2565,1,1,1d0cd686-741a-435c-a8ae-66a8ac2f09a6,10301112,Course 10301112,Course 10301112,,3,False
9dc887ea-c628-4d01-beaa-3be880bb4f38,30274689-46d6-4552-89eb-f99f418f3c5f,2565,1,1,87e4b06a-33c9-4db9-82b1-73d0eaa29ee0,10305108,Course 10305108,Course 10305108,,3,False
9cc870db-2cef-4e56-8e52-0dc7174451ea,30274689-46d6-4552-89eb-f99f418f3c5f,2565,1,1,b0ab34ab-e4b0-4ec0-9c99-d2f7a71e9b07,10700301,ภาษาไทยเพื่อการนำเสนอ,Thai for Presentation,,3,False
ed6231f5-ecf9-4f2b-9eb1-71fd1538bc17,30274689-46d6-4552-89eb-f99f418f3c5f,2565,1,1,cb8dbf5e-fa16-4f13-bf18-d11449108b71,10700308,ภาษาอังกฤษในชีวิตประจำวัน,English in Everyday Life,,3,False
cc4003cc-c4cf-4305-bfa0-b034e0869aa5,30274689-46d6-4552-89eb-f99f418f3c5f,2565,1,2,7e556c07-dfc4-4f15-9667-6f1b0c3c57db,10301113,คณิตศาสตร์ดีสครีต,Discrete Mathematics,,3,False
4c318321-6d50-4f46-b7f9-936818121d98,30274689-46d6-4552-89eb-f99f418f3c5f,2565,1,2,dfc37723-6aa9-41dc-b4c0-26f85970067f,10301114,Course 10301114,Course 10301114,,3,False
f2ef9ebf-af28-42fc-ae56-948b7244f6db,30274689-46d6-4552-89eb-f99f418f3c5f,2565,1,2,4259d9b9-9c7c-4507-ab7f-f346e367d0de,10301141,Course 10301141,Course 10301141,,3,False
9113887a-c713-49c0-a564-70f8aa2dfd27,30274689-46d6-4552-89eb-f99f418f3c5f,2565,1,2,1ec67f19-82d3-4b5f-a3fc-76284b7c5074,10301212,Course 10301212,Course 10301212,,3,False
c082225c-29ed-4f73-9084-a352485a53f6,30274689-46d6-4552-89eb-f99f418f3c5f,2565,1,2,851ce869-4316-45b2-86fe-66703cb9c92d,10700309,สนทนาภาษาอังกฤษ,English Conversation,,3,False
74e43732-5947-4c44-b998-cb5bfff15186,30274689-46d6-4552-89eb-f99f418f3c5f,2565,1,2,e4e7e727-e153-4a2a-bb32-0bc54e4ec69d,10800113,พลเมืองดิจิทัล,Digital Citizenship,,3,False
71a0cef4-0539-4cdf-9253-7acb471eb406,30274689-46d6-4552-89eb-f99f418f3c5f,2565,2,1,3e79bab4-21f7-42f6-a759-a2b826a9fd9e,10301211,Course 10301211,Course 10301211,,3,False
f095cf85-bc59-4e1f-a9ec-4db04946a519,30274689-46d6-4552-89eb-f99f418f3c5f,2565,2,1,c18c64ed-a7f6-416b-9a98-21e563da9502,10301222,Course 10301222,Course 10301222,,3,False
454c92a4-f264-46fc-85da-4142ed57b557,30274689-46d6-4552-89eb-f99f418f3c5f,2565,2,1,2d2083de-823d-4a01-a676-207834ba262d,10301223,Course 10301223,Course 10301223,,3,False
212e6249-a50e-4bf0-87ae-4a8360dabf01,30274689-46d6-4552-89eb-f99f418f3c5f,2565,2,1,8893a731-0195-4f0a-84b5-6e47082031bc,10301225,Course 10301225,Course 10301225,,3,False
2336872e-5a9d-4135-86c9-820bbaddee63,30274689-46d6-4552-89eb-f99f418f3c5f,2565,2,1,a568e0ee-5b15-4703-9e82-d6a0bb7ab37e,10301231,Course 10301231,Course 10301231,,3,False
a2946b76-a129-454e-8a0e-ab56359e1c08,30274689-46d6-4552-89eb-f99f418f3c5f,2565,2,1,7375902c-18ec-4d41-8039-8eb94a8f0a12,10700313,ภาษาอังกฤษเชิงวิทยาศาสตร์และนวัตกรรม,English for Science and Innovation,,3,False
331edee1-55e5-454d-a497-b4c102c2d932,30274689-46d6-4552-89eb-f99f418f3c5f,2565,2,2,f5e55201-a92a-48b9-adcc-da8774b518b6,10301221,Course 10301221,Course 10301221,,3,False
5b751848-b878-408c-b941-86360d8d2597,30274689-46d6-4552-89eb-f99f418f3c5f,2565,2,2,1e5ffdcd-418e-4625-bbf6-cf7d9e250b53,10301224,Course 10301224,Course 10301224,,3,False
c0130032-ac60-4f94-ac69-b73d9a0ca95f,30274689-46d6-4552-89eb-f99f418f3c5f,2565,2,2,7b6321c2-6516-4ed2-8650-f0cb9b8c2355,10301232,Course 10301232,Course 10301232,,3,False
486185d4-00a1-4cf3-834d-cc75d59d9514,30274689-46d6-4552-89eb-f99f418f3c5f,2565,2,2,50029a76-5db6-4542-a308-32312f2b6b97,10301233,Course 10301233,Course 10301233,,3,False
2cfdaed9-4b2c-437b-8f24-8acf9d75e4ca,30274689-46d6-4552-89eb-f99f418f3c5f,2565,2,2,103f1591-0044-465d-93af-0fabd8c2e029,10304205,ความน่าจะเป็นและสถิติ,Probability and Statistics,,3,False
ba0a578f-f3ba-4d4f-977f-88d5c3b5e92a,30274689-46d6-4552-89eb-f99f418f3c5f,2565,2,2,4f9e0f88-c7f4-414c-a9ae-acace1c67519,10700105,มนุษย์ สังคม เทคโนโลยีและสิ่งแวดล้อม,"Man, Society, Technology and Environment",,3,False
b2120ddf-4d06-489a-8d54-23e7ecb4de9f,30274689-46d6-4552-89eb-f99f418f3c5f,2565,3,1,641c86b1-ff08-4308-b5c7-7b10a6aee3fb,10300411,วิทยาศาสตร์เพื่อชีวิต,Science for Life,,3,False
edc03458-e7a6-473a-a39f-dd7d80c9a942,30274689-46d6-4552-89eb-f99f418f3c5f,2565,3,1,d9184a74-a718-47b7-8cfd-72793e0cd052,10700320,ภาษาอังกฤษเพื่อการศึกษาต่อและการประกอบอาชีพ,English for Further Study and Careers,,3,False
d99f0afb-88cd-4c1a-b04e-5a787d7e69a4,30274689-46d6-4552-89eb-f99f418f3c5f,2565,3,1,,,,,วิชาเอกเลือก วิชาที่ 1,3,True
d5f31249-56a0-4699-b5f6-3f2736d78d5f,30274689-46d6-4552-89eb-f99f418f3c5f,2565,3,1,,,,,วิชาเอกเลือก วิชาที่ 2,3,True
fee1286d-e485-4878-9172-4ab26fad76d9,30274689-46d6-4552-89eb-f99f418f3c5f,2565,3,1,,,,,วิชาเอกเลือก วิชาที่ 3,3,True
39ef9cce-2a9a-45b0-b907-fbf8c6f931fe,30274689-46d6-4552-89eb-f99f418f3c5f,2565,3,1,,,,,วิชาเอกเลือก วิชาที่ 4,3,True
24c5c712-922a-4f93-bd31-9396ea9edaf9,30274689-46d6-4552-89eb-f99f418f3c5f,2565,3,2,f4abaa34-1c6e-4aa0-98d9-56616882da8a,10200504,การเป็นผู้ประกอบการ,Entrepreneurship,,3,False
8fc68587-793a-4bf5-ac8e-115245b4731c,30274689-46d6-4552-89eb-f99f418f3c5f,2565,3,2,7c1a82df-6b74-4f0a-a3c1-2c7f76945d3f,10300410,ความฉลาดรู้ด้านวิทยาศาสตร์สำหรับโลกสมัยใหม่,Scientific Literacy for the Modern World,,3,False
bb15f3a8-e46c-46df-9315-77afd7c1efe2,30274689-46d6-4552-89eb-f99f418f3c5f,2565,3,2,c16db456-27ff-42bd-ab82-ee90c14e5ef0,10301491,สัมมนาวิชาการทางวิทยาการคอมพิวเตอร์,Seminar in Computer Science,,3,False
8d054d5c-6ffd-4cf3-93a8-f22f7f8f2084,30274689-46d6-4552-89eb-f99f418f3c5f,2565,3,2,,,,,วิชาเอกเลือก วิชาที่ 5,3,True
68e02213-9436-4c1b-be85-9d39ee000d5f,30274689-46d6-4552-89eb-f99f418f3c5f,2565,3,2,,,,,วิชาเอกเลือก วิชาที่ 6,3,True
02e106ec-1d37-401f-a352-74437eee40bd,30274689-46d6-4552-89eb-f99f418f3c5f,2565,3,2,,,,,วิชาเอกเลือก วิชาที่ 7,3,True
87492fdc-0640-491e-a7ed-d6c03c9827b4,30274689-46d6-4552-89eb-f99f418f3c5f,2565,4,1,3fd36aa3-1b21-4758-a370-da72cc43825e,10300497,สหกิจศึกษา,Cooperative Education,,0,False
945fdf88-92bb-4b41-8333-861069be39aa,30274689-46d6-4552-89eb-f99f418f3c5f,2565,4,1,27f09671-2e03-4adc-8071-d416e78923b2,10300498,การเรียนรู้อิสระ,Independent Study,,0,False
18796806-2a51-4f9a-9773-e077174bb123,30274689-46d6-4552-89eb-f99f418f3c5f,2565,4,2,,,,,วิชาเลือกเสรี วิชาที่ 1,3,True
9d3b3db3-f324-4817-b931-208520a0b0e2,30274689-46d6-4552-89eb-f99f418f3c5f,2565,4,2,,,,,วิชาเลือกเสรี วิชาที่ 2,3,True
4e913e4a-22a0-485f-b61e-2c475a1bf636,d7b54fbf-46cd-4982-984e-36ca370d884e,2570,1,1,e0419de1-8793-4e93-9772-5ab5b9b8b073,10301111-68,พื้นฐานการเขียนโปรแกรม,Fundamentals of Programming,,3,False
d74a0169-1f0f-4e96-bd97-3f6511b9eed1,d7b54fbf-46cd-4982-984e-36ca370d884e,2570,1,1,c98c7bc9-f241-48b3-bc30-3e511da35e72,10301112-68,เทคโนโลยีสารสนเทศและการสื่อสาร,Information and Communication Technology (ICT),,3,False
2728695f-96b0-4769-a640-0a43f798c413,d7b54fbf-46cd-4982-984e-36ca370d884e,2570,1,1,ce630069-89ef-40b5-959d-e9f7274b92a6,10301113-68,คณิตศาสตร์ดีสครีต,Discrete Mathematics,,3,False
35ba9c3f-2778-4081-8976-ba03c7c2a932,d7b54fbf-46cd-4982-984e-36ca370d884e,2570,1,1,7190bb1d-d2d3-42a0-823a-da83fb912313,10700104,ภาษาอังกฤษในชีวิตประจำวัน,English for Everyday Life,,3,False
0736def0-481c-4e52-bc45-2cec5d79a857,d7b54fbf-46cd-4982-984e-36ca370d884e,2570,1,1,,,,,หมวดวิชาศึกษาทั่วไป สมรรถนะด้านการทำงานและการเรียนรู้ตลอดชีวิต รายวิชาที่ 1,3,True
beee014d-f8d0-4264-9139-98d89dd2f421,d7b54fbf-46cd-4982-984e-36ca370d884e,2570,1,1,,,,,หมวดวิชาศึกษาทั่วไป สมรรถนะด้านภาษาและการสื่อสาร รายวิชาภาษาไทย,3,True
4e42be37-e1c4-42f2-b1ac-3c23054ef51f,d7b54fbf-46cd-4982-984e-36ca370d884e,2570,1,2,357abc19-ecc6-44c0-a45f-631c0ecae467,10301114-68,องค์ประกอบและสถาปัตยกรรมคอมพิวเตอร์,Computer Organization and Architecture,,3,False
67169d6d-f474-417f-ba8d-56a2db411df7,d7b54fbf-46cd-4982-984e-36ca370d884e,2570,1,2,c993387e-93dc-4c27-8d9a-e685b0f936cd,10301115,คณิตศาสตร์สำหรับวิทยาการคอมพิวเตอร์,Mathematics for Computer Science,,3,False
f7768860-73f7-489d-b5c0-721e98a92a0a,d7b54fbf-46cd-4982-984e-36ca370d884e,2570,1,2,010054f1-00f7-4e3d-ae4b-2ee1514b2d20,10301141-68,การพัฒนาเว็บแอปพลิเคชัน,Web Application Development,,3,False
80d48ec1-e7f4-44ee-a468-fcec91ef724e,d7b54fbf-46cd-4982-984e-36ca370d884e,2570,1,2,821e691f-c179-4752-8553-55e342c25d74,10301151,เครือข่ายคอมพิวเตอร์เบื้องต้น,Computer Networks,,3,False
cbfeb69a-602a-432f-b677-9041a3b71fba,d7b54fbf-46cd-4982-984e-36ca370d884e,2570,1,2,,,,,หมวดวิชาศึกษาทั่วไป สมรรถนะด้านภาษาและการสื่อสาร รายวิชาภาษาอังกฤษ รายวิชาที่ 2,3,True
0943dab2-cdd7-437e-a005-85a1d259c848,d7b54fbf-46cd-4982-984e-36ca370d884e,2570,1,2,,,,,หมวดวิชาศึกษาทั่วไป สมรรถนะด้านสังคมและความเป็นมนุษย์,3,True
64518cdb-032e-41ef-9637-0cdd67fad773,d7b54fbf-46cd-4982-984e-36ca370d884e,2570,2,1,0b155c98-1eca-4bc6-922d-5ea96fd45450,10301211-68,หลักการเขียนโปรแกรมเชิงวัตถุ,Principles of Object-Oriented Programming,,3,False
ae6e4fad-e5b3-4112-9bea-8da77f4eaa31,d7b54fbf-46cd-4982-984e-36ca370d884e,2570,2,1,2b86f8eb-a646-41ba-9ce0-f7fcdb8eaacd,10301221-68,โครงสร้างข้อมูลและอัลกอริทึม,Data Structures and Algorithms,,3,False
98e4c1e3-5846-4064-8191-b6da2b1bdff2,d7b54fbf-46cd-4982-984e-36ca370d884e,2570,2,1,aa612207-c005-487d-a7c6-2c313d859124,10301222-68,ระบบฐานข้อมูล,Database Systems,,3,False
abfe20ba-1803-4edb-9457-71cacc2d2706,d7b54fbf-46cd-4982-984e-36ca370d884e,2570,2,1,755650ca-e5ce-48cc-961c-b13aca2f9225,10301241,วิศวกรรมระบบฝั่งเซิร์ฟเวอร์,Server-Side System Engineering,,3,False
21777302-9c8d-4628-9fb8-d5639914fa2c,d7b54fbf-46cd-4982-984e-36ca370d884e,2570,2,1,,,,,หมวดวิชาศึกษาทั่วไป สมรรถนะด้านการคิดคำนวณ การใช้เหตุผล และการใช้เทคโนโลยี,3,True
07fc9a00-612c-483b-98af-0700b91709e9,d7b54fbf-46cd-4982-984e-36ca370d884e,2570,2,1,,,,,หมวดวิชาศึกษาทั่วไป สมรรถนะด้านภาษาและการสื่อสาร รายวิชาภาษาอังกฤษ รายวิชาที่ 3,3,True
7fe22931-d0d8-4e46-87ec-571aeb138094,d7b54fbf-46cd-4982-984e-36ca370d884e,2570,2,2,842501f6-8e29-4cc0-8e47-60a8f4b8c6e8,10301223-68,การวิเคราะห์และออกแบบเชิงวัตถุ,Object-Oriented Analysis and Design,,3,False
fb871eec-5742-49ff-b1ab-1f4c32b3ad47,d7b54fbf-46cd-4982-984e-36ca370d884e,2570,2,2,faff95a9-813d-4c3a-8b71-d48223697834,10301231-68,ปัญญาประดิษฐ์,Artificial Intelligence,,3,False
b5db00bb-91ee-4f1f-9e4b-f1164b227835,d7b54fbf-46cd-4982-984e-36ca370d884e,2570,2,2,eab08d85-4c29-4e01-9c45-10334bee9b4f,10301242,การพัฒนาซอฟต์แวร์บนอุปกรณ์เคลื่อนที่,Mobile Application Development,,3,False
2c793270-ff73-4cf4-95c3-0646ac9fc50e,d7b54fbf-46cd-4982-984e-36ca370d884e,2570,2,2,240c8b95-932a-4e8f-ab01-9bb23818445c,10301243,การพัฒนาและการปฏิบัติการ,DevOps & CICD,,3,False
57cc9c65-61e8-4b03-9a9d-6d4efdd0a189,d7b54fbf-46cd-4982-984e-36ca370d884e,2570,2,2,c4169c3a-41d7-4931-bea3-0ecb78d436a6,10355205,ความน่าจะเป็นและสถิติ,Probability and Statistics,,3,False
9130b517-2245-400d-a81b-3b2ec472ead7,d7b54fbf-46cd-4982-984e-36ca370d884e,2570,2,2,,,,,หมวดวิชาศึกษาทั่วไป สมรรถนะด้านการทำงานและการเรียนรู้ตลอดชีวิต รายวิชาที่ 2,3,True
9eadc74f-3bdf-4008-b4e4-73532165c4e7,d7b54fbf-46cd-4982-984e-36ca370d884e,2570,3,1,f7f80f94-0e79-4ee8-8419-a7354ee84793,10301311-68,ทักษะการเขียนโปรแกรมและการแก้ปัญหา,Programming and Problem-Solving Skills,,3,False
505b458b-120c-4f59-a067-08e405d9d247,d7b54fbf-46cd-4982-984e-36ca370d884e,2570,3,1,,,,,วิชาพื้นฐานวิชาชีพและวิชาชีพ วิชาที่ 1,3,True
4ca3b3e4-4e47-4072-bbb6-bc6618d84ed8,d7b54fbf-46cd-4982-984e-36ca370d884e,2570,3,1,,,,,วิชาพื้นฐานวิชาชีพและวิชาชีพ วิชาที่ 2,3,True
87e92a9a-528f-4106-a025-71e6926d6169,d7b54fbf-46cd-4982-984e-36ca370d884e,2570,3,1,,,,,วิชาพื้นฐานวิชาชีพและวิชาชีพ วิชาที่ 3,3,True
879a3f06-8315-42c1-b3aa-d13ab7f9b583,d7b54fbf-46cd-4982-984e-36ca370d884e,2570,3,1,,,,,วิชาเลือกเสรี วิชาที่ 1,3,True
bf46d9a9-68cc-48c4-91fc-35289110fa3d,d7b54fbf-46cd-4982-984e-36ca370d884e,2570,3,1,,,,,หมวดวิชาศึกษาทั่วไป สมรรถนะด้านการเป็นผู้ประกอบการ รายวิชาที่ 1,3,True
610c1786-2328-4432-b2a4-a6b857f4432a,d7b54fbf-46cd-4982-984e-36ca370d884e,2570,3,2,56069156-45c0-4d86-a9d1-edfa6dae0e27,10301330,วิศวกรรมและธรรมาภิบาลข้อมูล,Data Engineering and Governance,,3,False
9680b944-8a80-4917-a61b-654136b14828,d7b54fbf-46cd-4982-984e-36ca370d884e,2570,3,2,,,,,วิชาพื้นฐานวิชาชีพและวิชาชีพ วิชาที่ 4,3,True
c4143591-ca39-47de-b983-8f56f187b9ab,d7b54fbf-46cd-4982-984e-36ca370d884e,2570,3,2,,,,,วิชาพื้นฐานวิชาชีพและวิชาชีพ วิชาที่ 5,3,True
c479cd0e-0178-44fb-984f-2bed966a15c0,d7b54fbf-46cd-4982-984e-36ca370d884e,2570,3,2,,,,,วิชาพื้นฐานวิชาชีพและวิชาชีพ วิชาที่ 6,3,True
a9e74f0b-0722-4aa8-b584-8350fd784a35,d7b54fbf-46cd-4982-984e-36ca370d884e,2570,3,2,,,,,หมวดวิชาศึกษาทั่วไป สมรรถนะด้านการเป็นผู้ประกอบการ รายวิชาที่ 2,3,True
5cf14969-0d40-479c-926d-e2d53bbfdedf,d7b54fbf-46cd-4982-984e-36ca370d884e,2570,4,1,ec1df78f-1bae-4b3f-8ade-18193863006f,10301497,สหกิจศึกษา,Co-Operative Education,,6,False
809b6d5b-86a8-443a-a633-6cd8525411ed,d7b54fbf-46cd-4982-984e-36ca370d884e,2570,4,1,268ca592-7cce-4922-98e0-64657855616e,10301498,การเรียนรู้อิสระ,Independent Study,,6,False
74fbdf65-29cd-4af9-bbc9-12109290c64d,d7b54fbf-46cd-4982-984e-36ca370d884e,2570,4,1,c57fea4d-5043-45ba-b4cc-a022cc3598d6,10301499,การศึกษา หรือ ฝึกงาน หรือ ฝึกอบรมต่างประเทศ,"Overseas Study, Training or Internship",,6,False
1264efbc-e568-4e2c-a4e2-fc3cd2ba9897,d7b54fbf-46cd-4982-984e-36ca370d884e,2570,4,2,a218e1c3-58d3-48e2-ba98-bcabded91625,10301461,สัมมนาวิชาการทางวิทยาการคอมพิวเตอร์,Seminar for Computer Science,,3,False
ecd4a737-14d9-41c5-b00c-200719722af7,d7b54fbf-46cd-4982-984e-36ca370d884e,2570,4,2,,,,,วิชาพื้นฐานวิชาชีพและวิชาชีพ วิชาที่ 7,3,True
3c973fc6-485f-4777-b844-9482d33b22a1,d7b54fbf-46cd-4982-984e-36ca370d884e,2570,4,2,,,,,วิชาเลือกเสรี วิชาที่ 2,3,True
